{"doc_id": "3048", "type of study": "Therapy", "title": "", "abstract": "Antagonistic relationships between electron transport and P700 in chloroplasts and intact algae.\nThe effects of divalent salts and 3-(3,4-dichlorophenyl)-1,1-dimethylurea (DCMU) upon nicotinamide adenine dinucleotide phosphate (NADP) reduction and P700 in isolated chloroplasts are described and compared with the influence of DCMU on oxygen evolution and P700 in intact cells.\nMost experiments were carried out with a steady-state relaxation spectrometer.\nA kinetic mechanism for the estimation of P700 fluxes is proposed and experimentally tested.\nGood agreement between theory and experiment was found.\nConcurrent measurements of P700 and NADP reduction revealed two antagonisms: addition of divalent cations caused an increase in the yield of NADP reduction and a decrease in the yield of P700.\nConversely, in the presence of Mg2+ low concentrations of DCMU decreased the yield of NADP reduction and increased the yield of P700.\nAging of the chloroplasts at 30 degrees C exerted a similar effect.\nWith far-red actinic light, Mg2+ stimulated the yield of NADP reduction without affecting the flux.\nAlso, in the absence of Mg2+, DCMU inhibited both reactions although P700 required a higher herbicide concentration for fractional inhibition than NADP reduction.\nIn the presence of Mg2+, chloroplasts resembled intact algae in which a high rate of oxygen evolution was accompanied by little P700 turn-over.\nTitration with DCMU decreased the rate of photosynthesis and increased P700 flux.\nOn the whole, the data suggest that P700 relaxing in 20 msec is not directly involved in linear electron transport.\n", "Evidence Map": {"Enrollment": [{"term": "chloroplasts", "negation": "affirmed", "UMLS": {}, "start": 66, "end": 78}, {"term": "intact algae", "negation": "affirmed", "UMLS": {}, "start": 83, "end": 95}, {"term": "intact algae", "negation": "affirmed", "UMLS": {}, "start": 49, "end": 61}], "Comparison Results": [], "Study Arm 1 Results": [], "Study Arm 2 Results": [], "Hypothesis": []}, "Sentence-level breakdown": [{"Section": "TITLE", "Text": "Antagonistic relationships between electron transport and P700 in chloroplasts and intact algae .", "Evidence Elements": {"Participant": [{"term": "chloroplasts", "negation": "affirmed", "UMLS": {}, "start": 66, "end": 78}, {"term": "intact algae", "negation": "affirmed", "UMLS": {}, "start": 83, "end": 95}], "Intervention": [], "Outcome": [{"term": "Antagonistic relationships between electron transport and P700", "negation": "affirmed", "UMLS": {}, "start": 0, "end": 62}], "Observation": [], "Count": []}, "Evidence Propositions": []}, {"Section": "UNKNOWN", "Text": "The effects of divalent salts and 3- ( 3,4-dichlorophenyl ) -1,1-dimethylurea ( DCMU ) upon nicotinamide adenine dinucleotide phosphate ( NADP ) reduction and P700 in isolated chloroplasts are described and compared with the influence of DCMU on oxygen evolution and P700 in intact cells .", "Evidence Elements": {"Participant": [], "Intervention": [{"term": "divalent salts", "negation": "affirmed", "UMLS": {}, "start": 15, "end": 29, "has_chemical": [{"text": "divalent salts", "maps_to": "C0036140:salts", "start": 0, "end": 14}], "has_relation": "N/A"}, {"term": "3- ( 3,4-dichlorophenyl ) -1,1-dimethylurea ( DCMU )", "negation": "affirmed", "UMLS": {}, "start": 34, "end": 86, "has_chemical": [{"text": "dimethylurea", "maps_to": "C0066446:methylurea", "start": 6, "end": 18, "has_count": ["1", "3"]}], "has_relation": "N/A"}, {"term": "DCMU", "negation": "affirmed", "UMLS": {}, "start": 80, "end": 84, "has_relation": "N/A"}], "Outcome": [{"term": "nicotinamide adenine dinucleotide phosphate ( NADP ) reduction", "negation": "affirmed", "UMLS": {}, "start": 92, "end": 154}, {"term": "P700", "negation": "affirmed", "UMLS": {}, "start": 159, "end": 163}], "Observation": [], "Count": []}, "Evidence Propositions": []}, {"Section": "UNKNOWN", "Text": "Most experiments were carried out with a steady-state relaxation spectrometer .", "Evidence Elements": {"Participant": [], "Intervention": [], "Outcome": [], "Observation": [], "Count": []}, "Evidence Propositions": []}, {"Section": "UNKNOWN", "Text": "A kinetic mechanism for the estimation of P700 fluxes is proposed and experimentally tested .", "Evidence Elements": {"Participant": [], "Intervention": [], "Outcome": [{"term": "of P700 fluxes", "negation": "affirmed", "UMLS": {}, "start": 39, "end": 53}], "Observation": [], "Count": []}, "Evidence Propositions": []}, {"Section": "UNKNOWN", "Text": "Good agreement between theory and experiment was found .", "Evidence Elements": {"Participant": [], "Intervention": [{"term": "experiment", "negation": "affirmed", "UMLS": {}, "start": 34, "end": 44, "has_procedure": [{"text": "experiment", "maps_to": "C0681814:experiment", "start": 0, "end": 10}], "has_relation": "N/A"}], "Outcome": [{"term": "theory", "negation": "affirmed", "UMLS": {}, "start": 23, "end": 29}], "Observation": [{"term": "Good agreement", "negation": "affirmed", "UMLS": {}, "start": 0, "end": 14}], "Count": []}, "Evidence Propositions": [{"Intervention": {"term": "experiment", "has_procedure": [{"text": "experiment", "maps_to": "C0681814:experiment", "start": 0, "end": 10}], "has_relation": "N/A"}, "Observation": "Good agreement", "Outcome": "theory", "Count": ""}]}, {"Section": "UNKNOWN", "Text": "Concurrent measurements of P700 and NADP reduction revealed two antagonisms : addition of divalent cations caused an increase in the yield of NADP reduction and a decrease in the yield of P700 .", "Evidence Elements": {"Participant": [], "Intervention": [{"term": "addition of divalent cations", "negation": "affirmed", "UMLS": {}, "start": 78, "end": 106, "has_chemical": [{"text": "divalent cations", "maps_to": "C0007448:divalent cation", "start": 12, "end": 28}], "has_relation": "N/A"}], "Outcome": [{"term": "yield of NADP reduction", "negation": "affirmed", "UMLS": {}, "start": 133, "end": 156}, {"term": "yield of", "negation": "affirmed", "UMLS": {}, "start": 133, "end": 141}], "Observation": [{"term": "two antagonisms", "negation": "affirmed", "UMLS": {}, "start": 60, "end": 75}, {"term": "increase", "negation": "affirmed", "UMLS": {}, "start": 117, "end": 125}, {"term": "decrease", "negation": "affirmed", "UMLS": {}, "start": 163, "end": 171}], "Count": []}, "Evidence Propositions": [{"Intervention": {"term": "addition of divalent cations", "has_chemical": [{"text": "divalent cations", "maps_to": "C0007448:divalent cation", "start": 12, "end": 28}], "has_relation": "N/A"}, "Observation": "increase", "Outcome": "yield of NADP reduction", "Count": ""}, {"Intervention": {"term": "addition of divalent cations", "has_chemical": [{"text": "divalent cations", "maps_to": "C0007448:divalent cation", "start": 12, "end": 28}], "has_relation": "N/A"}, "Observation": "decrease", "Outcome": "yield of", "Count": ""}]}, {"Section": "UNKNOWN", "Text": "Conversely , in the presence of Mg2+ low concentrations of DCMU decreased the yield of NADP reduction and increased the yield of P700 .", "Evidence Elements": {"Participant": [], "Intervention": [{"term": "presence of Mg2+ low concentrations of DCMU", "negation": "affirmed", "UMLS": {}, "start": 20, "end": 63, "has_relation": "N/A"}], "Outcome": [{"term": "yield of NADP reduction", "negation": "affirmed", "UMLS": {}, "start": 78, "end": 101}, {"term": "yield of", "negation": "affirmed", "UMLS": {}, "start": 78, "end": 86}], "Observation": [{"term": "decreased", "negation": "affirmed", "UMLS": {}, "start": 64, "end": 73}, {"term": "increased", "negation": "affirmed", "UMLS": {}, "start": 106, "end": 115}], "Count": []}, "Evidence Propositions": []}, {"Section": "UNKNOWN", "Text": "Aging of the chloroplasts at 30 degrees C exerted a similar effect .", "Evidence Elements": {"Participant": [], "Intervention": [{"term": "Aging of", "negation": "affirmed", "UMLS": {}, "start": 0, "end": 8, "has_relation": "N/A"}, {"term": "chloroplasts", "negation": "affirmed", "UMLS": {}, "start": 13, "end": 25, "has_relation": "N/A"}], "Outcome": [{"term": "effect", "negation": "affirmed", "UMLS": {}, "start": 60, "end": 66}], "Observation": [{"term": "similar", "negation": "affirmed", "UMLS": {}, "start": 52, "end": 59}], "Count": []}, "Evidence Propositions": []}, {"Section": "UNKNOWN", "Text": "With far-red actinic light , Mg2+ stimulated the yield of NADP reduction without affecting the flux .", "Evidence Elements": {"Participant": [], "Intervention": [{"term": "far-red actinic light", "negation": "affirmed", "UMLS": {}, "start": 5, "end": 26, "has_relation": "N/A"}, {"term": "Mg2+", "negation": "affirmed", "UMLS": {}, "start": 29, "end": 33, "has_relation": "N/A"}], "Outcome": [{"term": "yield of NADP reduction", "negation": "affirmed", "UMLS": {}, "start": 49, "end": 72}], "Observation": [{"term": "stimulated", "negation": "affirmed", "UMLS": {}, "start": 34, "end": 44}, {"term": "affecting", "negation": "negated", "UMLS": {}, "start": 81, "end": 90}], "Count": []}, "Evidence Propositions": []}, {"Section": "UNKNOWN", "Text": "Also , in the absence of Mg2+ , DCMU inhibited both reactions although P700 required a higher herbicide concentration for fractional inhibition than NADP reduction .", "Evidence Elements": {"Participant": [], "Intervention": [{"term": "of Mg2+", "negation": "affirmed", "UMLS": {}, "start": 22, "end": 29, "has_relation": "N/A"}, {"term": "DCMU", "negation": "negated", "UMLS": {}, "start": 32, "end": 36, "has_relation": "N/A"}, {"term": "P700", "negation": "affirmed", "UMLS": {}, "start": 71, "end": 75, "has_relation": "N/A"}], "Outcome": [{"term": "both reactions", "negation": "negated", "UMLS": {}, "start": 47, "end": 61}, {"term": "herbicide concentration", "negation": "affirmed", "UMLS": {}, "start": 94, "end": 117}, {"term": "fractional inhibition", "negation": "affirmed", "UMLS": {}, "start": 122, "end": 143}], "Observation": [{"term": "inhibited", "negation": "negated", "UMLS": {}, "start": 37, "end": 46}, {"term": "higher", "negation": "affirmed", "UMLS": {}, "start": 87, "end": 93}], "Count": []}, "Evidence Propositions": []}, {"Section": "UNKNOWN", "Text": "In the presence of Mg2+ , chloroplasts resembled intact algae in which a high rate of oxygen evolution was accompanied by little P700 turn-over .", "Evidence Elements": {"Participant": [{"term": "intact algae", "negation": "affirmed", "UMLS": {}, "start": 49, "end": 61}], "Intervention": [{"term": "of Mg2+", "negation": "affirmed", "UMLS": {}, "start": 16, "end": 23, "has_relation": "N/A"}, {"term": "chloroplasts", "negation": "affirmed", "UMLS": {}, "start": 26, "end": 38, "has_relation": "N/A"}], "Outcome": [{"term": "rate of oxygen evolution", "negation": "affirmed", "UMLS": {}, "start": 78, "end": 102}, {"term": "P700", "negation": "affirmed", "UMLS": {}, "start": 129, "end": 133}], "Observation": [{"term": "high", "negation": "affirmed", "UMLS": {}, "start": 73, "end": 77}, {"term": "little", "negation": "affirmed", "UMLS": {}, "start": 122, "end": 128}], "Count": []}, "Evidence Propositions": []}, {"Section": "UNKNOWN", "Text": "Titration with DCMU decreased the rate of photosynthesis and increased P700 flux .", "Evidence Elements": {"Participant": [], "Intervention": [{"term": "Titration", "negation": "affirmed", "UMLS": {}, "start": 0, "end": 9, "has_procedure": [{"text": "titration", "maps_to": "C0162621:titration", "start": 0, "end": 9}], "has_relation": "N/A"}, {"term": "DCMU", "negation": "affirmed", "UMLS": {}, "start": 15, "end": 19, "has_relation": "N/A"}], "Outcome": [{"term": "rate of photosynthesis", "negation": "affirmed", "UMLS": {}, "start": 34, "end": 56}, {"term": "P700 flux", "negation": "affirmed", "UMLS": {}, "start": 71, "end": 80}], "Observation": [{"term": "decreased", "negation": "affirmed", "UMLS": {}, "start": 20, "end": 29}, {"term": "increased", "negation": "affirmed", "UMLS": {}, "start": 61, "end": 70}], "Count": []}, "Evidence Propositions": []}, {"Section": "UNKNOWN", "Text": "On the whole , the data suggest that P700 relaxing in 20 msec is not directly involved in linear electron transport .", "Evidence Elements": {"Participant": [], "Intervention": [], "Outcome": [{"term": "P700 relaxing", "negation": "affirmed", "UMLS": {}, "start": 37, "end": 50}, {"term": "linear electron", "negation": "negated", "UMLS": {}, "start": 90, "end": 105}], "Observation": [{"term": "msec", "negation": "affirmed", "UMLS": {}, "start": 57, "end": 61}], "Count": []}, "Evidence Propositions": []}]}