{"doc_id": "30501541", "type of study": "Therapy", "title": "", "abstract": "Social Cognitive Effects and Mediators of a Pilot Telephone Counseling Intervention to Increase Aerobic Exercise in Hematologic Cancer Survivors.\nTheory-based telephone counseling exercise (TCE) interventions can increase aerobic exercise behavior in cancer survivors.\nFew studies, however, assess intervention effects on social cognitive variables.\nHere, the authors examined changes in social cognitive variables from a TCE intervention based on the multi-process action control framework in hematologic cancer survivors.\nA total of 51 hematologic cancer survivors were randomized to weekly TCE (n\u2009=\u200926) or self-directed exercise (n\u2009=\u200925) for 12 weeks.\nParticipants self-reported on demographic and cancer variables, as well as motivational, regulatory, and reflexive ratings pertaining to aerobic exercise at baseline and post-intervention.\nSmall-to-large between-group differences in all variables favored the TCE group.\nThe most prominent effects were noted for differences in coping planning (adjusted mean between-group difference [MBGDadj]\u2009=\u20091.4, 95% confidence interval [CI],\u20090.7 to 2.2, d\u2009=\u20091.04), instrumental attitude (MBGDadj\u2009=\u20090.5, 95% CI,\u20090.1 to 1.0, d\u2009=\u20091.11), affective attitude (MBGDadj\u2009=\u20090.6, 95% CI,\u20090.1 to 1.2, d\u2009=\u20090.71), and perceived opportunity (MBGDadj\u2009=\u20090.4, 95% CI,\u2009-0.3 to 1.2, d\u2009=\u20090.50).\nChanges in coping planning (b\u2009=\u200924.98, \u03b2\u2009=\u20090.18, 95% CI,\u2009-0.03 to 0.56), perceived opportunity (b\u2009=\u200917.95, \u03b2\u2009=\u20090.13, 95% CI,\u20090.01 to 0.36), exercise identity (b\u2009=\u200917.43, \u03b2\u2009=\u20090.12, 95% CI,\u2009-0.05 to 0.41), and habit (b\u2009=\u200914.64, \u03b2\u2009=\u20090.10, 95% CI,\u2009-0.01 to 0.42) accounted for the largest mediating effects on aerobic exercise behavior.\nMulti-process action control framework-based TCE interventions may strengthen motivational, regulatory, and reflexive profiles that translate into increased aerobic exercise behavior in hematologic cancer survivors.\n", "Evidence Map": {"Enrollment": [{"term": "Hematologic Cancer", "negation": "affirmed", "UMLS": {}, "start": 116, "end": 134}, {"term": "Survivors", "negation": "affirmed", "UMLS": {}, "start": 135, "end": 144}, {"term": "hematologic cancer", "negation": "affirmed", "UMLS": {}, "start": 145, "end": 163}, {"term": "hematologic cancer survivors", "negation": "affirmed", "UMLS": {}, "start": 14, "end": 42}, {"term": "hematologic", "negation": "affirmed", "UMLS": {}, "start": 188, "end": 199}], "Comparison Results": [], "Study Arm 1 Results": [], "Study Arm 2 Results": [], "Hypothesis": []}, "Sentence-level breakdown": [{"Section": "TITLE", "Text": "Social Cognitive Effects and Mediators of a Pilot Telephone Counseling Intervention to Increase Aerobic Exercise in Hematologic Cancer Survivors .", "Evidence Elements": {"Participant": [{"term": "Hematologic Cancer", "negation": "affirmed", "UMLS": {}, "start": 116, "end": 134}, {"term": "Survivors", "negation": "affirmed", "UMLS": {}, "start": 135, "end": 144}], "Intervention": [], "Outcome": [{"term": "Social Cognitive Effects", "negation": "affirmed", "UMLS": {}, "start": 0, "end": 24}, {"term": "Mediators", "negation": "affirmed", "UMLS": {}, "start": 29, "end": 38}, {"term": "Aerobic Exercise", "negation": "affirmed", "UMLS": {}, "start": 96, "end": 112}], "Observation": [], "Count": []}, "Evidence Propositions": []}, {"Section": "BACKGROUND", "Text": "Theory-based telephone counseling exercise ( TCE ) interventions can increase aerobic exercise behavior in cancer survivors .", "Evidence Elements": {"Participant": [], "Intervention": [], "Outcome": [], "Observation": [], "Count": []}, "Evidence Propositions": []}, {"Section": "BACKGROUND", "Text": "Few studies , however , assess intervention effects on social cognitive variables .", "Evidence Elements": {"Participant": [], "Intervention": [], "Outcome": [], "Observation": [], "Count": []}, "Evidence Propositions": []}, {"Section": "BACKGROUND", "Text": "Here , the authors examined changes in social cognitive variables from a TCE intervention based on the multi-process action control framework in hematologic cancer survivors .", "Evidence Elements": {"Participant": [{"term": "hematologic cancer", "negation": "affirmed", "UMLS": {}, "start": 145, "end": 163}], "Intervention": [{"term": "TCE intervention", "negation": "affirmed", "UMLS": {}, "start": 73, "end": 89, "has_procedure": [{"text": "telephone counseling exercise intervention", "maps_to": "C1831738:exercise intervention", "start": 0, "end": 42}], "has_relation": "N/A"}], "Outcome": [{"term": "social cognitive variables", "negation": "affirmed", "UMLS": {}, "start": 39, "end": 65}], "Observation": [{"term": "changes", "negation": "affirmed", "UMLS": {}, "start": 28, "end": 35}], "Count": []}, "Evidence Propositions": [{"Intervention": {"term": "TCE intervention", "has_procedure": [{"text": "telephone counseling exercise intervention", "maps_to": "C1831738:exercise intervention", "start": 0, "end": 42}], "has_relation": "N/A"}, "Observation": "changes", "Outcome": "social cognitive variables", "Count": ""}]}, {"Section": "METHODS", "Text": "A total of 51 hematologic cancer survivors were randomized to weekly TCE ( n = 26 ) or self-directed exercise ( n = 25 ) for 12 weeks .", "Evidence Elements": {"Participant": [{"term": "hematologic cancer survivors", "negation": "affirmed", "UMLS": {}, "start": 14, "end": 42}], "Intervention": [{"term": "weekly TCE", "negation": "affirmed", "UMLS": {}, "start": 62, "end": 72, "has_procedure": [{"text": "telephone counseling exercise", "maps_to": "C0418878:counseling exercise", "start": 7, "end": 36, "has_frequency": ["weekly"]}], "has_relation": "N/A"}, {"term": "self-directed exercise", "negation": "affirmed", "UMLS": {}, "start": 87, "end": 109, "has_procedure": [{"text": "exercise", "maps_to": "C0452240:exercises", "start": 14, "end": 22}], "has_relation": "N/A"}], "Outcome": [], "Observation": [], "Count": []}, "Evidence Propositions": []}, {"Section": "METHODS", "Text": "Participants self-reported on demographic and cancer variables , as well as motivational , regulatory , and reflexive ratings pertaining to aerobic exercise at baseline and post-intervention .", "Evidence Elements": {"Participant": [], "Intervention": [], "Outcome": [{"term": "demographic and cancer variables", "negation": "affirmed", "UMLS": {}, "start": 30, "end": 62}, {"term": "motivational , regulatory , and reflexive ratings pertaining to aerobic exercise", "negation": "affirmed", "UMLS": {}, "start": 76, "end": 156}], "Observation": [], "Count": []}, "Evidence Propositions": []}, {"Section": "RESULTS", "Text": "Small-to-large between-group differences in all variables favored the TCE group .", "Evidence Elements": {"Participant": [], "Intervention": [{"term": "TCE", "negation": "affirmed", "UMLS": {}, "start": 70, "end": 73, "has_procedure": [{"text": "telephone counseling exercise", "maps_to": "C0418878:counseling exercise", "start": 0, "end": 29}], "has_relation": "N/A"}], "Outcome": [{"term": "between-group differences in all variables", "negation": "affirmed", "UMLS": {}, "start": 15, "end": 57}], "Observation": [{"term": "Small-to-large", "negation": "affirmed", "UMLS": {}, "start": 0, "end": 14}, {"term": "favored", "negation": "affirmed", "UMLS": {}, "start": 58, "end": 65}], "Count": []}, "Evidence Propositions": []}, {"Section": "RESULTS", "Text": "The most prominent effects were noted for differences in coping planning ( adjusted mean between-group difference [ MBGDadj ] = 1.4 , 95 % confidence interval [ CI ] , 0.7 to 2.2 , d = 1.04 ) , instrumental attitude ( MBGDadj = 0.5 , 95 % CI , 0.1 to 1.0 , d = 1.11 ) , affective attitude ( MBGDadj = 0.6 , 95 % CI , 0.1 to 1.2 , d = 0.71 ) , and perceived opportunity ( MBGDadj = 0.4 , 95 % CI , -0.3 to 1.2 , d = 0.50 ) .", "Evidence Elements": {"Participant": [], "Intervention": [], "Outcome": [{"term": "differences in coping planning", "negation": "affirmed", "UMLS": {}, "start": 42, "end": 72}, {"term": "instrumental attitude", "negation": "affirmed", "UMLS": {}, "start": 194, "end": 215}, {"term": "MBGDadj", "negation": "affirmed", "UMLS": {}, "start": 116, "end": 123}, {"term": "affective attitude", "negation": "affirmed", "UMLS": {}, "start": 270, "end": 288}, {"term": "MBGDadj", "negation": "affirmed", "UMLS": {}, "start": 116, "end": 123}], "Observation": [{"term": "most prominent effects", "negation": "affirmed", "UMLS": {}, "start": 4, "end": 26}], "Count": []}, "Evidence Propositions": [{"Intervention": [], "Observation": "most prominent effects", "Outcome": "differences in coping planning", "Count": ""}]}, {"Section": "RESULTS", "Text": "Changes in coping planning ( b = 24.98 , \u03b2 = 0.18 , 95 % CI , -0.03 to 0.56 ) , perceived opportunity ( b = 17.95 , \u03b2 = 0.13 , 95 % CI , 0.01 to 0.36 ) , exercise identity ( b = 17.43 , \u03b2 = 0.12 , 95 % CI , -0.05 to 0.41 ) , and habit ( b = 14.64 , \u03b2 = 0.10 , 95 % CI , -0.01 to 0.42 ) accounted for the largest mediating effects on aerobic exercise behavior .", "Evidence Elements": {"Participant": [], "Intervention": [], "Outcome": [{"term": "coping planning", "negation": "affirmed", "UMLS": {}, "start": 11, "end": 26}, {"term": "perceived opportunity", "negation": "affirmed", "UMLS": {}, "start": 80, "end": 101}, {"term": "exercise identity", "negation": "affirmed", "UMLS": {}, "start": 154, "end": 171}, {"term": "habit", "negation": "affirmed", "UMLS": {}, "start": 229, "end": 234}], "Observation": [{"term": "Changes", "negation": "affirmed", "UMLS": {}, "start": 0, "end": 7}], "Count": []}, "Evidence Propositions": []}, {"Section": "CONCLUSIONS", "Text": "Multi-process action control framework-based TCE interventions may strengthen motivational , regulatory , and reflexive profiles that translate into increased aerobic exercise behavior in hematologic cancer survivors .", "Evidence Elements": {"Participant": [{"term": "hematologic", "negation": "affirmed", "UMLS": {}, "start": 188, "end": 199}], "Intervention": [{"term": "Multi-process action control framework-based TCE interventions", "negation": "affirmed", "UMLS": {}, "start": 0, "end": 62, "has_procedure": [{"text": "telephone counseling exercise interventions", "maps_to": "C1831738:exercise intervention", "start": 45, "end": 88}], "has_relation": "N/A"}], "Outcome": [{"term": "motivational , regulatory , and reflexive profiles", "negation": "affirmed", "UMLS": {}, "start": 78, "end": 128}, {"term": "aerobic exercise behavior", "negation": "affirmed", "UMLS": {}, "start": 159, "end": 184}], "Observation": [{"term": "strengthen", "negation": "affirmed", "UMLS": {}, "start": 67, "end": 77}, {"term": "increased", "negation": "affirmed", "UMLS": {}, "start": 149, "end": 158}], "Count": []}, "Evidence Propositions": []}]}