{"doc_id": "30789856", "type of study": "Therapy", "title": "", "abstract": "Ilaprazole Compared With Rabeprazole in the Treatment of Duodenal Ulcer: A Randomized, Double-blind, Active-controlled, Multicenter Study.\nThe main goal of this study was to explore the dose-effect relationship of ilaprazole.\nIlaprazole is a kind of benzimidazole proton-pump inhibitor, which was confirmed efficacious and safe in treatment of duodenal ulcer (DU).\nHowever, the dose-effect relationship of ilaprazole was not clear.\nThis was a double-blind, parallel, randomized study.\nPatients aged above 18 years with at least one endoscopically confirmed active nonmalignant DU were treated with rabeprazole 10\u2009mg or ilaprazole 10\u2009mg/5\u2009mg for 4 weeks.\nHealing of ulcer was determined by its resolution from active to scarring stage.\nSymptoms relief was evaluated using a graded score.\nSafety and tolerability were evaluated on basis of clinical assessments.\nA total of 390 patients completed the study finally.\nUlcers were successfully healed in 75.38%, 77.86%, and 83.72% of patients after 4-week treatment with rabeprazole 10\u2009mg, ilaprazole 5\u2009mg, and ilaprazole 10\u2009mg, respectively.\nThe 4-week healing rate difference between rabeprazole 10\u2009mg and ilaprazole 5\u2009mg was 2.48% (95% confidence interval: -7.79% to 12.74%) leading to accept the noninferiority hypothesis.\nLogistic regression model suggested that ilaprazole 10\u2009mg was superior to ilaprazole 5\u2009mg at week 2 (odds ratio, 1.92; 95% confidence interval: 1.02, 3.59; P=0.04).\nMost patients (80%) became asymptomatic after treatment.\nAt the dosages administered, the 3 drug groups exhibited similar efficacy and a similar safety profile.\nIlaprazole 5\u2009mg is not inferior to rabeprazole 10\u2009mg in treating DU, and a dose-effect relationship have been revealed between 5\u2009mg and 10\u2009mg of ilaprazole.\n", "Evidence Map": {"Enrollment": [{"term": "Duodenal Ulcer", "negation": "affirmed", "UMLS": {}, "start": 57, "end": 71}, {"term": "endoscopically confirmed active nonmalignant DU", "negation": "affirmed", "UMLS": {}, "start": 47, "end": 94}, {"term": "DU", "negation": "negated", "UMLS": {}, "start": 65, "end": 67}], "Comparison Results": [], "Study Arm 1 Results": [], "Study Arm 2 Results": [], "Hypothesis": []}, "Sentence-level breakdown": [{"Section": "TITLE", "Text": "Ilaprazole Compared With Rabeprazole in the Treatment of Duodenal Ulcer : A Randomized , Double-blind , Active-controlled , Multicenter Study .", "Evidence Elements": {"Participant": [{"term": "Duodenal Ulcer", "negation": "affirmed", "UMLS": {}, "start": 57, "end": 71}], "Intervention": [{"term": "Ilaprazole", "negation": "affirmed", "UMLS": {}, "start": 0, "end": 10, "has_chemical": [{"text": "ilaprazole", "maps_to": "C1881129:ilaprazole", "start": 0, "end": 10}], "has_relation": "N/A"}, {"term": "Rabeprazole", "negation": "affirmed", "UMLS": {}, "start": 25, "end": 36, "has_chemical": [{"text": "rabeprazole", "maps_to": "C0378482:rabeprazole", "start": 0, "end": 11}], "has_relation": "N/A"}], "Outcome": [], "Observation": [], "Count": []}, "Evidence Propositions": []}, {"Section": "GOALS", "Text": "The main goal of this study was to explore the dose-effect relationship of ilaprazole .", "Evidence Elements": {"Participant": [], "Intervention": [{"term": "ilaprazole", "negation": "affirmed", "UMLS": {}, "start": 75, "end": 85, "has_chemical": [{"text": "ilaprazole", "maps_to": "C1881129:ilaprazole", "start": 0, "end": 10}], "has_relation": "N/A"}], "Outcome": [{"term": "dose-effect relationship", "negation": "affirmed", "UMLS": {}, "start": 47, "end": 71}], "Observation": [], "Count": []}, "Evidence Propositions": []}, {"Section": "BACKGROUND", "Text": "Ilaprazole is a kind of benzimidazole proton-pump inhibitor , which was confirmed efficacious and safe in treatment of duodenal ulcer ( DU ) .", "Evidence Elements": {"Participant": [], "Intervention": [], "Outcome": [], "Observation": [], "Count": []}, "Evidence Propositions": []}, {"Section": "BACKGROUND", "Text": "However , the dose-effect relationship of ilaprazole was not clear .", "Evidence Elements": {"Participant": [], "Intervention": [{"term": "ilaprazole", "negation": "affirmed", "UMLS": {}, "start": 42, "end": 52, "has_chemical": [{"text": "ilaprazole", "maps_to": "C1881129:ilaprazole", "start": 0, "end": 10}], "has_relation": "N/A"}], "Outcome": [{"term": "dose-effect relationship", "negation": "affirmed", "UMLS": {}, "start": 14, "end": 38}], "Observation": [], "Count": []}, "Evidence Propositions": []}, {"Section": "STUDY", "Text": "This was a double-blind , parallel , randomized study .", "Evidence Elements": {"Participant": [], "Intervention": [], "Outcome": [], "Observation": [], "Count": []}, "Evidence Propositions": []}, {"Section": "STUDY", "Text": "Patients aged above 18 years with at least one endoscopically confirmed active nonmalignant DU were treated with rabeprazole 10 mg or ilaprazole 10 mg / 5 mg for 4 weeks .", "Evidence Elements": {"Participant": [{"term": "endoscopically confirmed active nonmalignant DU", "negation": "affirmed", "UMLS": {}, "start": 47, "end": 94}], "Intervention": [{"term": "rabeprazole", "negation": "affirmed", "UMLS": {}, "start": 113, "end": 124, "has_chemical": [{"text": "rabeprazole", "maps_to": "C0378482:rabeprazole", "start": 0, "end": 11}], "has_relation": "N/A"}, {"term": "ilaprazole", "negation": "affirmed", "UMLS": {}, "start": 134, "end": 144, "has_chemical": [{"text": "ilaprazole", "maps_to": "C1881129:ilaprazole", "start": 0, "end": 10}], "has_relation": "N/A"}], "Outcome": [], "Observation": [], "Count": []}, "Evidence Propositions": []}, {"Section": "STUDY", "Text": "Healing of ulcer was determined by its resolution from active to scarring stage .", "Evidence Elements": {"Participant": [], "Intervention": [], "Outcome": [{"term": "Healing of ulcer", "negation": "affirmed", "UMLS": {}, "start": 0, "end": 16}], "Observation": [], "Count": []}, "Evidence Propositions": []}, {"Section": "STUDY", "Text": "Symptoms relief was evaluated using a graded score .", "Evidence Elements": {"Participant": [], "Intervention": [], "Outcome": [{"term": "Symptoms relief", "negation": "affirmed", "UMLS": {}, "start": 0, "end": 15}], "Observation": [], "Count": []}, "Evidence Propositions": []}, {"Section": "STUDY", "Text": "Safety and tolerability were evaluated on basis of clinical assessments .", "Evidence Elements": {"Participant": [], "Intervention": [], "Outcome": [{"term": "Safety", "negation": "affirmed", "UMLS": {}, "start": 0, "end": 6}, {"term": "tolerability", "negation": "affirmed", "UMLS": {}, "start": 11, "end": 23}], "Observation": [], "Count": []}, "Evidence Propositions": []}, {"Section": "RESULTS", "Text": "A total of 390 patients completed the study finally .", "Evidence Elements": {"Participant": [], "Intervention": [], "Outcome": [], "Observation": [], "Count": []}, "Evidence Propositions": []}, {"Section": "RESULTS", "Text": "Ulcers were successfully healed in 75.38 % , 77.86 % , and 83.72 % of patients after 4-week treatment with rabeprazole 10 mg , ilaprazole 5 mg , and ilaprazole 10 mg , respectively .", "Evidence Elements": {"Participant": [], "Intervention": [{"term": "rabeprazole 10 mg", "negation": "affirmed", "UMLS": {}, "start": 107, "end": 124, "has_chemical": [{"text": "rabeprazole", "maps_to": "C0378482:rabeprazole", "start": 0, "end": 11, "has_strength": ["10 mg"]}], "has_relation": "N/A"}, {"term": "ilaprazole 5", "negation": "affirmed", "UMLS": {}, "start": 127, "end": 139, "has_chemical": [{"text": "ilaprazole", "maps_to": "C1881129:ilaprazole", "start": 0, "end": 10}], "has_relation": "N/A"}], "Outcome": [{"term": "Ulcers", "negation": "affirmed", "UMLS": {}, "start": 0, "end": 6}, {"term": "successfully healed", "negation": "affirmed", "UMLS": {}, "start": 12, "end": 31}], "Observation": [], "Count": [{"term": "75.38 %", "negation": "affirmed", "UMLS": {}, "start": 35, "end": 42}, {"term": "77.86 %", "negation": "affirmed", "UMLS": {}, "start": 45, "end": 52}, {"term": "83.72 % of patients", "negation": "affirmed", "UMLS": {}, "start": 59, "end": 78}]}, "Evidence Propositions": [{"Intervention": {"term": "rabeprazole 10 mg", "has_chemical": [{"text": "rabeprazole", "maps_to": "C0378482:rabeprazole", "start": 0, "end": 11, "has_strength": ["10 mg"]}], "has_relation": "N/A"}, "Observation": "", "Count": "83.72 % of patients", "Outcome": "successfully healed"}]}, {"Section": "RESULTS", "Text": "The 4-week healing rate difference between rabeprazole 10 mg and ilaprazole 5 mg was 2.48 % ( 95 % confidence interval : -7.79 % to 12.74 % ) leading to accept the noninferiority hypothesis .", "Evidence Elements": {"Participant": [], "Intervention": [{"term": "rabeprazole 10 mg", "negation": "affirmed", "UMLS": {}, "start": 43, "end": 60, "has_chemical": [{"text": "rabeprazole", "maps_to": "C0378482:rabeprazole", "start": 0, "end": 11, "has_strength": ["10 mg"]}], "has_relation": "N/A"}, {"term": "ilaprazole 5 mg", "negation": "affirmed", "UMLS": {}, "start": 65, "end": 80, "has_chemical": [{"text": "ilaprazole", "maps_to": "C1881129:ilaprazole", "start": 0, "end": 10, "has_strength": ["5 mg"]}], "has_relation": "N/A"}], "Outcome": [{"term": "4-week healing rate difference", "negation": "affirmed", "UMLS": {}, "start": 4, "end": 34}], "Observation": [{"term": "2.48 %", "negation": "affirmed", "UMLS": {}, "start": 85, "end": 91}], "Count": []}, "Evidence Propositions": [{"Intervention": {"term": "rabeprazole 10 mg", "has_chemical": [{"text": "rabeprazole", "maps_to": "C0378482:rabeprazole", "start": 0, "end": 11, "has_strength": ["10 mg"]}], "has_relation": "N/A"}, "Observation": "2.48 %", "Outcome": "4-week healing rate difference", "Count": ""}, {"Intervention": {"term": "ilaprazole 5 mg", "has_chemical": [{"text": "ilaprazole", "maps_to": "C1881129:ilaprazole", "start": 0, "end": 10, "has_strength": ["5 mg"]}], "has_relation": "N/A"}, "Observation": "2.48 %", "Outcome": "4-week healing rate difference", "Count": ""}]}, {"Section": "RESULTS", "Text": "Logistic regression model suggested that ilaprazole 10 mg was superior to ilaprazole 5 mg at week 2 ( odds ratio , 1.92 ; 95 % confidence interval : 1.02 , 3.59 ; P = 0.04 ) .", "Evidence Elements": {"Participant": [], "Intervention": [{"term": "ilaprazole 10 mg", "negation": "affirmed", "UMLS": {}, "start": 41, "end": 57, "has_chemical": [{"text": "ilaprazole", "maps_to": "C1881129:ilaprazole", "start": 0, "end": 10, "has_strength": ["10 mg"]}], "has_relation": "N/A"}, {"term": "ilaprazole 5 mg", "negation": "affirmed", "UMLS": {}, "start": 74, "end": 89, "has_chemical": [{"text": "ilaprazole", "maps_to": "C1881129:ilaprazole", "start": 0, "end": 10, "has_strength": ["5 mg"]}], "has_relation": "N/A"}], "Outcome": [], "Observation": [{"term": "superior", "negation": "affirmed", "UMLS": {}, "start": 62, "end": 70}], "Count": []}, "Evidence Propositions": []}, {"Section": "RESULTS", "Text": "Most patients ( 80 % ) became asymptomatic after treatment .", "Evidence Elements": {"Participant": [], "Intervention": [], "Outcome": [], "Observation": [], "Count": [{"term": "patients ( 80 % )", "negation": "affirmed", "UMLS": {}, "start": 5, "end": 22}]}, "Evidence Propositions": []}, {"Section": "RESULTS", "Text": "At the dosages administered , the 3 drug groups exhibited similar efficacy and a similar safety profile .", "Evidence Elements": {"Participant": [], "Intervention": [{"term": "3 drug groups", "negation": "affirmed", "UMLS": {}, "start": 34, "end": 47, "has_chemical": [{"text": "drug", "maps_to": "C0013227:drug", "start": 2, "end": 6, "has_count": ["3"]}], "has_relation": "N/A"}], "Outcome": [{"term": "efficacy", "negation": "affirmed", "UMLS": {}, "start": 66, "end": 74}, {"term": "safety", "negation": "affirmed", "UMLS": {}, "start": 89, "end": 95}], "Observation": [{"term": "similar", "negation": "affirmed", "UMLS": {}, "start": 58, "end": 65}, {"term": "similar", "negation": "affirmed", "UMLS": {}, "start": 58, "end": 65}], "Count": []}, "Evidence Propositions": []}, {"Section": "CONCLUSIONS", "Text": "Ilaprazole 5 mg is not inferior to rabeprazole 10 mg in treating DU , and a dose-effect relationship have been revealed between 5 mg and 10 mg of ilaprazole .", "Evidence Elements": {"Participant": [{"term": "DU", "negation": "negated", "UMLS": {}, "start": 65, "end": 67}], "Intervention": [{"term": "Ilaprazole 5 mg", "negation": "affirmed", "UMLS": {}, "start": 0, "end": 15, "has_chemical": [{"text": "ilaprazole", "maps_to": "C1881129:ilaprazole", "start": 0, "end": 10, "has_strength": ["5 mg"]}], "has_relation": "N/A"}, {"term": "rabeprazole 10 mg", "negation": "negated", "UMLS": {}, "start": 35, "end": 52, "has_chemical": [{"text": "rabeprazole", "maps_to": "C0378482:rabeprazole", "start": 0, "end": 11, "has_strength": ["10 mg"]}], "has_relation": "N/A"}, {"term": "5 mg and 10 mg of", "negation": "negated", "UMLS": {}, "start": 128, "end": 145, "has_relation": "N/A"}], "Outcome": [], "Observation": [{"term": "inferior", "negation": "negated", "UMLS": {}, "start": 23, "end": 31}, {"term": "dose-effect relationship", "negation": "negated", "UMLS": {}, "start": 76, "end": 100}], "Count": []}, "Evidence Propositions": []}]}