{"doc_id": "32223776", "type of study": "Therapy", "title": "", "abstract": "A Randomized Trial of Instructor-Led Training Versus Video Lesson in Training Health Care Providers in Proper Donning and Doffing of Personal Protective Equipment.\nThis study compared live instructor-led training with video-based instruction in personal protective equipment (PPE) donning and doffing.\nIt assessed the difference in performance between (1) attending 1 instructor-led training session in donning and doffing PPE at 1 month prior to assessment, and (2) watching training videos for 1 month.\nThis randomized controlled trial pilot study divided 21 medical students and junior doctors into 2 groups.\nControl group participants attended 1 instructor-led training session.\nVideo group participants watched training videos demonstrating the same procedures, which they could freely watch again at home.\nAfter 1 month, a doctor performed a blind evaluation of performance using checklists.\nNineteen participants were assessed after 1 month.\nThe mean donning score was 84.8/100 for the instructor-led group and 88/100 for the video group; mean effect size was 3.2 (95% CI: -7.5 to 9.5).\nThe mean doffing score was 79.1/100 for the instructor-led group and 73.9/100 for the video group; mean effect size was 5.2 (95% CI: -7.6 to 18).\nOur study found no significant difference in donning and doffing scores between instructor-led and video lessons.\nVideo training could be a fast and resource-efficient method of training in PPE donning and doffing in responding to the COVID-19 pandemic.\n", "Evidence Map": {"Enrollment": [{"term": "Health Care Providers", "negation": "affirmed", "UMLS": {}, "start": 78, "end": 99}, {"term": "medical students", "negation": "affirmed", "UMLS": {}, "start": 56, "end": 72}, {"term": "junior doctors", "negation": "affirmed", "UMLS": {}, "start": 77, "end": 91}], "Comparison Results": [], "Study Arm 1 Results": [], "Study Arm 2 Results": [], "Hypothesis": []}, "Sentence-level breakdown": [{"Section": "TITLE", "Text": "A Randomized Trial of Instructor-Led Training Versus Video Lesson in Training Health Care Providers in Proper Donning and Doffing of Personal Protective Equipment .", "Evidence Elements": {"Participant": [{"term": "Health Care Providers", "negation": "affirmed", "UMLS": {}, "start": 78, "end": 99}], "Intervention": [{"term": "Instructor-Led Training Versus Video Lesson", "negation": "affirmed", "UMLS": {}, "start": 22, "end": 65, "has_procedure": [{"text": "training", "maps_to": "C0220931:training", "start": 15, "end": 23}], "has_relation": "N/A"}, {"term": "Proper Donning", "negation": "affirmed", "UMLS": {}, "start": 103, "end": 117, "has_relation": "N/A"}, {"term": "of Personal Protective Equipment", "negation": "affirmed", "UMLS": {}, "start": 130, "end": 162, "has_relation": "N/A"}], "Outcome": [], "Observation": [], "Count": []}, "Evidence Propositions": []}, {"Section": "OBJECTIVE", "Text": "This study compared live instructor-led training with video-based instruction in personal protective equipment ( PPE ) donning and doffing .", "Evidence Elements": {"Participant": [], "Intervention": [{"term": "live instructor-led training", "negation": "affirmed", "UMLS": {}, "start": 20, "end": 48, "has_procedure": [{"text": "training", "maps_to": "C0220931:training", "start": 20, "end": 28}], "has_relation": "N/A"}, {"term": "video-based instruction", "negation": "affirmed", "UMLS": {}, "start": 54, "end": 77, "has_procedure": [{"text": "instruction", "maps_to": "C0039401:instruction", "start": 12, "end": 23}], "has_relation": "N/A"}], "Outcome": [{"term": "personal protective equipment ( PPE ) donning", "negation": "affirmed", "UMLS": {}, "start": 81, "end": 126}], "Observation": [], "Count": []}, "Evidence Propositions": []}, {"Section": "OBJECTIVE", "Text": "It assessed the difference in performance between ( 1 ) attending 1 instructor-led training session in donning and doffing PPE at 1 month prior to assessment , and ( 2 ) watching training videos for 1 month .", "Evidence Elements": {"Participant": [], "Intervention": [{"term": "instructor-led training session in donning and doffing PPE", "negation": "affirmed", "UMLS": {}, "start": 68, "end": 126, "has_procedure": [{"text": "training", "maps_to": "C0220931:training", "start": 15, "end": 23}], "has_relation": "N/A"}], "Outcome": [{"term": "difference", "negation": "affirmed", "UMLS": {}, "start": 16, "end": 26}, {"term": "performance", "negation": "affirmed", "UMLS": {}, "start": 30, "end": 41}], "Observation": [], "Count": []}, "Evidence Propositions": []}, {"Section": "METHODS", "Text": "This randomized controlled trial pilot study divided 21 medical students and junior doctors into 2 groups .", "Evidence Elements": {"Participant": [{"term": "medical students", "negation": "affirmed", "UMLS": {}, "start": 56, "end": 72}, {"term": "junior doctors", "negation": "affirmed", "UMLS": {}, "start": 77, "end": 91}], "Intervention": [], "Outcome": [], "Observation": [], "Count": []}, "Evidence Propositions": []}, {"Section": "METHODS", "Text": "Control group participants attended 1 instructor-led training session .", "Evidence Elements": {"Participant": [], "Intervention": [{"term": "Control", "negation": "affirmed", "UMLS": {}, "start": 0, "end": 7, "has_relation": "N/A"}, {"term": "instructor-led training session", "negation": "affirmed", "UMLS": {}, "start": 38, "end": 69, "has_procedure": [{"text": "training", "maps_to": "C0220931:training", "start": 15, "end": 23}], "has_relation": "N/A"}], "Outcome": [], "Observation": [], "Count": []}, "Evidence Propositions": []}, {"Section": "METHODS", "Text": "Video group participants watched training videos demonstrating the same procedures , which they could freely watch again at home .", "Evidence Elements": {"Participant": [], "Intervention": [{"term": "Video", "negation": "affirmed", "UMLS": {}, "start": 0, "end": 5, "has_relation": "N/A"}, {"term": "training videos", "negation": "affirmed", "UMLS": {}, "start": 33, "end": 48, "has_procedure": [{"text": "training", "maps_to": "C0220931:training", "start": 0, "end": 8}], "has_relation": "N/A"}, {"term": "procedures", "negation": "affirmed", "UMLS": {}, "start": 72, "end": 82, "has_activity": [{"text": "procedures", "maps_to": "C1546467:procedure", "start": 0, "end": 10}], "has_relation": "N/A"}], "Outcome": [], "Observation": [], "Count": []}, "Evidence Propositions": []}, {"Section": "METHODS", "Text": "After 1 month , a doctor performed a blind evaluation of performance using checklists .", "Evidence Elements": {"Participant": [], "Intervention": [], "Outcome": [{"term": "performance", "negation": "affirmed", "UMLS": {}, "start": 57, "end": 68}], "Observation": [], "Count": []}, "Evidence Propositions": []}, {"Section": "RESULTS", "Text": "Nineteen participants were assessed after 1 month .", "Evidence Elements": {"Participant": [], "Intervention": [], "Outcome": [], "Observation": [], "Count": []}, "Evidence Propositions": []}, {"Section": "RESULTS", "Text": "The mean donning score was 84.8 / 100 for the instructor-led group and 88 / 100 for the video group ; mean effect size was 3.2 ( 95 % CI : -7.5 to 9.5 ) .", "Evidence Elements": {"Participant": [], "Intervention": [{"term": "instructor-led", "negation": "affirmed", "UMLS": {}, "start": 46, "end": 60, "has_relation": "N/A"}, {"term": "video", "negation": "affirmed", "UMLS": {}, "start": 88, "end": 93, "has_relation": "N/A"}], "Outcome": [{"term": "mean donning score", "negation": "affirmed", "UMLS": {}, "start": 4, "end": 22}, {"term": "mean effect size", "negation": "affirmed", "UMLS": {}, "start": 102, "end": 118}], "Observation": [{"term": "84.8", "negation": "affirmed", "UMLS": {}, "start": 27, "end": 31}, {"term": "100", "negation": "affirmed", "UMLS": {}, "start": 34, "end": 37}, {"term": "100", "negation": "affirmed", "UMLS": {}, "start": 34, "end": 37}, {"term": "3.2", "negation": "affirmed", "UMLS": {}, "start": 123, "end": 126}], "Count": []}, "Evidence Propositions": [{"Intervention": {"term": "instructor-led", "has_relation": "N/A"}, "Observation": "84.8", "Outcome": "mean donning score", "Count": ""}, {"Intervention": {"term": "instructor-led", "has_relation": "N/A"}, "Observation": "100", "Outcome": "mean donning score", "Count": ""}, {"Intervention": {"term": "video", "has_relation": "N/A"}, "Observation": "100", "Outcome": "mean donning score", "Count": ""}]}, {"Section": "RESULTS", "Text": "The mean doffing score was 79.1 / 100 for the instructor-led group and 73.9 / 100 for the video group ; mean effect size was 5.2 ( 95 % CI : -7.6 to 18 ) .", "Evidence Elements": {"Participant": [], "Intervention": [{"term": "instructor-led", "negation": "affirmed", "UMLS": {}, "start": 46, "end": 60, "has_relation": "N/A"}, {"term": "video", "negation": "affirmed", "UMLS": {}, "start": 90, "end": 95, "has_relation": "N/A"}], "Outcome": [{"term": "mean doffing score", "negation": "affirmed", "UMLS": {}, "start": 4, "end": 22}, {"term": "mean effect size", "negation": "affirmed", "UMLS": {}, "start": 104, "end": 120}], "Observation": [{"term": "79.1", "negation": "affirmed", "UMLS": {}, "start": 27, "end": 31}, {"term": "100", "negation": "affirmed", "UMLS": {}, "start": 34, "end": 37}, {"term": "73.9", "negation": "affirmed", "UMLS": {}, "start": 71, "end": 75}, {"term": "100", "negation": "affirmed", "UMLS": {}, "start": 34, "end": 37}, {"term": "5.2", "negation": "affirmed", "UMLS": {}, "start": 125, "end": 128}], "Count": []}, "Evidence Propositions": [{"Intervention": {"term": "instructor-led", "has_relation": "N/A"}, "Observation": "79.1", "Outcome": "mean doffing score", "Count": ""}, {"Intervention": {"term": "instructor-led", "has_relation": "N/A"}, "Observation": "100", "Outcome": "mean doffing score", "Count": ""}, {"Intervention": {"term": "video", "has_relation": "N/A"}, "Observation": "73.9", "Outcome": "mean doffing score", "Count": ""}, {"Intervention": {"term": "video", "has_relation": "N/A"}, "Observation": "100", "Outcome": "mean doffing score", "Count": ""}]}, {"Section": "CONCLUSION", "Text": "Our study found no significant difference in donning and doffing scores between instructor-led and video lessons .", "Evidence Elements": {"Participant": [], "Intervention": [{"term": "instructor-led", "negation": "negated", "UMLS": {}, "start": 80, "end": 94, "has_relation": "N/A"}, {"term": "video lessons", "negation": "negated", "UMLS": {}, "start": 99, "end": 112, "has_relation": "N/A"}], "Outcome": [{"term": "donning and doffing scores", "negation": "negated", "UMLS": {}, "start": 45, "end": 71}], "Observation": [{"term": "significant difference", "negation": "affirmed", "UMLS": {}, "start": 19, "end": 41}], "Count": []}, "Evidence Propositions": [{"Intervention": [{"term": "instructor-led", "has_relation": "N/A"}, {"term": "video lessons", "has_relation": "N/A"}], "Observation": "significant difference", "Outcome": "donning and doffing scores", "Count": ""}]}, {"Section": "CONCLUSION", "Text": "Video training could be a fast and resource-efficient method of training in PPE donning and doffing in responding to the COVID-19 pandemic .", "Evidence Elements": {"Participant": [], "Intervention": [{"term": "Video training", "negation": "affirmed", "UMLS": {}, "start": 0, "end": 14, "has_procedure": [{"text": "video training", "maps_to": "C0220931:training", "start": 0, "end": 14}], "has_relation": "N/A"}], "Outcome": [], "Observation": [], "Count": []}, "Evidence Propositions": []}]}