{"doc_id": "32335900", "type of study": "Therapy", "title": "", "abstract": "The impact of respiratory protective equipment on difficult airway management: a randomised, crossover, simulation study.\nThe current international COVID-19 health crisis underlines the importance of adequate and suitable personal protective equipment for clinical staff during acute airway management.\nThis study compares the impacts of standard air-purifying respirators and powered air-purifying respirators during simulated difficult airway scenarios.\nTwenty-five anaesthetists carried out four different standardised difficult intubation drills, either unprotected (control), or wearing a standard or a powered respirator.\nTreatment times and wearer comfort were determined and compared.\nIn the wearer comfort evaluation form, operators rated mobility, noise, heat, vision and speech intelligibility.\nAll anaesthetists accomplished the treatment objectives of all study arms without adverse events.\nTotal mean (SD) intubation times for the four interventions did not show significant differences between the powered and the standard respirator groups, being 16.4 (8.6) vs. 19.2 (5.2) seconds with the Airtraq\u2122; 11.4 (3.4) vs. 10.0 (2.1) seconds with the videolaryngoscope; 39.2 (4.5) vs. 40.1 (4.8) seconds with the fibreoptic bronchoscope scope; and 15.4 (5.7) vs. 15.1 (5.0) seconds for standard tracheal intubation by direct laryngoscopy, respectively.\nVideolaryngoscopy allowed the shortest intubation times regardless of the respiratory protective device used.\nAnaesthetists rated heat and vision significantly higher in the powered respirator group; however, noise levels were perceived to be significantly lower than in the standard respirator group.\nWe conclude that standard and powered respirators do not significantly prolong simulated advanced intubation procedures.\n\u00a9 2020 Association of Anaesthetists.\n", "Evidence Map": {"Enrollment": [{"term": "difficult airway scenarios", "negation": "affirmed", "UMLS": {}, "start": 125, "end": 151}, {"term": "anaesthetists", "negation": "affirmed", "UMLS": {}, "start": 12, "end": 25}, {"term": "anaesthetists", "negation": "affirmed", "UMLS": {}, "start": 4, "end": 17}, {"term": "Anaesthetists", "negation": "affirmed", "UMLS": {}, "start": 0, "end": 13}], "Comparison Results": [], "Study Arm 1 Results": [], "Study Arm 2 Results": [], "Hypothesis": []}, "Sentence-level breakdown": [{"Section": "TITLE", "Text": "The impact of respiratory protective equipment on difficult airway management : a randomised , crossover , simulation study .", "Evidence Elements": {"Participant": [], "Intervention": [{"term": "respiratory protective equipment", "negation": "affirmed", "UMLS": {}, "start": 14, "end": 46, "has_device": [{"text": "respiratory", "maps_to": "C0087153:respirator", "start": 0, "end": 11}], "has_relation": "N/A"}], "Outcome": [{"term": "difficult airway management", "negation": "affirmed", "UMLS": {}, "start": 50, "end": 77}], "Observation": [], "Count": []}, "Evidence Propositions": []}, {"Section": "UNKNOWN", "Text": "The current international COVID-19 health crisis underlines the importance of adequate and suitable personal protective equipment for clinical staff during acute airway management .", "Evidence Elements": {"Participant": [], "Intervention": [], "Outcome": [], "Observation": [], "Count": []}, "Evidence Propositions": []}, {"Section": "UNKNOWN", "Text": "This study compares the impacts of standard air-purifying respirators and powered air-purifying respirators during simulated difficult airway scenarios .", "Evidence Elements": {"Participant": [{"term": "difficult airway scenarios", "negation": "affirmed", "UMLS": {}, "start": 125, "end": 151}], "Intervention": [{"term": "standard air-purifying respirators", "negation": "affirmed", "UMLS": {}, "start": 35, "end": 69, "has_chemical": [{"text": "standard air", "maps_to": "C3536832:air", "start": 0, "end": 12}], "has_device": [{"text": "respirators", "maps_to": "C0042497:respirators", "start": 23, "end": 34}], "has_relation": "N/A"}, {"term": "powered air-purifying respirators", "negation": "affirmed", "UMLS": {}, "start": 74, "end": 107, "has_chemical": [{"text": "powered air", "maps_to": "C3536832:air", "start": 0, "end": 11}], "has_device": [{"text": "respirators", "maps_to": "C0042497:respirators", "start": 22, "end": 33}], "has_relation": "N/A"}], "Outcome": [], "Observation": [], "Count": []}, "Evidence Propositions": []}, {"Section": "UNKNOWN", "Text": "Twenty-five anaesthetists carried out four different standardised difficult intubation drills , either unprotected ( control ) , or wearing a standard or a powered respirator .", "Evidence Elements": {"Participant": [{"term": "anaesthetists", "negation": "affirmed", "UMLS": {}, "start": 12, "end": 25}], "Intervention": [{"term": "standardised difficult intubation drills", "negation": "affirmed", "UMLS": {}, "start": 53, "end": 93, "has_device": [{"text": "standardised difficult intubation drills", "maps_to": "C0336587:drills", "start": 0, "end": 40}], "has_relation": "N/A"}, {"term": "unprotected", "negation": "affirmed", "UMLS": {}, "start": 103, "end": 114, "has_relation": "N/A"}, {"term": "control", "negation": "affirmed", "UMLS": {}, "start": 117, "end": 124, "has_device": [{"text": "different standardised difficult intubation drills", "maps_to": "C0336587:drills", "start": 17, "end": 67, "has_count": ["four"]}], "has_activity": [{"text": "carried", "maps_to": "C0206243:carried", "start": 0, "end": 7}], "has_relation": "N/A"}, {"term": "standard", "negation": "affirmed", "UMLS": {}, "start": 53, "end": 61, "has_relation": "N/A"}], "Outcome": [], "Observation": [], "Count": []}, "Evidence Propositions": []}, {"Section": "UNKNOWN", "Text": "Treatment times and wearer comfort were determined and compared .", "Evidence Elements": {"Participant": [], "Intervention": [], "Outcome": [{"term": "Treatment times", "negation": "affirmed", "UMLS": {}, "start": 0, "end": 15}, {"term": "wearer comfort", "negation": "affirmed", "UMLS": {}, "start": 20, "end": 34}], "Observation": [], "Count": []}, "Evidence Propositions": []}, {"Section": "UNKNOWN", "Text": "In the wearer comfort evaluation form , operators rated mobility , noise , heat , vision and speech intelligibility .", "Evidence Elements": {"Participant": [], "Intervention": [], "Outcome": [{"term": "mobility", "negation": "affirmed", "UMLS": {}, "start": 56, "end": 64}, {"term": "noise", "negation": "affirmed", "UMLS": {}, "start": 67, "end": 72}, {"term": "heat", "negation": "affirmed", "UMLS": {}, "start": 75, "end": 79}], "Observation": [], "Count": []}, "Evidence Propositions": []}, {"Section": "UNKNOWN", "Text": "All anaesthetists accomplished the treatment objectives of all study arms without adverse events .", "Evidence Elements": {"Participant": [{"term": "anaesthetists", "negation": "affirmed", "UMLS": {}, "start": 4, "end": 17}], "Intervention": [], "Outcome": [{"term": "treatment objectives", "negation": "affirmed", "UMLS": {}, "start": 35, "end": 55}, {"term": "adverse events", "negation": "negated", "UMLS": {}, "start": 82, "end": 96}], "Observation": [], "Count": []}, "Evidence Propositions": []}, {"Section": "UNKNOWN", "Text": "Total mean ( SD ) intubation times for the four interventions did not show significant differences between the powered and the standard respirator groups , being 16.4 ( 8.6 ) vs . 19.2 ( 5.2 ) seconds with the [UNK] ; 11.4 ( 3.4 ) vs . 10.0 ( 2.1 ) seconds with the videolaryngoscope ; 39.2 ( 4.5 ) vs . 40.1 ( 4.8 ) seconds with the fibreoptic bronchoscope scope ; and 15.4 ( 5.7 ) vs . 15.1 ( 5.0 ) seconds for standard tracheal intubation by direct laryngoscopy , respectively .", "Evidence Elements": {"Participant": [], "Intervention": [{"term": "four interventions", "negation": "affirmed", "UMLS": {}, "start": 43, "end": 61, "has_procedure": [{"text": "interventions", "maps_to": "C0886296:interventions", "start": 5, "end": 18, "has_count": ["four"]}], "has_relation": "N/A"}, {"term": "powered", "negation": "negated", "UMLS": {}, "start": 111, "end": 118, "has_activity": [{"text": "powered", "maps_to": "C0032863:powered", "start": 0, "end": 7}], "has_relation": "N/A"}, {"term": "standard respirator", "negation": "negated", "UMLS": {}, "start": 127, "end": 146, "has_device": [{"text": "standard respirator", "maps_to": "C0087153:respirator", "start": 0, "end": 19}], "has_relation": "N/A"}, {"term": "[UNK]", "negation": "affirmed", "UMLS": {}, "start": 210, "end": 215, "has_relation": "N/A"}, {"term": "videolaryngoscope", "negation": "negated", "UMLS": {}, "start": 266, "end": 283, "has_relation": "N/A"}], "Outcome": [{"term": "Total mean ( SD ) intubation times", "negation": "affirmed", "UMLS": {}, "start": 0, "end": 34}], "Observation": [{"term": "significant differences", "negation": "negated", "UMLS": {}, "start": 75, "end": 98}, {"term": "16.4 ( 8.6 )", "negation": "affirmed", "UMLS": {}, "start": 162, "end": 174}, {"term": "19.2 ( 5.2 ) seconds", "negation": "negated", "UMLS": {}, "start": 180, "end": 200}, {"term": "11.4 ( 3.4 )", "negation": "affirmed", "UMLS": {}, "start": 218, "end": 230}, {"term": "10.0 ( 2.1 ) seconds", "negation": "negated", "UMLS": {}, "start": 236, "end": 256}, {"term": "39.2 ( 4.5 )", "negation": "affirmed", "UMLS": {}, "start": 286, "end": 298}, {"term": "40.1 ( 4.8 ) seconds", "negation": "negated", "UMLS": {}, "start": 304, "end": 324}], "Count": []}, "Evidence Propositions": [{"Intervention": [{"term": "four interventions", "has_procedure": [{"text": "interventions", "maps_to": "C0886296:interventions", "start": 5, "end": 18, "has_count": ["four"]}], "has_relation": "N/A"}, {"term": "powered", "has_activity": [{"text": "powered", "maps_to": "C0032863:powered", "start": 0, "end": 7}], "has_relation": "N/A"}, {"term": "standard respirator", "has_device": [{"text": "standard respirator", "maps_to": "C0087153:respirator", "start": 0, "end": 19}], "has_relation": "N/A"}], "Observation": "significant differences", "Outcome": "Total mean ( SD ) intubation times", "Count": ""}, {"Intervention": {"term": "four interventions", "has_procedure": [{"text": "interventions", "maps_to": "C0886296:interventions", "start": 5, "end": 18, "has_count": ["four"]}], "has_relation": "N/A"}, "Observation": "16.4 ( 8.6 )", "Outcome": "Total mean ( SD ) intubation times", "Count": ""}, {"Intervention": {"term": "[UNK]", "has_relation": "N/A"}, "Observation": "19.2 ( 5.2 ) seconds", "Outcome": "Total mean ( SD ) intubation times", "Count": ""}, {"Intervention": {"term": "four interventions", "has_procedure": [{"text": "interventions", "maps_to": "C0886296:interventions", "start": 5, "end": 18, "has_count": ["four"]}], "has_relation": "N/A"}, "Observation": "11.4 ( 3.4 )", "Outcome": "Total mean ( SD ) intubation times", "Count": ""}, {"Intervention": {"term": "powered", "has_activity": [{"text": "powered", "maps_to": "C0032863:powered", "start": 0, "end": 7}], "has_relation": "N/A"}, "Observation": "11.4 ( 3.4 )", "Outcome": "Total mean ( SD ) intubation times", "Count": ""}, {"Intervention": {"term": "[UNK]", "has_relation": "N/A"}, "Observation": "11.4 ( 3.4 )", "Outcome": "Total mean ( SD ) intubation times", "Count": ""}, {"Intervention": {"term": "standard respirator", "has_device": [{"text": "standard respirator", "maps_to": "C0087153:respirator", "start": 0, "end": 19}], "has_relation": "N/A"}, "Observation": "10.0 ( 2.1 ) seconds", "Outcome": "Total mean ( SD ) intubation times", "Count": ""}, {"Intervention": {"term": "videolaryngoscope", "has_relation": "N/A"}, "Observation": "10.0 ( 2.1 ) seconds", "Outcome": "Total mean ( SD ) intubation times", "Count": ""}, {"Intervention": {"term": "four interventions", "has_procedure": [{"text": "interventions", "maps_to": "C0886296:interventions", "start": 5, "end": 18, "has_count": ["four"]}], "has_relation": "N/A"}, "Observation": "39.2 ( 4.5 )", "Outcome": "Total mean ( SD ) intubation times", "Count": ""}, {"Intervention": {"term": "videolaryngoscope", "has_relation": "N/A"}, "Observation": "39.2 ( 4.5 )", "Outcome": "Total mean ( SD ) intubation times", "Count": ""}, {"Intervention": {"term": "standard respirator", "has_device": [{"text": "standard respirator", "maps_to": "C0087153:respirator", "start": 0, "end": 19}], "has_relation": "N/A"}, "Observation": "40.1 ( 4.8 ) seconds", "Outcome": "Total mean ( SD ) intubation times", "Count": ""}]}, {"Section": "UNKNOWN", "Text": "Videolaryngoscopy allowed the shortest intubation times regardless of the respiratory protective device used .", "Evidence Elements": {"Participant": [], "Intervention": [{"term": "Videolaryngoscopy", "negation": "affirmed", "UMLS": {}, "start": 0, "end": 17, "has_relation": "N/A"}, {"term": "respiratory protective device", "negation": "affirmed", "UMLS": {}, "start": 74, "end": 103, "has_device": [{"text": "respiratory", "maps_to": "C0087153:respirator", "start": 0, "end": 11}], "has_relation": "N/A"}], "Outcome": [{"term": "intubation times", "negation": "affirmed", "UMLS": {}, "start": 39, "end": 55}], "Observation": [{"term": "shortest", "negation": "affirmed", "UMLS": {}, "start": 30, "end": 38}], "Count": []}, "Evidence Propositions": []}, {"Section": "UNKNOWN", "Text": "Anaesthetists rated heat and vision significantly higher in the powered respirator group ; however , noise levels were perceived to be significantly lower than in the standard respirator group .", "Evidence Elements": {"Participant": [{"term": "Anaesthetists", "negation": "affirmed", "UMLS": {}, "start": 0, "end": 13}], "Intervention": [{"term": "powered respirator", "negation": "affirmed", "UMLS": {}, "start": 64, "end": 82, "has_device": [{"text": "powered respirator", "maps_to": "C0087153:respirator", "start": 0, "end": 18}], "has_relation": "N/A"}, {"term": "standard", "negation": "affirmed", "UMLS": {}, "start": 167, "end": 175, "has_relation": "N/A"}], "Outcome": [{"term": "heat and vision", "negation": "affirmed", "UMLS": {}, "start": 20, "end": 35}, {"term": "noise levels", "negation": "affirmed", "UMLS": {}, "start": 101, "end": 113}], "Observation": [{"term": "significantly higher", "negation": "affirmed", "UMLS": {}, "start": 36, "end": 56}, {"term": "significantly lower", "negation": "affirmed", "UMLS": {}, "start": 135, "end": 154}], "Count": []}, "Evidence Propositions": [{"Intervention": [], "Observation": "significantly higher", "Outcome": "", "Count": ""}, {"Intervention": [{"term": "powered respirator", "has_device": [{"text": "powered respirator", "maps_to": "C0087153:respirator", "start": 0, "end": 18}], "has_relation": "N/A"}, {"term": "standard", "has_relation": "N/A"}], "Observation": "significantly lower", "Outcome": "noise levels", "Count": ""}]}, {"Section": "UNKNOWN", "Text": "We conclude that standard and powered respirators do not significantly prolong simulated advanced intubation procedures .", "Evidence Elements": {"Participant": [], "Intervention": [{"term": "standard and powered respirators", "negation": "affirmed", "UMLS": {}, "start": 17, "end": 49, "has_device": [{"text": "powered respirators", "maps_to": "C0042497:respirators", "start": 13, "end": 32}], "has_relation": "N/A"}], "Outcome": [{"term": "simulated advanced intubation procedures", "negation": "negated", "UMLS": {}, "start": 79, "end": 119}], "Observation": [{"term": "significantly prolong", "negation": "negated", "UMLS": {}, "start": 57, "end": 78}], "Count": []}, "Evidence Propositions": []}, {"Section": "UNKNOWN", "Text": "\u00a9 2020 Association of Anaesthetists .", "Evidence Elements": {"Participant": [], "Intervention": [], "Outcome": [], "Observation": [], "Count": []}, "Evidence Propositions": []}]}