{"doc_id": "32379667", "type of study": "Therapy", "title": "", "abstract": "Effects of progressive muscle relaxation on anxiety and sleep quality in patients with COVID-19.\nPatients with Coronavirus Disease 2019(COVID-19) will experience high levels of anxiety and low sleep quality due to isolation treatment.\nSome sleep-improving drugs may inhibit the respiratory system and worsen the condition.\nProlonged bedside instruction may increase the risk of medical infections.\nTo investigate the effect of progressive muscle relaxation on anxiety and sleep quality of COVID-19.\nIn this randomized controlled clinical trial, a total of 51 patients who entered the isolation ward were included in the study and randomly divided into experimental and control groups.\nThe experimental group used progressive muscle relaxation (PMR) technology for 30\u00a0min per day for 5 consecutive days.\nDuring this period, the control group received only routine care and treatment.\nBefore and after the intervention, the Spielberger State-Trait Anxiety Scale (STAI) and Sleep State Self-Rating Scale (SRSS) were used to measure and record patient anxiety and sleep quality.\nFinally, data analysis was performed using SPSS 25.0 software.\nThe average anxiety score (STAI) before intervention was not statistically significant (P\u00a0=\u00a00.730), and the average anxiety score after intervention was statistically significant (P\u00a0<\u00a00.001).\nThe average sleep quality score (SRSS) of the two groups before intervention was not statistically significant (P\u00a0=\u00a00.838), and it was statistically significant after intervention (P\u00a0<\u00a00.001).\nProgressive muscle relaxation as an auxiliary method can reduce anxiety and improve sleep quality in patients with COVID-19.\nCopyright \u00a9 2020 The Authors.\nPublished by Elsevier Ltd.. All rights reserved.\n", "Evidence Map": {"Enrollment": [{"term": "COVID-19", "negation": "affirmed", "UMLS": {}, "start": 87, "end": 95}, {"term": "COVID-19", "negation": "affirmed", "UMLS": {}, "start": 91, "end": 99}, {"term": "COVID-19", "negation": "affirmed", "UMLS": {}, "start": 115, "end": 123}], "Comparison Results": [], "Study Arm 1 Results": [], "Study Arm 2 Results": [], "Hypothesis": []}, "Sentence-level breakdown": [{"Section": "TITLE", "Text": "Effects of progressive muscle relaxation on anxiety and sleep quality in patients with COVID-19 .", "Evidence Elements": {"Participant": [{"term": "COVID-19", "negation": "affirmed", "UMLS": {}, "start": 87, "end": 95}], "Intervention": [{"term": "progressive muscle relaxation", "negation": "affirmed", "UMLS": {}, "start": 11, "end": 40, "has_procedure": [{"text": "progressive muscle relaxation", "maps_to": "C0454043:progressive muscle relaxation", "start": 0, "end": 29}], "has_relation": "N/A"}], "Outcome": [{"term": "anxiety", "negation": "affirmed", "UMLS": {}, "start": 44, "end": 51}, {"term": "sleep quality", "negation": "affirmed", "UMLS": {}, "start": 56, "end": 69}], "Observation": [], "Count": []}, "Evidence Propositions": []}, {"Section": "BACKGROUND", "Text": "Patients with Coronavirus Disease 2019 ( COVID-19 ) will experience high levels of anxiety and low sleep quality due to isolation treatment .", "Evidence Elements": {"Participant": [], "Intervention": [], "Outcome": [], "Observation": [], "Count": []}, "Evidence Propositions": []}, {"Section": "BACKGROUND", "Text": "Some sleep-improving drugs may inhibit the respiratory system and worsen the condition .", "Evidence Elements": {"Participant": [], "Intervention": [], "Outcome": [], "Observation": [], "Count": []}, "Evidence Propositions": []}, {"Section": "BACKGROUND", "Text": "Prolonged bedside instruction may increase the risk of medical infections .", "Evidence Elements": {"Participant": [], "Intervention": [], "Outcome": [], "Observation": [], "Count": []}, "Evidence Propositions": []}, {"Section": "OBJECTIVE", "Text": "To investigate the effect of progressive muscle relaxation on anxiety and sleep quality of COVID-19 .", "Evidence Elements": {"Participant": [{"term": "COVID-19", "negation": "affirmed", "UMLS": {}, "start": 91, "end": 99}], "Intervention": [{"term": "progressive muscle relaxation", "negation": "affirmed", "UMLS": {}, "start": 29, "end": 58, "has_procedure": [{"text": "progressive muscle relaxation", "maps_to": "C0454043:progressive muscle relaxation", "start": 0, "end": 29}], "has_relation": "N/A"}], "Outcome": [{"term": "anxiety", "negation": "affirmed", "UMLS": {}, "start": 62, "end": 69}, {"term": "sleep quality", "negation": "affirmed", "UMLS": {}, "start": 74, "end": 87}], "Observation": [], "Count": []}, "Evidence Propositions": []}, {"Section": "METHODS", "Text": "In this randomized controlled clinical trial , a total of 51 patients who entered the isolation ward were included in the study and randomly divided into experimental and control groups .", "Evidence Elements": {"Participant": [], "Intervention": [], "Outcome": [], "Observation": [], "Count": []}, "Evidence Propositions": []}, {"Section": "METHODS", "Text": "The experimental group used progressive muscle relaxation ( PMR ) technology for 30 min per day for 5 consecutive days .", "Evidence Elements": {"Participant": [], "Intervention": [{"term": "progressive muscle relaxation ( PMR ) technology", "negation": "affirmed", "UMLS": {}, "start": 28, "end": 76, "has_procedure": [{"text": "progressive muscle relaxation", "maps_to": "C0454043:progressive muscle relaxation", "start": 0, "end": 29}], "has_relation": "N/A"}], "Outcome": [], "Observation": [], "Count": []}, "Evidence Propositions": []}, {"Section": "METHODS", "Text": "During this period , the control group received only routine care and treatment .", "Evidence Elements": {"Participant": [], "Intervention": [{"term": "routine care and", "negation": "affirmed", "UMLS": {}, "start": 53, "end": 69, "has_relation": "N/A"}], "Outcome": [], "Observation": [], "Count": []}, "Evidence Propositions": []}, {"Section": "METHODS", "Text": "Before and after the intervention , the Spielberger State-Trait Anxiety Scale ( STAI ) and Sleep State Self-Rating Scale ( SRSS ) were used to measure and record patient anxiety and sleep quality .", "Evidence Elements": {"Participant": [], "Intervention": [], "Outcome": [{"term": "Spielberger State-Trait Anxiety Scale ( STAI )", "negation": "affirmed", "UMLS": {}, "start": 40, "end": 86}, {"term": "Sleep State Self-Rating Scale ( SRSS )", "negation": "affirmed", "UMLS": {}, "start": 91, "end": 129}], "Observation": [], "Count": []}, "Evidence Propositions": []}, {"Section": "METHODS", "Text": "Finally , data analysis was performed using SPSS 25.0 software .", "Evidence Elements": {"Participant": [], "Intervention": [], "Outcome": [], "Observation": [], "Count": []}, "Evidence Propositions": []}, {"Section": "RESULTS", "Text": "The average anxiety score ( STAI ) before intervention was not statistically significant ( P = 0.730 ) , and the average anxiety score after intervention was statistically significant ( P < 0.001 ) .", "Evidence Elements": {"Participant": [], "Intervention": [{"term": "before intervention", "negation": "affirmed", "UMLS": {}, "start": 35, "end": 54, "has_procedure": [{"text": "intervention", "maps_to": "C0886296:intervention", "start": 7, "end": 19}], "has_relation": "N/A"}, {"term": "after intervention", "negation": "negated", "UMLS": {}, "start": 135, "end": 153, "has_procedure": [{"text": "intervention", "maps_to": "C0886296:intervention", "start": 6, "end": 18}], "has_relation": "N/A"}], "Outcome": [{"term": "average anxiety score ( STAI )", "negation": "affirmed", "UMLS": {}, "start": 4, "end": 34}, {"term": "average anxiety score", "negation": "negated", "UMLS": {}, "start": 4, "end": 25}], "Observation": [{"term": "statistically significant", "negation": "negated", "UMLS": {}, "start": 63, "end": 88}], "Count": []}, "Evidence Propositions": []}, {"Section": "RESULTS", "Text": "The average sleep quality score ( SRSS ) of the two groups before intervention was not statistically significant ( P = 0.838 ) , and it was statistically significant after intervention ( P < 0.001 ) .", "Evidence Elements": {"Participant": [], "Intervention": [{"term": "two groups before intervention", "negation": "affirmed", "UMLS": {}, "start": 48, "end": 78, "has_procedure": [{"text": "intervention", "maps_to": "C0886296:intervention", "start": 18, "end": 30}], "has_relation": "N/A"}], "Outcome": [{"term": "average sleep quality score ( SRSS )", "negation": "affirmed", "UMLS": {}, "start": 4, "end": 40}], "Observation": [{"term": "statistically significant", "negation": "negated", "UMLS": {}, "start": 87, "end": 112}, {"term": "statistically significant", "negation": "negated", "UMLS": {}, "start": 87, "end": 112}], "Count": []}, "Evidence Propositions": [{"Intervention": {"term": "two groups before intervention", "has_procedure": [{"text": "intervention", "maps_to": "C0886296:intervention", "start": 18, "end": 30}], "has_relation": "N/A"}, "Observation": "statistically significant", "Outcome": "average sleep quality score ( SRSS )", "Count": ""}]}, {"Section": "CONCLUSION", "Text": "Progressive muscle relaxation as an auxiliary method can reduce anxiety and improve sleep quality in patients with COVID-19 .", "Evidence Elements": {"Participant": [{"term": "COVID-19", "negation": "affirmed", "UMLS": {}, "start": 115, "end": 123}], "Intervention": [{"term": "Progressive muscle relaxation", "negation": "affirmed", "UMLS": {}, "start": 0, "end": 29, "has_procedure": [{"text": "progressive muscle relaxation", "maps_to": "C0454043:progressive muscle relaxation", "start": 0, "end": 29}], "has_relation": "N/A"}], "Outcome": [{"term": "anxiety", "negation": "affirmed", "UMLS": {}, "start": 64, "end": 71}, {"term": "sleep quality", "negation": "affirmed", "UMLS": {}, "start": 84, "end": 97}], "Observation": [{"term": "reduce", "negation": "affirmed", "UMLS": {}, "start": 57, "end": 63}, {"term": "improve", "negation": "affirmed", "UMLS": {}, "start": 76, "end": 83}], "Count": []}, "Evidence Propositions": []}, {"Section": "UNKNOWN", "Text": "Copyright \u00a9 2020 The Authors .", "Evidence Elements": {"Participant": [], "Intervention": [], "Outcome": [], "Observation": [], "Count": []}, "Evidence Propositions": []}, {"Section": "UNKNOWN", "Text": "Published by Elsevier Ltd . . All rights reserved .", "Evidence Elements": {"Participant": [], "Intervention": [], "Outcome": [], "Observation": [], "Count": []}, "Evidence Propositions": []}]}