{"doc_id": "32419128", "type of study": "Therapy", "title": "", "abstract": "Resuscitation of the patient with suspected/confirmed COVID-19 when wearing personal protective equipment: A randomized multicenter crossover simulation trial.\nThe aim of the study was to evaluate various methods of chest compressions in patients with suspected/confirmed SARS-CoV-2 infection conducted by medical students wearing full personal protective equipment (PPE) for aerosol generating procedures (AGP).\nThis was prospective, randomized, multicenter, single-blinded, crossover simulation trial.\nThirty-five medical students after an advanced cardiovascular life support course, which included performing 2-min continuous chest compression scenarios using three methods: (A) manual chest compression (CC), (B) compression with CPRMeter, (C) compression with LifeLine ARM device.\nDuring resuscitation they are wearing full personal protective equipment for aerosol generating procedures.\nThe median chest compression depth using manual CC, CPRMeter and LifeLine ARM varied and amounted to 40 (38-45) vs. 45 (40-50) vs. 51 (50-52) mm, respectively (p = 0.002).\nThe median chest compression rate was 109 (IQR; 102-131) compressions per minute (CPM) for manual CC, 107 (105-127) CPM for CPRMeter, and 102 (101-102) CPM for LifeLine ARM (p = 0.027).\nThe percentage of correct chest recoil was the highest for LifeLine ARM - 100% (95-100), 80% (60-90) in CPRMeter group, and the lowest for manual CC - 29% (26-48).\nAccording to the results of this simulation trial, automated chest compression devices (ACCD) should be used for chest compression of patients with suspected/confirmed COVID-19.\nIn the absence of ACCD, it seems reasonable to change the cardiopulmonary resuscitation algorithm (in the context of patients with suspected/confirmed COVID-19) by reducing the duration of the cardiopulmonary resuscitation cycle from the current 2-min to 1-min cycles due to a statistically significant reduction in the quality of chest compressions among rescuers wearing PPE AGP.\n", "Evidence Map": {"Enrollment": [{"term": "suspected", "negation": "affirmed", "UMLS": {}, "start": 34, "end": 43}, {"term": "confirmed COVID-19", "negation": "affirmed", "UMLS": {}, "start": 46, "end": 64}, {"term": "confirmed SARS-CoV-2 infection", "negation": "affirmed", "UMLS": {}, "start": 104, "end": 134}, {"term": "medical", "negation": "affirmed", "UMLS": {}, "start": 148, "end": 155}, {"term": "aerosol generating", "negation": "affirmed", "UMLS": {}, "start": 220, "end": 238}, {"term": "medical", "negation": "affirmed", "UMLS": {}, "start": 12, "end": 19}, {"term": "advanced cardiovascular life support course", "negation": "affirmed", "UMLS": {}, "start": 38, "end": 81}, {"term": "chest compression", "negation": "affirmed", "UMLS": {}, "start": 62, "end": 79}, {"term": "confirmed COVID-19", "negation": "negated", "UMLS": {}, "start": 145, "end": 163}, {"term": "rescuers", "negation": "negated", "UMLS": {}, "start": 361, "end": 369}], "Comparison Results": [], "Study Arm 1 Results": [], "Study Arm 2 Results": [], "Hypothesis": []}, "Sentence-level breakdown": [{"Section": "TITLE", "Text": "Resuscitation of the patient with suspected / confirmed COVID-19 when wearing personal protective equipment : A randomized multicenter crossover simulation trial .", "Evidence Elements": {"Participant": [{"term": "suspected", "negation": "affirmed", "UMLS": {}, "start": 34, "end": 43}, {"term": "confirmed COVID-19", "negation": "affirmed", "UMLS": {}, "start": 46, "end": 64}], "Intervention": [{"term": "personal protective equipment", "negation": "affirmed", "UMLS": {}, "start": 78, "end": 107, "has_relation": "N/A"}], "Outcome": [{"term": "Resuscitation", "negation": "affirmed", "UMLS": {}, "start": 0, "end": 13}], "Observation": [], "Count": []}, "Evidence Propositions": []}, {"Section": "BACKGROUND", "Text": "The aim of the study was to evaluate various methods of chest compressions in patients with suspected / confirmed SARS-CoV-2 infection conducted by medical students wearing full personal protective equipment ( PPE ) for aerosol generating procedures ( AGP ) .", "Evidence Elements": {"Participant": [{"term": "confirmed SARS-CoV-2 infection", "negation": "affirmed", "UMLS": {}, "start": 104, "end": 134}, {"term": "medical", "negation": "affirmed", "UMLS": {}, "start": 148, "end": 155}, {"term": "aerosol generating", "negation": "affirmed", "UMLS": {}, "start": 220, "end": 238}], "Intervention": [{"term": "methods of chest compressions", "negation": "affirmed", "UMLS": {}, "start": 45, "end": 74, "has_relation": "N/A"}, {"term": "full personal protective equipment ( PPE )", "negation": "affirmed", "UMLS": {}, "start": 173, "end": 215, "has_relation": "N/A"}], "Outcome": [], "Observation": [], "Count": []}, "Evidence Propositions": []}, {"Section": "METHODS", "Text": "This was prospective , randomized , multicenter , single-blinded , crossover simulation trial .", "Evidence Elements": {"Participant": [], "Intervention": [], "Outcome": [], "Observation": [], "Count": []}, "Evidence Propositions": []}, {"Section": "METHODS", "Text": "Thirty-five medical students after an advanced cardiovascular life support course , which included performing 2-min continuous chest compression scenarios using three methods : ( A ) manual chest compression ( CC ) , ( B ) compression with CPRMeter , ( C ) compression with LifeLine ARM device .", "Evidence Elements": {"Participant": [{"term": "medical", "negation": "affirmed", "UMLS": {}, "start": 12, "end": 19}, {"term": "advanced cardiovascular life support course", "negation": "affirmed", "UMLS": {}, "start": 38, "end": 81}], "Intervention": [{"term": "continuous chest compression scenarios", "negation": "affirmed", "UMLS": {}, "start": 116, "end": 154, "has_procedure": [{"text": "continuous chest compression", "maps_to": "C1829459:Decompression", "start": 0, "end": 28}], "has_relation": "N/A"}, {"term": "manual chest compression ( CC )", "negation": "affirmed", "UMLS": {}, "start": 183, "end": 214, "has_procedure": [{"text": "manual chest compression", "maps_to": "C1829459:Decompression", "start": 0, "end": 24}], "has_relation": "N/A"}], "Outcome": [], "Observation": [], "Count": []}, "Evidence Propositions": []}, {"Section": "METHODS", "Text": "During resuscitation they are wearing full personal protective equipment for aerosol generating procedures .", "Evidence Elements": {"Participant": [], "Intervention": [], "Outcome": [], "Observation": [], "Count": []}, "Evidence Propositions": []}, {"Section": "RESULTS", "Text": "The median chest compression depth using manual CC , CPRMeter and LifeLine ARM varied and amounted to 40 ( 38-45 ) vs . 45 ( 40-50 ) vs . 51 ( 50-52 ) mm , respectively ( p = 0.002 ) .", "Evidence Elements": {"Participant": [], "Intervention": [{"term": "manual CC", "negation": "affirmed", "UMLS": {}, "start": 41, "end": 50, "has_procedure": [{"text": "manual chest compression", "maps_to": "C1829459:Decompression", "start": 0, "end": 24}], "has_relation": "N/A"}, {"term": "CPRMeter", "negation": "affirmed", "UMLS": {}, "start": 53, "end": 61, "has_relation": "N/A"}, {"term": "LifeLine ARM", "negation": "affirmed", "UMLS": {}, "start": 66, "end": 78, "has_procedure": [{"text": "lifeline arm", "maps_to": "C1522541:arm", "start": 0, "end": 12}], "has_relation": "N/A"}], "Outcome": [{"term": "median chest compression depth", "negation": "affirmed", "UMLS": {}, "start": 4, "end": 34}], "Observation": [{"term": "varied", "negation": "affirmed", "UMLS": {}, "start": 79, "end": 85}, {"term": "40 ( 38-45 )", "negation": "affirmed", "UMLS": {}, "start": 102, "end": 114}, {"term": "45 ( 40-50 )", "negation": "affirmed", "UMLS": {}, "start": 120, "end": 132}], "Count": []}, "Evidence Propositions": [{"Intervention": {"term": "CPRMeter", "has_relation": "N/A"}, "Observation": "40 ( 38-45 )", "Outcome": "median chest compression depth", "Count": ""}]}, {"Section": "RESULTS", "Text": "The median chest compression rate was 109 ( IQR ; 102-131 ) compressions per minute ( CPM ) for manual CC , 107 ( 105-127 ) CPM for CPRMeter , and 102 ( 101-102 ) CPM for LifeLine ARM ( p=0.027 ) .", "Evidence Elements": {"Participant": [], "Intervention": [{"term": "manual CC", "negation": "affirmed", "UMLS": {}, "start": 96, "end": 105, "has_procedure": [{"text": "manual chest compression", "maps_to": "C1829459:Decompression", "start": 0, "end": 24}], "has_relation": "N/A"}, {"term": "CPRMeter", "negation": "affirmed", "UMLS": {}, "start": 132, "end": 140, "has_relation": "N/A"}], "Outcome": [{"term": "median chest compression rate", "negation": "affirmed", "UMLS": {}, "start": 4, "end": 33}], "Observation": [{"term": "109 ( IQR ; 102-131 ) compressions per minute ( CPM )", "negation": "affirmed", "UMLS": {}, "start": 38, "end": 91}, {"term": "107 ( 105-127 ) CPM", "negation": "affirmed", "UMLS": {}, "start": 108, "end": 127}], "Count": []}, "Evidence Propositions": [{"Intervention": {"term": "manual CC", "has_procedure": [{"text": "manual chest compression", "maps_to": "C1829459:Decompression", "start": 0, "end": 24}], "has_relation": "N/A"}, "Observation": "109 ( IQR ; 102-131 ) compressions per minute ( CPM )", "Outcome": "median chest compression rate", "Count": ""}, {"Intervention": {"term": "CPRMeter", "has_relation": "N/A"}, "Observation": "107 ( 105-127 ) CPM", "Outcome": "median chest compression rate", "Count": ""}]}, {"Section": "RESULTS", "Text": "The percentage of correct chest recoil was the highest for LifeLine ARM-100 % ( 95-100 ) , 80 % ( 60-90 ) in CPRMeter group , and the lowest for manual CC-29 % ( 26-48 ) .", "Evidence Elements": {"Participant": [], "Intervention": [{"term": "LifeLine ARM-100 %", "negation": "affirmed", "UMLS": {}, "start": 59, "end": 77, "has_procedure": [{"text": "lifeline arm", "maps_to": "C1522541:arm", "start": 0, "end": 12, "has_strength": ["100 %"]}], "has_relation": "N/A"}, {"term": "CPRMeter", "negation": "affirmed", "UMLS": {}, "start": 109, "end": 117, "has_relation": "N/A"}], "Outcome": [{"term": "percentage of correct chest recoil", "negation": "affirmed", "UMLS": {}, "start": 4, "end": 38}], "Observation": [{"term": "highest", "negation": "affirmed", "UMLS": {}, "start": 47, "end": 54}, {"term": "95-100 )", "negation": "affirmed", "UMLS": {}, "start": 80, "end": 88}, {"term": "80 % ( 60-90 )", "negation": "affirmed", "UMLS": {}, "start": 91, "end": 105}, {"term": "lowest", "negation": "affirmed", "UMLS": {}, "start": 134, "end": 140}], "Count": []}, "Evidence Propositions": [{"Intervention": [{"term": "LifeLine ARM-100 %", "has_procedure": [{"text": "lifeline arm", "maps_to": "C1522541:arm", "start": 0, "end": 12, "has_strength": ["100 %"]}], "has_relation": "N/A"}], "Observation": "highest", "Outcome": "percentage of correct chest recoil", "Count": ""}, {"Intervention": {"term": "LifeLine ARM-100 %", "has_procedure": [{"text": "lifeline arm", "maps_to": "C1522541:arm", "start": 0, "end": 12, "has_strength": ["100 %"]}], "has_relation": "N/A"}, "Observation": "95-100 )", "Outcome": "percentage of correct chest recoil", "Count": ""}, {"Intervention": {"term": "CPRMeter", "has_relation": "N/A"}, "Observation": "95-100 )", "Outcome": "percentage of correct chest recoil", "Count": ""}, {"Intervention": {"term": "CPRMeter", "has_relation": "N/A"}, "Observation": "80 % ( 60-90 )", "Outcome": "percentage of correct chest recoil", "Count": ""}, {"Intervention": [], "Observation": "lowest", "Outcome": "percentage of correct chest recoil", "Count": ""}]}, {"Section": "CONCLUSIONS", "Text": "According to the results of this simulation trial , automated chest compression devices ( ACCD ) should be used for chest compression of patients with suspected / confirmed COVID-19 .", "Evidence Elements": {"Participant": [{"term": "chest compression", "negation": "affirmed", "UMLS": {}, "start": 62, "end": 79}], "Intervention": [{"term": "automated chest compression devices ( ACCD )", "negation": "affirmed", "UMLS": {}, "start": 52, "end": 96, "has_procedure": [{"text": "chest compression", "maps_to": "C1829459:Decompression", "start": 10, "end": 27}], "has_relation": "N/A"}], "Outcome": [], "Observation": [], "Count": []}, "Evidence Propositions": []}, {"Section": "CONCLUSIONS", "Text": "In the absence of ACCD , it seems reasonable to change the cardiopulmonary resuscitation algorithm ( in the context of patients with suspected / confirmed COVID-19 ) by reducing the duration of the cardiopulmonary resuscitation cycle from the current 2-min to 1-min cycles due to a statistically significant reduction in the quality of chest compressions among rescuers wearing PPE AGP .", "Evidence Elements": {"Participant": [{"term": "confirmed COVID-19", "negation": "negated", "UMLS": {}, "start": 145, "end": 163}, {"term": "rescuers", "negation": "negated", "UMLS": {}, "start": 361, "end": 369}], "Intervention": [{"term": "of ACCD", "negation": "affirmed", "UMLS": {}, "start": 15, "end": 22, "has_relation": "N/A"}], "Outcome": [{"term": "cardiopulmonary resuscitation algorithm", "negation": "negated", "UMLS": {}, "start": 59, "end": 98}, {"term": "duration of the cardiopulmonary resuscitation cycle", "negation": "negated", "UMLS": {}, "start": 182, "end": 233}, {"term": "quality of chest compressions", "negation": "negated", "UMLS": {}, "start": 325, "end": 354}], "Observation": [{"term": "change", "negation": "negated", "UMLS": {}, "start": 48, "end": 54}, {"term": "reducing", "negation": "negated", "UMLS": {}, "start": 169, "end": 177}, {"term": "statistically significant reduction", "negation": "negated", "UMLS": {}, "start": 282, "end": 317}], "Count": []}, "Evidence Propositions": [{"Intervention": {"term": "of ACCD", "has_relation": "N/A"}, "Observation": "change", "Outcome": "cardiopulmonary resuscitation algorithm", "Count": ""}, {"Intervention": {"term": "of ACCD", "has_relation": "N/A"}, "Observation": "statistically significant reduction", "Outcome": "quality of chest compressions", "Count": ""}]}]}