{"doc_id": "32556293", "type of study": "Therapy", "title": "", "abstract": "Identification and Validation of a Novel Clinical Signature to Predict the Prognosis in Confirmed Coronavirus Disease 2019 Patients.\nOur aim in this study was to identify a prognostic biomarker to predict the disease prognosis and reduce the mortality rate of coronavirus disease 2019 (COVID-19), which has caused a worldwide pandemic.\nCOVID-19 patients were randomly divided into training and test groups.\nUnivariate and multivariate Cox regression analyses were performed to identify the disease prognosis signature, which was selected to establish a risk model in the training group.\nThe disease prognosis signature of COVID-19 was validated in the test group.\nThe signature of COVID-19 was combined with the following 5 indicators: neutrophil count, lymphocyte count, procalcitonin, age, and C-reactive protein.\nThe signature stratified patients into high- and low-risk groups with significantly relevant disease prognosis (log-rank test, P < .001) in the training group.\nThe survival analysis indicated that the high-risk group displayed substantially lower survival probability than the low-risk group (log-rank test, P < .001).\nThe area under the receiver operating characteristic (ROC) curve showed that the signature of COVID-19 displayed the highest predictive accuracy regarding disease prognosis, which was 0.955 in the training group and 0.945 in the test group.\nThe ROC analysis of both groups demonstrated that the predictive ability of the signature surpassed the use of each of the 5 indicators alone.\nThe signature of COVID-19 presents a novel predictor and prognostic biomarker for closely monitoring patients and providing timely treatment for those who are severely or critically ill.\n\u00a9 The Author(s) 2020.\nPublished by Oxford University Press for the Infectious Diseases Society of America.\nAll rights reserved.\nFor permissions, e-mail: journals.permissions@oup.com.\n", "Evidence Map": {"Enrollment": [{"term": "Confirmed Coronavirus Disease 2019", "negation": "affirmed", "UMLS": {}, "start": 88, "end": 122}, {"term": "COVID-19", "negation": "affirmed", "UMLS": {}, "start": 0, "end": 8}, {"term": "COVID-19", "negation": "affirmed", "UMLS": {}, "start": 35, "end": 43}, {"term": "severely or critically ill", "negation": "affirmed", "UMLS": {}, "start": 159, "end": 185}], "Comparison Results": [], "Study Arm 1 Results": [], "Study Arm 2 Results": [], "Hypothesis": []}, "Sentence-level breakdown": [{"Section": "TITLE", "Text": "Identification and Validation of a Novel Clinical Signature to Predict the Prognosis in Confirmed Coronavirus Disease 2019 Patients .", "Evidence Elements": {"Participant": [{"term": "Confirmed Coronavirus Disease 2019", "negation": "affirmed", "UMLS": {}, "start": 88, "end": 122}], "Intervention": [], "Outcome": [{"term": "Prognosis", "negation": "affirmed", "UMLS": {}, "start": 75, "end": 84}], "Observation": [], "Count": []}, "Evidence Propositions": []}, {"Section": "BACKGROUND", "Text": "Our aim in this study was to identify a prognostic biomarker to predict the disease prognosis and reduce the mortality rate of coronavirus disease 2019 ( COVID-19 ) , which has caused a worldwide pandemic .", "Evidence Elements": {"Participant": [], "Intervention": [], "Outcome": [{"term": "disease prognosis", "negation": "affirmed", "UMLS": {}, "start": 76, "end": 93}, {"term": "mortality rate of coronavirus disease 2019 ( COVID-19 )", "negation": "affirmed", "UMLS": {}, "start": 109, "end": 164}], "Observation": [{"term": "reduce", "negation": "affirmed", "UMLS": {}, "start": 98, "end": 104}], "Count": []}, "Evidence Propositions": []}, {"Section": "METHODS", "Text": "COVID-19 patients were randomly divided into training and test groups .", "Evidence Elements": {"Participant": [{"term": "COVID-19", "negation": "affirmed", "UMLS": {}, "start": 0, "end": 8}], "Intervention": [{"term": "training", "negation": "affirmed", "UMLS": {}, "start": 45, "end": 53, "has_procedure": [{"text": "training", "maps_to": "C0220931:training", "start": 0, "end": 8}], "has_relation": "N/A"}, {"term": "test", "negation": "affirmed", "UMLS": {}, "start": 58, "end": 62, "has_relation": "N/A"}], "Outcome": [], "Observation": [], "Count": []}, "Evidence Propositions": []}, {"Section": "METHODS", "Text": "Univariate and multivariate Cox regression analyses were performed to identify the disease prognosis signature , which was selected to establish a risk model in the training group .", "Evidence Elements": {"Participant": [], "Intervention": [], "Outcome": [{"term": "disease prognosis signature", "negation": "affirmed", "UMLS": {}, "start": 83, "end": 110}], "Observation": [], "Count": []}, "Evidence Propositions": []}, {"Section": "METHODS", "Text": "The disease prognosis signature of COVID-19 was validated in the test group .", "Evidence Elements": {"Participant": [{"term": "COVID-19", "negation": "affirmed", "UMLS": {}, "start": 35, "end": 43}], "Intervention": [{"term": "test", "negation": "affirmed", "UMLS": {}, "start": 65, "end": 69, "has_relation": "N/A"}], "Outcome": [{"term": "disease prognosis signature", "negation": "affirmed", "UMLS": {}, "start": 4, "end": 31}], "Observation": [{"term": "validated", "negation": "affirmed", "UMLS": {}, "start": 48, "end": 57}], "Count": []}, "Evidence Propositions": [{"Intervention": {"term": "test", "has_relation": "N/A"}, "Observation": "validated", "Outcome": "disease prognosis signature", "Count": ""}]}, {"Section": "RESULTS", "Text": "The signature of COVID-19 was combined with the following 5 indicators : neutrophil count , lymphocyte count , procalcitonin , age , and C-reactive protein .", "Evidence Elements": {"Participant": [], "Intervention": [{"term": "COVID-19", "negation": "affirmed", "UMLS": {}, "start": 17, "end": 25, "has_procedure": [{"text": "coronavirus", "maps_to": "C5401375:Coronavirus", "start": 0, "end": 11}], "has_relation": "N/A"}], "Outcome": [{"term": "signature", "negation": "affirmed", "UMLS": {}, "start": 4, "end": 13}], "Observation": [], "Count": []}, "Evidence Propositions": []}, {"Section": "RESULTS", "Text": "The signature stratified patients into high- and low-risk groups with significantly relevant disease prognosis ( log-rank test , P < .001 ) in the training group .", "Evidence Elements": {"Participant": [], "Intervention": [{"term": "high- and low-risk", "negation": "affirmed", "UMLS": {}, "start": 39, "end": 57, "has_relation": "N/A"}], "Outcome": [], "Observation": [{"term": "significantly relevant disease prognosis", "negation": "affirmed", "UMLS": {}, "start": 70, "end": 110}], "Count": []}, "Evidence Propositions": []}, {"Section": "RESULTS", "Text": "The survival analysis indicated that the high-risk group displayed substantially lower survival probability than the low-risk group ( log-rank test , P < .001 ) .", "Evidence Elements": {"Participant": [], "Intervention": [{"term": "high-risk", "negation": "affirmed", "UMLS": {}, "start": 41, "end": 50, "has_relation": "N/A"}, {"term": "low-risk", "negation": "affirmed", "UMLS": {}, "start": 117, "end": 125, "has_relation": "N/A"}], "Outcome": [{"term": "survival probability", "negation": "affirmed", "UMLS": {}, "start": 87, "end": 107}], "Observation": [{"term": "substantially lower", "negation": "affirmed", "UMLS": {}, "start": 67, "end": 86}], "Count": []}, "Evidence Propositions": []}, {"Section": "RESULTS", "Text": "The area under the receiver operating characteristic ( ROC ) curve showed that the signature of COVID-19 displayed the highest predictive accuracy regarding disease prognosis , which was 0.955 in the training group and 0.945 in the test group .", "Evidence Elements": {"Participant": [], "Intervention": [{"term": "signature of COVID-19", "negation": "affirmed", "UMLS": {}, "start": 83, "end": 104, "has_procedure": [{"text": "coronavirus", "maps_to": "C5401375:Coronavirus", "start": 13, "end": 24}], "has_relation": "N/A"}, {"term": "training", "negation": "affirmed", "UMLS": {}, "start": 200, "end": 208, "has_procedure": [{"text": "training", "maps_to": "C0220931:training", "start": 0, "end": 8}], "has_relation": "N/A"}], "Outcome": [{"term": "predictive accuracy", "negation": "affirmed", "UMLS": {}, "start": 127, "end": 146}, {"term": "disease prognosis", "negation": "affirmed", "UMLS": {}, "start": 157, "end": 174}], "Observation": [{"term": "highest", "negation": "affirmed", "UMLS": {}, "start": 119, "end": 126}, {"term": "0.955", "negation": "affirmed", "UMLS": {}, "start": 187, "end": 192}, {"term": "0.945", "negation": "affirmed", "UMLS": {}, "start": 219, "end": 224}], "Count": []}, "Evidence Propositions": [{"Intervention": [], "Observation": "highest", "Outcome": "", "Count": ""}, {"Intervention": {"term": "signature of COVID-19", "has_procedure": [{"text": "coronavirus", "maps_to": "C5401375:Coronavirus", "start": 13, "end": 24}], "has_relation": "N/A"}, "Observation": "0.955", "Outcome": "disease prognosis", "Count": ""}, {"Intervention": {"term": "training", "has_procedure": [{"text": "training", "maps_to": "C0220931:training", "start": 0, "end": 8}], "has_relation": "N/A"}, "Observation": "0.955", "Outcome": "disease prognosis", "Count": ""}]}, {"Section": "RESULTS", "Text": "The ROC analysis of both groups demonstrated that the predictive ability of the signature surpassed the use of each of the 5 indicators alone .", "Evidence Elements": {"Participant": [], "Intervention": [{"term": "groups", "negation": "affirmed", "UMLS": {}, "start": 25, "end": 31, "has_relation": "N/A"}, {"term": "signature", "negation": "affirmed", "UMLS": {}, "start": 80, "end": 89, "has_relation": "N/A"}, {"term": "each of the 5 indicators alone", "negation": "affirmed", "UMLS": {}, "start": 111, "end": 141, "has_chemical": [{"text": "indicators", "maps_to": "C0021212:indicators", "start": 14, "end": 24, "has_count": ["5"]}], "has_relation": "N/A"}], "Outcome": [{"term": "predictive ability", "negation": "affirmed", "UMLS": {}, "start": 54, "end": 72}], "Observation": [{"term": "surpassed", "negation": "affirmed", "UMLS": {}, "start": 90, "end": 99}], "Count": []}, "Evidence Propositions": []}, {"Section": "CONCLUSIONS", "Text": "The signature of COVID-19 presents a novel predictor and prognostic biomarker for closely monitoring patients and providing timely treatment for those who are severely or critically ill .", "Evidence Elements": {"Participant": [{"term": "severely or critically ill", "negation": "affirmed", "UMLS": {}, "start": 159, "end": 185}], "Intervention": [], "Outcome": [{"term": "signature of COVID-19", "negation": "affirmed", "UMLS": {}, "start": 4, "end": 25}], "Observation": [], "Count": []}, "Evidence Propositions": []}, {"Section": "UNKNOWN", "Text": "\u00a9 The Author (s ) 2020 .", "Evidence Elements": {"Participant": [], "Intervention": [], "Outcome": [], "Observation": [], "Count": []}, "Evidence Propositions": []}, {"Section": "UNKNOWN", "Text": "Published by Oxford University Press for the Infectious Diseases Society of America .", "Evidence Elements": {"Participant": [], "Intervention": [], "Outcome": [], "Observation": [], "Count": []}, "Evidence Propositions": []}, {"Section": "UNKNOWN", "Text": "All rights reserved .", "Evidence Elements": {"Participant": [], "Intervention": [], "Outcome": [], "Observation": [], "Count": []}, "Evidence Propositions": []}, {"Section": "UNKNOWN", "Text": "For permissions , e-mail : journals . permissions @ oup.com .", "Evidence Elements": {"Participant": [], "Intervention": [], "Outcome": [], "Observation": [], "Count": []}, "Evidence Propositions": []}]}