{"doc_id": "32563787", "type of study": "Therapy", "title": "", "abstract": "Tolerability and effectiveness of povidone-iodine or mupirocin versus saline sinus irrigations for chronic rhinosinusitis.\nThe role of topical anti-infectives in acute exacerbations of chronic rhinosinusitis is controversial.\nPovidone-iodine is an anti-bacterial and anti-viral that is affordable and available over-the-counter and may demonstrate advantages over mupirocin as a sinus irrigation therapy.\nThe objective was to compare povidone-iodine or mupirocin versus saline sinus irrigations for sinusitis exacerbations in post-surgery subjects as well as to assess tolerability of povidone-iodine sinus irrigations.\nMATERIALS AND METHODS : This was a prospective single-blinded (clinician only) randomized controlled trial.\nSubjects were post-surgery with acute exacerbations of chronic rhinosinusitis and gram-positive bacteria on culture.\nThey received povidone-iodine, mupirocin, or saline sinus irrigations, twice daily for 30\u202fdays.\nOutcomes were post-treatment culture negativity (primary) and Sinonasal Outcome Test-20 and Lund-Kennedy endoscopic score change (secondary).\nOf the 62 subjects analyzed, post-treatment culture negativity rate was higher in the MUP (14/20, 70%) group compared to the PI (9/21, 43%) and SAL (9/19, 47%) groups, although this was not significant (p\u202f=\u202f0.29).\nPovidone-iodine sinus irrigations at the 1% concentration were very well-tolerated, similar to saline irrigations.\nThere were no significant differences in Sinonasal Outcome Test-20 score (povidone-iodine -0.3 [-0.6, 0.05] vs. mupirocin -0.3 [-0.7, 0.05] vs. saline -0.4 [-0.8, 0.05]; p\u202f=\u202f0.86) or Lund-Kennedy endoscopic score (povidone-iodine -3.5 [-7, -0.5] vs. mupirocin -2 [-4, 2] vs. saline -3 [-5, 0]; p\u202f=\u202f0.45) change.\nNo serious adverse effects were reported.\nIn patients who have had prior sinus surgery with acute exacerbations of CRS and gram-positive bacteria on culture, mupirocin sinus irrigations achieved a better post-treatment culture \"control\" rate compared to saline and povidone-iodine.\nIn addition, 1% povidone-iodine solution was well-tolerated as a sinus irrigation and may represent a feasible method for temporarily disinfecting the sinonasal cavity of bacteria and viruses such as COVID-19.\nCopyright \u00a9 2020 Elsevier Inc. All rights reserved.\n", "Evidence Map": {"Enrollment": [{"term": "chronic rhinosinusitis", "negation": "affirmed", "UMLS": {}, "start": 99, "end": 121}, {"term": "sinusitis exacerbations", "negation": "affirmed", "UMLS": {}, "start": 94, "end": 117}, {"term": "post-surgery", "negation": "affirmed", "UMLS": {}, "start": 121, "end": 133}, {"term": "post-surgery", "negation": "affirmed", "UMLS": {}, "start": 14, "end": 26}, {"term": "acute exacerbations of chronic rhinosinusitis", "negation": "affirmed", "UMLS": {}, "start": 32, "end": 77}, {"term": "gram-positive bacteria", "negation": "affirmed", "UMLS": {}, "start": 82, "end": 104}, {"term": "prior sinus surgery", "negation": "affirmed", "UMLS": {}, "start": 25, "end": 44}, {"term": "acute exacerbations of CRS", "negation": "affirmed", "UMLS": {}, "start": 50, "end": 76}, {"term": "gram-positive bacteria", "negation": "affirmed", "UMLS": {}, "start": 81, "end": 103}], "Comparison Results": [], "Study Arm 1 Results": [], "Study Arm 2 Results": [], "Hypothesis": []}, "Sentence-level breakdown": [{"Section": "TITLE", "Text": "Tolerability and effectiveness of povidone-iodine or mupirocin versus saline sinus irrigations for chronic rhinosinusitis .", "Evidence Elements": {"Participant": [{"term": "chronic rhinosinusitis", "negation": "affirmed", "UMLS": {}, "start": 99, "end": 121}], "Intervention": [{"term": "povidone-iodine", "negation": "affirmed", "UMLS": {}, "start": 34, "end": 49, "has_chemical": [{"text": "povidone iodine", "maps_to": "C0032857:povidone iodine", "start": 0, "end": 15}], "has_relation": "N/A"}, {"term": "mupirocin", "negation": "affirmed", "UMLS": {}, "start": 53, "end": 62, "has_chemical": [{"text": "mupirocin", "maps_to": "C0085259:mupirocin", "start": 0, "end": 9}], "has_relation": "N/A"}, {"term": "saline sinus irrigations", "negation": "affirmed", "UMLS": {}, "start": 70, "end": 94, "has_procedure": [{"text": "saline sinus irrigations", "maps_to": "C0022100:irrigations", "start": 0, "end": 24}], "has_relation": "N/A"}], "Outcome": [{"term": "Tolerability", "negation": "affirmed", "UMLS": {}, "start": 0, "end": 12}, {"term": "effectiveness", "negation": "affirmed", "UMLS": {}, "start": 17, "end": 30}], "Observation": [], "Count": []}, "Evidence Propositions": []}, {"Section": "OBJECTIVES", "Text": "The role of topical anti-infectives in acute exacerbations of chronic rhinosinusitis is controversial .", "Evidence Elements": {"Participant": [], "Intervention": [], "Outcome": [], "Observation": [], "Count": []}, "Evidence Propositions": []}, {"Section": "OBJECTIVES", "Text": "Povidone-iodine is an anti-bacterial and anti-viral that is affordable and available over-the-counter and may demonstrate advantages over mupirocin as a sinus irrigation therapy .", "Evidence Elements": {"Participant": [], "Intervention": [], "Outcome": [], "Observation": [], "Count": []}, "Evidence Propositions": []}, {"Section": "OBJECTIVES", "Text": "The objective was to compare povidone-iodine or mupirocin versus saline sinus irrigations for sinusitis exacerbations in post-surgery subjects as well as to assess tolerability of povidone-iodine sinus irrigations .", "Evidence Elements": {"Participant": [{"term": "sinusitis exacerbations", "negation": "affirmed", "UMLS": {}, "start": 94, "end": 117}, {"term": "post-surgery", "negation": "affirmed", "UMLS": {}, "start": 121, "end": 133}], "Intervention": [{"term": "povidone-iodine", "negation": "affirmed", "UMLS": {}, "start": 29, "end": 44, "has_chemical": [{"text": "povidone iodine", "maps_to": "C0032857:povidone iodine", "start": 0, "end": 15}], "has_relation": "N/A"}, {"term": "mupirocin", "negation": "affirmed", "UMLS": {}, "start": 48, "end": 57, "has_chemical": [{"text": "mupirocin", "maps_to": "C0085259:mupirocin", "start": 0, "end": 9}], "has_relation": "N/A"}, {"term": "saline sinus irrigations", "negation": "affirmed", "UMLS": {}, "start": 65, "end": 89, "has_procedure": [{"text": "saline sinus irrigations", "maps_to": "C0022100:irrigations", "start": 0, "end": 24}], "has_relation": "N/A"}, {"term": "povidone-iodine sinus irrigations", "negation": "affirmed", "UMLS": {}, "start": 180, "end": 213, "has_procedure": [{"text": "povidone iodine sinus irrigations", "maps_to": "C0022100:irrigations", "start": 0, "end": 33}], "has_relation": "N/A"}], "Outcome": [{"term": "tolerability", "negation": "affirmed", "UMLS": {}, "start": 164, "end": 176}], "Observation": [], "Count": []}, "Evidence Propositions": []}, {"Section": "UNKNOWN", "Text": "MATERIALS AND METHODS : This was a prospective single-blinded ( clinician only ) randomized controlled trial .", "Evidence Elements": {"Participant": [], "Intervention": [], "Outcome": [], "Observation": [], "Count": []}, "Evidence Propositions": []}, {"Section": "UNKNOWN", "Text": "Subjects were post-surgery with acute exacerbations of chronic rhinosinusitis and gram-positive bacteria on culture .", "Evidence Elements": {"Participant": [{"term": "post-surgery", "negation": "affirmed", "UMLS": {}, "start": 14, "end": 26}, {"term": "acute exacerbations of chronic rhinosinusitis", "negation": "affirmed", "UMLS": {}, "start": 32, "end": 77}, {"term": "gram-positive bacteria", "negation": "affirmed", "UMLS": {}, "start": 82, "end": 104}], "Intervention": [], "Outcome": [], "Observation": [], "Count": []}, "Evidence Propositions": []}, {"Section": "UNKNOWN", "Text": "They received povidone-iodine , mupirocin , or saline sinus irrigations , twice daily for 30 days .", "Evidence Elements": {"Participant": [], "Intervention": [{"term": "povidone-iodine", "negation": "affirmed", "UMLS": {}, "start": 14, "end": 29, "has_chemical": [{"text": "povidone iodine", "maps_to": "C0032857:povidone iodine", "start": 0, "end": 15}], "has_relation": "N/A"}, {"term": "mupirocin", "negation": "affirmed", "UMLS": {}, "start": 32, "end": 41, "has_chemical": [{"text": "mupirocin", "maps_to": "C0085259:mupirocin", "start": 0, "end": 9}], "has_relation": "N/A"}, {"term": "saline sinus irrigations", "negation": "affirmed", "UMLS": {}, "start": 47, "end": 71, "has_procedure": [{"text": "saline sinus irrigations", "maps_to": "C0022100:irrigations", "start": 0, "end": 24}], "has_relation": "N/A"}], "Outcome": [], "Observation": [], "Count": []}, "Evidence Propositions": []}, {"Section": "UNKNOWN", "Text": "Outcomes were post-treatment culture negativity ( primary ) and Sinonasal Outcome Test-20 and Lund-Kennedy endoscopic score change ( secondary ) .", "Evidence Elements": {"Participant": [], "Intervention": [], "Outcome": [{"term": "post-treatment culture negativity", "negation": "affirmed", "UMLS": {}, "start": 14, "end": 47}, {"term": "Sinonasal Outcome Test-20", "negation": "affirmed", "UMLS": {}, "start": 64, "end": 89}, {"term": "Lund-Kennedy endoscopic score", "negation": "affirmed", "UMLS": {}, "start": 94, "end": 123}], "Observation": [], "Count": []}, "Evidence Propositions": []}, {"Section": "RESULTS", "Text": "Of the 62 subjects analyzed , post-treatment culture negativity rate was higher in the MUP ( 14 / 20,70 % ) group compared to the PI ( 9 / 21,43 % ) and SAL ( 9 / 19,47 % ) groups , although this was not significant ( p = 0.29 ) .", "Evidence Elements": {"Participant": [], "Intervention": [{"term": "MUP", "negation": "affirmed", "UMLS": {}, "start": 87, "end": 90, "has_relation": "N/A"}, {"term": "PI", "negation": "affirmed", "UMLS": {}, "start": 130, "end": 132, "has_relation": "N/A"}, {"term": "SAL", "negation": "affirmed", "UMLS": {}, "start": 153, "end": 156, "has_relation": "N/A"}], "Outcome": [{"term": "post-treatment culture negativity rate", "negation": "affirmed", "UMLS": {}, "start": 30, "end": 68}], "Observation": [{"term": "higher", "negation": "affirmed", "UMLS": {}, "start": 73, "end": 79}], "Count": [{"term": "20,70 %", "negation": "affirmed", "UMLS": {}, "start": 98, "end": 105}, {"term": "21,43 %", "negation": "affirmed", "UMLS": {}, "start": 139, "end": 146}, {"term": "19,47 %", "negation": "affirmed", "UMLS": {}, "start": 163, "end": 170}]}, "Evidence Propositions": [{"Intervention": [{"term": "MUP", "has_relation": "N/A"}, {"term": "PI", "has_relation": "N/A"}, {"term": "SAL", "has_relation": "N/A"}], "Observation": "higher", "Outcome": "post-treatment culture negativity rate", "Count": ""}]}, {"Section": "RESULTS", "Text": "Povidone-iodine sinus irrigations at the 1 % concentration were very well-tolerated , similar to saline irrigations .", "Evidence Elements": {"Participant": [], "Intervention": [{"term": "Povidone-iodine sinus irrigations at the 1 % concentration", "negation": "affirmed", "UMLS": {}, "start": 0, "end": 58, "has_procedure": [{"text": "povidone iodine sinus irrigations", "maps_to": "C0022100:irrigations", "start": 0, "end": 33, "has_strength": ["1 %"]}], "has_relation": "N/A"}], "Outcome": [], "Observation": [{"term": "very well-tolerated", "negation": "affirmed", "UMLS": {}, "start": 64, "end": 83}], "Count": []}, "Evidence Propositions": []}, {"Section": "RESULTS", "Text": "There were no significant differences in Sinonasal Outcome Test-20 score ( povidone-iodine -0.3 [ -0.6 , 0.05 ] vs . mupirocin-0.3 [ -0.7 , 0.05 ] vs . saline-0.4 [ -0.8 , 0.05 ] ; p = 0.86 ) or Lund-Kennedy endoscopic score ( povidone-iodine-3.5 [ -7 , -0.5 ] vs . mupirocin-2 [ -4 , 2 ] vs . saline-3 [ -5 , 0 ] ; p = 0.45 ) change .", "Evidence Elements": {"Participant": [], "Intervention": [{"term": "povidone-iodine", "negation": "negated", "UMLS": {}, "start": 75, "end": 90, "has_chemical": [{"text": "povidone iodine", "maps_to": "C0032857:povidone iodine", "start": 0, "end": 15}], "has_relation": "N/A"}, {"term": "mupirocin-0.3", "negation": "negated", "UMLS": {}, "start": 117, "end": 130, "has_chemical": [{"text": "mupirocin", "maps_to": "C0085259:mupirocin", "start": 0, "end": 9}], "has_relation": "N/A"}, {"term": "saline-0.4", "negation": "negated", "UMLS": {}, "start": 152, "end": 162, "has_chemical": [{"text": "saline", "maps_to": "C0723199:salinex", "start": 0, "end": 6}], "has_relation": "N/A"}, {"term": "povidone-iodine-3.5", "negation": "negated", "UMLS": {}, "start": 227, "end": 246, "has_chemical": [{"text": "povidone iodine", "maps_to": "C0032857:povidone iodine", "start": 0, "end": 15}], "has_relation": "N/A"}], "Outcome": [{"term": "Sinonasal Outcome Test-20 score", "negation": "negated", "UMLS": {}, "start": 41, "end": 72}, {"term": "Lund-Kennedy endoscopic score", "negation": "negated", "UMLS": {}, "start": 195, "end": 224}], "Observation": [{"term": "significant differences", "negation": "affirmed", "UMLS": {}, "start": 14, "end": 37}], "Count": []}, "Evidence Propositions": [{"Intervention": [{"term": "povidone-iodine", "has_chemical": [{"text": "povidone iodine", "maps_to": "C0032857:povidone iodine", "start": 0, "end": 15}], "has_relation": "N/A"}, {"term": "mupirocin-0.3", "has_chemical": [{"text": "mupirocin", "maps_to": "C0085259:mupirocin", "start": 0, "end": 9}], "has_relation": "N/A"}, {"term": "saline-0.4", "has_chemical": [{"text": "saline", "maps_to": "C0723199:salinex", "start": 0, "end": 6}], "has_relation": "N/A"}, {"term": "povidone-iodine-3.5", "has_chemical": [{"text": "povidone iodine", "maps_to": "C0032857:povidone iodine", "start": 0, "end": 15}], "has_relation": "N/A"}], "Observation": "significant differences", "Outcome": "Sinonasal Outcome Test-20 score", "Count": ""}, {"Intervention": [{"term": "povidone-iodine", "has_chemical": [{"text": "povidone iodine", "maps_to": "C0032857:povidone iodine", "start": 0, "end": 15}], "has_relation": "N/A"}, {"term": "mupirocin-0.3", "has_chemical": [{"text": "mupirocin", "maps_to": "C0085259:mupirocin", "start": 0, "end": 9}], "has_relation": "N/A"}, {"term": "saline-0.4", "has_chemical": [{"text": "saline", "maps_to": "C0723199:salinex", "start": 0, "end": 6}], "has_relation": "N/A"}, {"term": "povidone-iodine-3.5", "has_chemical": [{"text": "povidone iodine", "maps_to": "C0032857:povidone iodine", "start": 0, "end": 15}], "has_relation": "N/A"}], "Observation": "significant differences", "Outcome": "Lund-Kennedy endoscopic score", "Count": ""}]}, {"Section": "RESULTS", "Text": "No serious adverse effects were reported .", "Evidence Elements": {"Participant": [], "Intervention": [], "Outcome": [{"term": "serious adverse effects", "negation": "negated", "UMLS": {}, "start": 3, "end": 26}], "Observation": [], "Count": [{"term": "No", "negation": "negated", "UMLS": {}, "start": 0, "end": 2}]}, "Evidence Propositions": []}, {"Section": "CONCLUSIONS", "Text": "In patients who have had prior sinus surgery with acute exacerbations of CRS and gram-positive bacteria on culture , mupirocin sinus irrigations achieved a better post-treatment culture \" control \" rate compared to saline and povidone-iodine .", "Evidence Elements": {"Participant": [{"term": "prior sinus surgery", "negation": "affirmed", "UMLS": {}, "start": 25, "end": 44}, {"term": "acute exacerbations of CRS", "negation": "affirmed", "UMLS": {}, "start": 50, "end": 76}, {"term": "gram-positive bacteria", "negation": "affirmed", "UMLS": {}, "start": 81, "end": 103}], "Intervention": [{"term": "mupirocin sinus irrigations", "negation": "affirmed", "UMLS": {}, "start": 117, "end": 144, "has_procedure": [{"text": "mupirocin sinus irrigations", "maps_to": "C0022100:irrigations", "start": 0, "end": 27}], "has_relation": "N/A"}], "Outcome": [{"term": "post-treatment culture \" control \" rate", "negation": "affirmed", "UMLS": {}, "start": 163, "end": 202}], "Observation": [{"term": "better", "negation": "affirmed", "UMLS": {}, "start": 156, "end": 162}], "Count": []}, "Evidence Propositions": []}, {"Section": "CONCLUSIONS", "Text": "In addition , 1 % povidone-iodine solution was well-tolerated as a sinus irrigation and may represent a feasible method for temporarily disinfecting the sinonasal cavity of bacteria and viruses such as COVID-19 .", "Evidence Elements": {"Participant": [], "Intervention": [{"term": "1 % povidone-iodine solution", "negation": "affirmed", "UMLS": {}, "start": 14, "end": 42, "has_chemical": [{"text": "povidone iodine", "maps_to": "C0032857:povidone iodine", "start": 4, "end": 19, "has_form": ["solution"], "has_strength": ["1 %"]}], "has_relation": "N/A"}], "Outcome": [], "Observation": [{"term": "well-tolerated", "negation": "affirmed", "UMLS": {}, "start": 47, "end": 61}], "Count": []}, "Evidence Propositions": []}, {"Section": "UNKNOWN", "Text": "Copyright \u00a9 2020 Elsevier Inc . All rights reserved .", "Evidence Elements": {"Participant": [], "Intervention": [], "Outcome": [], "Observation": [], "Count": []}, "Evidence Propositions": []}]}