{"doc_id": "32661006", "type of study": "Therapy", "title": "", "abstract": "A Randomized Clinical Trial of the Efficacy and Safety of Interferon \u03b2-1a in Treatment of Severe COVID-19.\nTo the best of our knowledge, there is no published study on the use of interferon \u03b2-1a (IFN \u03b2-1a) in the treatment of severe COVID-19.\nIn this randomized clinical trial, the efficacy and safety of IFN \u03b2-1a were evaluated in patients with severe COVID-19.\nForty-two patients in the interferon group received IFN \u03b2-1a in addition to the national protocol medications (hydroxychloroquine plus lopinavir-ritonavir or atazanavir-ritonavir).\nEach 44-\u03bcg/ml (12 million IU/ml) dose of interferon \u03b2-1a was subcutaneously injected three times weekly for two consecutive weeks.\nThe control group consisted of 39 patients who received only the national protocol medications.\nThe primary outcome of the study was time to reach clinical response.\nSecondary outcomes were duration of hospital stay, length of intensive care unit stay, 28-day mortality, effect of early or late administration of IFN on mortality, adverse effects, and complications during the hospitalization.\nBetween 29 February and 3 April 2020, 92 patients were recruited, and a total of 42 patients in the IFN group and 39 patients in the control group completed the study.\nAs the primary outcome, time to the clinical response was not significantly different between the IFN and the control groups (9.7\u2009\u00b1\u20095.8 versus 8.3\u2009\u00b1\u20094.9\u2009days, respectively, P\u2009=\u20090.95).\nOn day 14, 66.7% versus 43.6% of patients in the IFN group and the control group, respectively, were discharged (odds ratio [OR], 2.5; 95% confidence interval [CI], 1.05 to 6.37).\nThe 28-day overall mortality was significantly lower in the IFN than the control group (19% versus 43.6%, respectively, P = 0.015).\nEarly administration significantly reduced mortality (OR,\u200913.5; 95% CI, 1.5 to 118).\nAlthough IFN did not change the time to reach the clinical response, adding it to the national protocol significantly increased discharge rate on day 14 and decreased 28-day mortality.\n(This study is in the Iranian Registry of Clinical Trials under identifier IRCT20100228003449N28.).\nCopyright \u00a9 2020 American Society for Microbiology.\n", "Evidence Map": {"Enrollment": [{"term": "Severe COVID-19", "negation": "affirmed", "UMLS": {}, "start": 90, "end": 105}, {"term": "severe", "negation": "affirmed", "UMLS": {}, "start": 104, "end": 110}], "Comparison Results": [], "Study Arm 1 Results": [], "Study Arm 2 Results": [], "Hypothesis": []}, "Sentence-level breakdown": [{"Section": "TITLE", "Text": "A Randomized Clinical Trial of the Efficacy and Safety of Interferon \u03b2-1a in Treatment of Severe COVID-19 .", "Evidence Elements": {"Participant": [{"term": "Severe COVID-19", "negation": "affirmed", "UMLS": {}, "start": 90, "end": 105}], "Intervention": [{"term": "Interferon \u03b2-1a", "negation": "affirmed", "UMLS": {}, "start": 58, "end": 73, "has_chemical": [{"text": "interferon", "maps_to": "C0733470:interferon", "start": 0, "end": 10}], "has_relation": "N/A"}], "Outcome": [{"term": "Efficacy", "negation": "affirmed", "UMLS": {}, "start": 35, "end": 43}, {"term": "Safety", "negation": "affirmed", "UMLS": {}, "start": 48, "end": 54}], "Observation": [], "Count": []}, "Evidence Propositions": []}, {"Section": "UNKNOWN", "Text": "To the best of our knowledge , there is no published study on the use of interferon \u03b2-1a ( IFN \u03b2-1a ) in the treatment of severe COVID-19 .", "Evidence Elements": {"Participant": [], "Intervention": [], "Outcome": [], "Observation": [], "Count": []}, "Evidence Propositions": []}, {"Section": "UNKNOWN", "Text": "In this randomized clinical trial , the efficacy and safety of IFN \u03b2-1a were evaluated in patients with severe COVID-19 .", "Evidence Elements": {"Participant": [{"term": "severe", "negation": "affirmed", "UMLS": {}, "start": 104, "end": 110}], "Intervention": [{"term": "IFN \u03b2-1a", "negation": "affirmed", "UMLS": {}, "start": 63, "end": 71, "has_chemical": [{"text": "interferon", "maps_to": "C0733470:interferon", "start": 0, "end": 10}], "has_relation": "N/A"}], "Outcome": [{"term": "efficacy", "negation": "affirmed", "UMLS": {}, "start": 40, "end": 48}, {"term": "safety", "negation": "affirmed", "UMLS": {}, "start": 53, "end": 59}], "Observation": [], "Count": []}, "Evidence Propositions": []}, {"Section": "UNKNOWN", "Text": "Forty-two patients in the interferon group received IFN \u03b2-1a in addition to the national protocol medications ( hydroxychloroquine plus lopinavir-ritonavir or atazanavir-ritonavir ) .", "Evidence Elements": {"Participant": [], "Intervention": [{"term": "interferon", "negation": "affirmed", "UMLS": {}, "start": 26, "end": 36, "has_chemical": [{"text": "interferon", "maps_to": "C0733470:interferon", "start": 0, "end": 10}], "has_relation": "N/A"}, {"term": "IFN \u03b2-1a in addition to the national protocol medications", "negation": "affirmed", "UMLS": {}, "start": 52, "end": 109, "has_chemical": [{"text": "interferon", "maps_to": "C0733470:interferon", "start": 0, "end": 10}, {"text": "national protocol medications", "maps_to": "C0013227:medications", "start": 35, "end": 64}], "has_relation": "combined_with (C0733470<->C0013227)"}, {"term": "hydroxychloroquine plus lopinavir-ritonavir or", "negation": "affirmed", "UMLS": {}, "start": 112, "end": 158, "has_chemical": [{"text": "hydroxychloroquine", "maps_to": "C0020336:hydroxychloroquine", "start": 0, "end": 18}, {"text": "lopinavir ritonavir", "maps_to": "C0939237:lopinavir ritonavir", "start": 24, "end": 43}], "has_relation": "combined_with (C0020336<->C0939237)"}], "Outcome": [], "Observation": [], "Count": []}, "Evidence Propositions": []}, {"Section": "UNKNOWN", "Text": "Each 44-\u03bcg / ml ( 12 million IU / ml ) dose of interferon \u03b2-1a was subcutaneously injected three times weekly for two consecutive weeks .", "Evidence Elements": {"Participant": [], "Intervention": [{"term": "interferon \u03b2-1a", "negation": "affirmed", "UMLS": {}, "start": 47, "end": 62, "has_chemical": [{"text": "interferon", "maps_to": "C0733470:interferon", "start": 0, "end": 10}], "has_relation": "N/A"}], "Outcome": [], "Observation": [], "Count": []}, "Evidence Propositions": []}, {"Section": "UNKNOWN", "Text": "The control group consisted of 39 patients who received only the national protocol medications .", "Evidence Elements": {"Participant": [], "Intervention": [{"term": "national protocol medications", "negation": "affirmed", "UMLS": {}, "start": 65, "end": 94, "has_chemical": [{"text": "national protocol medications", "maps_to": "C0013227:medications", "start": 0, "end": 29}], "has_relation": "N/A"}], "Outcome": [], "Observation": [], "Count": []}, "Evidence Propositions": []}, {"Section": "UNKNOWN", "Text": "The primary outcome of the study was time to reach clinical response .", "Evidence Elements": {"Participant": [], "Intervention": [], "Outcome": [{"term": "time to reach clinical response", "negation": "affirmed", "UMLS": {}, "start": 37, "end": 68}], "Observation": [], "Count": []}, "Evidence Propositions": []}, {"Section": "UNKNOWN", "Text": "Secondary outcomes were duration of hospital stay , length of intensive care unit stay , 28-day mortality , effect of early or late administration of IFN on mortality , adverse effects , and complications during the hospitalization .", "Evidence Elements": {"Participant": [], "Intervention": [{"term": "early or late administration of IFN", "negation": "affirmed", "UMLS": {}, "start": 118, "end": 153, "has_relation": "N/A"}], "Outcome": [{"term": "duration of hospital stay", "negation": "affirmed", "UMLS": {}, "start": 24, "end": 49}, {"term": "length of intensive care unit stay", "negation": "affirmed", "UMLS": {}, "start": 52, "end": 86}, {"term": "28-day mortality", "negation": "affirmed", "UMLS": {}, "start": 89, "end": 105}, {"term": "mortality", "negation": "affirmed", "UMLS": {}, "start": 96, "end": 105}, {"term": "adverse effects", "negation": "affirmed", "UMLS": {}, "start": 169, "end": 184}], "Observation": [], "Count": []}, "Evidence Propositions": []}, {"Section": "UNKNOWN", "Text": "Between 29 February and 3 April 2020 , 92 patients were recruited , and a total of 42 patients in the IFN group and 39 patients in the control group completed the study .", "Evidence Elements": {"Participant": [], "Intervention": [{"term": "IFN", "negation": "affirmed", "UMLS": {}, "start": 102, "end": 105, "has_relation": "N/A"}, {"term": "control", "negation": "affirmed", "UMLS": {}, "start": 135, "end": 142, "has_relation": "N/A"}], "Outcome": [], "Observation": [], "Count": []}, "Evidence Propositions": []}, {"Section": "UNKNOWN", "Text": "As the primary outcome , time to the clinical response was not significantly different between the IFN and the control groups ( 9.7 \u00b1 5.8 versus 8.3 \u00b1 4.9 days , respectively , P = 0.95 ) .", "Evidence Elements": {"Participant": [], "Intervention": [{"term": "IFN", "negation": "negated", "UMLS": {}, "start": 99, "end": 102, "has_relation": "N/A"}, {"term": "control", "negation": "negated", "UMLS": {}, "start": 111, "end": 118, "has_relation": "N/A"}], "Outcome": [{"term": "time to the clinical response", "negation": "affirmed", "UMLS": {}, "start": 25, "end": 54}], "Observation": [{"term": "significantly different", "negation": "negated", "UMLS": {}, "start": 63, "end": 86}, {"term": "9.7 \u00b1 5.8", "negation": "negated", "UMLS": {}, "start": 128, "end": 137}, {"term": "8.3 \u00b1 4.9 days", "negation": "negated", "UMLS": {}, "start": 145, "end": 159}], "Count": []}, "Evidence Propositions": [{"Intervention": [{"term": "IFN", "has_relation": "N/A"}, {"term": "control", "has_relation": "N/A"}], "Observation": "significantly different", "Outcome": "time to the clinical response", "Count": ""}, {"Intervention": {"term": "IFN", "has_relation": "N/A"}, "Observation": "9.7 \u00b1 5.8", "Outcome": "time to the clinical response", "Count": ""}, {"Intervention": {"term": "control", "has_relation": "N/A"}, "Observation": "8.3 \u00b1 4.9 days", "Outcome": "time to the clinical response", "Count": ""}]}, {"Section": "UNKNOWN", "Text": "On day 14 , 66.7 % versus 43.6 % of patients in the IFN group and the control group , respectively , were discharged ( odds ratio [ OR ] , 2.5 ; 95 % confidence interval [ CI ] , 1.05 to 6.37 ) .", "Evidence Elements": {"Participant": [], "Intervention": [{"term": "IFN", "negation": "affirmed", "UMLS": {}, "start": 52, "end": 55, "has_relation": "N/A"}, {"term": "control", "negation": "affirmed", "UMLS": {}, "start": 70, "end": 77, "has_relation": "N/A"}], "Outcome": [{"term": "discharged", "negation": "affirmed", "UMLS": {}, "start": 106, "end": 116}], "Observation": [], "Count": [{"term": "66.7 %", "negation": "affirmed", "UMLS": {}, "start": 12, "end": 18}, {"term": "43.6 % of patients", "negation": "affirmed", "UMLS": {}, "start": 26, "end": 44}]}, "Evidence Propositions": [{"Intervention": {"term": "IFN", "has_relation": "N/A"}, "Observation": "", "Count": "43.6 % of patients", "Outcome": "discharged"}]}, {"Section": "UNKNOWN", "Text": "The 28-day overall mortality was significantly lower in the IFN than the control group ( 19 % versus 43.6 % , respectively , P = 0.015 ) .", "Evidence Elements": {"Participant": [], "Intervention": [{"term": "IFN", "negation": "affirmed", "UMLS": {}, "start": 60, "end": 63, "has_relation": "N/A"}, {"term": "control", "negation": "affirmed", "UMLS": {}, "start": 73, "end": 80, "has_relation": "N/A"}], "Outcome": [{"term": "28-day overall mortality", "negation": "affirmed", "UMLS": {}, "start": 4, "end": 28}], "Observation": [{"term": "significantly lower", "negation": "affirmed", "UMLS": {}, "start": 33, "end": 52}, {"term": "19 %", "negation": "affirmed", "UMLS": {}, "start": 89, "end": 93}, {"term": "43.6 %", "negation": "affirmed", "UMLS": {}, "start": 101, "end": 107}], "Count": []}, "Evidence Propositions": [{"Intervention": [{"term": "IFN", "has_relation": "N/A"}, {"term": "control", "has_relation": "N/A"}], "Observation": "significantly lower", "Outcome": "28-day overall mortality", "Count": ""}, {"Intervention": {"term": "IFN", "has_relation": "N/A"}, "Observation": "19 %", "Outcome": "28-day overall mortality", "Count": ""}, {"Intervention": {"term": "control", "has_relation": "N/A"}, "Observation": "43.6 %", "Outcome": "28-day overall mortality", "Count": ""}]}, {"Section": "UNKNOWN", "Text": "Early administration significantly reduced mortality ( OR , 13.5 ; 95 % CI , 1.5 to 118 ) .", "Evidence Elements": {"Participant": [], "Intervention": [{"term": "Early administration", "negation": "affirmed", "UMLS": {}, "start": 0, "end": 20, "has_relation": "N/A"}], "Outcome": [{"term": "mortality", "negation": "affirmed", "UMLS": {}, "start": 43, "end": 52}], "Observation": [{"term": "significantly reduced", "negation": "affirmed", "UMLS": {}, "start": 21, "end": 42}], "Count": []}, "Evidence Propositions": []}, {"Section": "UNKNOWN", "Text": "Although IFN did not change the time to reach the clinical response , adding it to the national protocol significantly increased discharge rate on day 14 and decreased 28-day mortality .", "Evidence Elements": {"Participant": [], "Intervention": [{"term": "IFN", "negation": "affirmed", "UMLS": {}, "start": 9, "end": 12, "has_relation": "N/A"}, {"term": "adding it to the national protocol", "negation": "negated", "UMLS": {}, "start": 70, "end": 104, "has_relation": "N/A"}], "Outcome": [{"term": "time to reach the clinical response", "negation": "negated", "UMLS": {}, "start": 32, "end": 67}, {"term": "discharge rate", "negation": "negated", "UMLS": {}, "start": 129, "end": 143}, {"term": "28-day", "negation": "negated", "UMLS": {}, "start": 168, "end": 174}], "Observation": [{"term": "change", "negation": "negated", "UMLS": {}, "start": 21, "end": 27}, {"term": "significantly increased", "negation": "negated", "UMLS": {}, "start": 105, "end": 128}, {"term": "decreased", "negation": "negated", "UMLS": {}, "start": 158, "end": 167}], "Count": []}, "Evidence Propositions": [{"Intervention": {"term": "IFN", "has_relation": "N/A"}, "Observation": "change", "Outcome": "time to reach the clinical response", "Count": ""}]}, {"Section": "UNKNOWN", "Text": "( This study is in the Iranian Registry of Clinical Trials under identifier IRCT20100228003449N28 . ) .", "Evidence Elements": {"Participant": [], "Intervention": [], "Outcome": [], "Observation": [], "Count": []}, "Evidence Propositions": []}, {"Section": "UNKNOWN", "Text": "Copyright \u00a9 2020 American Society for Microbiology .", "Evidence Elements": {"Participant": [], "Intervention": [], "Outcome": [], "Observation": [], "Count": []}, "Evidence Propositions": []}]}