{"doc_id": "32696396", "type of study": "Therapy", "title": "", "abstract": "A Small-Scale Medication of Leflunomide as a Treatment of COVID-19 in an Open-Label Blank-Controlled Clinical Trial.\nWe recently reported that inhibitors against human dihydroorotate dehydrogenase (DHODH) have broad-spectrum antiviral activities including their inhibitory efficacies on SARS-CoV-2 replication in infected cells.\nHowever, there are limited data from clinical studies to prove the application of DHODH inhibitors in Coronavirus disease 2019 (COVID-19) patients.\nIn the\u00a0present study, we evaluated Leflunomide, an approved DHODH inhibitor widely used as a modest immune regulator to treat autoimmune diseases, in treating COVID-19 disease with a small-scale of patients.\nCases of 10 laboratory-confirmed COVID-19 patients of moderate type with obvious opacity in the lung were included.\nFive of the patients were treated with Leflunomide, and another five were treated as blank controls without a placebo.\nAll the patients accepted standard supportive treatment for COVID-19.\nThe patients given Leflunomide had a shorter viral shedding time (median of 5\u00a0days) than the controls (median of 11\u00a0days, P\u2009=\u20090.046).\nThe patients given Leflunomide also showed a significant reduction in C-reactive protein levels, indicating that immunopathological inflammation was well controlled.\nNo obvious adverse effects were observed in Leflunomide-treated patients, and they all discharged from the hospital faster than controls.\nThis preliminary study on a small-scale compassionate use of Leflunomide provides clues for further understanding of Leflunomide as a potential antiviral drug against COVID-19.\n", "Evidence Map": {"Enrollment": [{"term": "COVID-19", "negation": "affirmed", "UMLS": {}, "start": 58, "end": 66}, {"term": "COVID-19 disease", "negation": "affirmed", "UMLS": {}, "start": 162, "end": 178}, {"term": "laboratory-confirmed COVID-19", "negation": "affirmed", "UMLS": {}, "start": 12, "end": 41}, {"term": "moderate type", "negation": "affirmed", "UMLS": {}, "start": 54, "end": 67}, {"term": "obvious opacity in the lung", "negation": "affirmed", "UMLS": {}, "start": 73, "end": 100}, {"term": "COVID-19", "negation": "affirmed", "UMLS": {}, "start": 60, "end": 68}], "Comparison Results": [], "Study Arm 1 Results": [], "Study Arm 2 Results": [], "Hypothesis": []}, "Sentence-level breakdown": [{"Section": "TITLE", "Text": "A Small-Scale Medication of Leflunomide as a Treatment of COVID-19 in an Open-Label Blank-Controlled Clinical Trial .", "Evidence Elements": {"Participant": [{"term": "COVID-19", "negation": "affirmed", "UMLS": {}, "start": 58, "end": 66}], "Intervention": [{"term": "Small-Scale Medication of Leflunomide", "negation": "affirmed", "UMLS": {}, "start": 2, "end": 39, "has_chemical": [{"text": "small scale medication", "maps_to": "C0013227:medication", "start": 0, "end": 22}, {"text": "leflunomide", "maps_to": "C0063041:leflunomide", "start": 26, "end": 37}], "has_relation": "N/A"}], "Outcome": [], "Observation": [], "Count": []}, "Evidence Propositions": []}, {"Section": "UNKNOWN", "Text": "We recently reported that inhibitors against human dihydroorotate dehydrogenase ( DHODH ) have broad-spectrum antiviral activities including their inhibitory efficacies on SARS-CoV-2 replication in infected cells .", "Evidence Elements": {"Participant": [], "Intervention": [], "Outcome": [{"term": "inhibitory efficacies", "negation": "affirmed", "UMLS": {}, "start": 147, "end": 168}, {"term": "replication", "negation": "affirmed", "UMLS": {}, "start": 183, "end": 194}], "Observation": [], "Count": []}, "Evidence Propositions": []}, {"Section": "UNKNOWN", "Text": "However , there are limited data from clinical studies to prove the application of DHODH inhibitors in Coronavirus disease 2019 ( COVID-19 ) patients .", "Evidence Elements": {"Participant": [], "Intervention": [], "Outcome": [], "Observation": [], "Count": []}, "Evidence Propositions": []}, {"Section": "UNKNOWN", "Text": "In the present study , we evaluated Leflunomide , an approved DHODH inhibitor widely used as a modest immune regulator to treat autoimmune diseases , in treating COVID-19 disease with a small-scale of patients .", "Evidence Elements": {"Participant": [{"term": "COVID-19 disease", "negation": "affirmed", "UMLS": {}, "start": 162, "end": 178}], "Intervention": [{"term": "Leflunomide", "negation": "affirmed", "UMLS": {}, "start": 36, "end": 47, "has_chemical": [{"text": "leflunomide", "maps_to": "C0063041:leflunomide", "start": 0, "end": 11}], "has_relation": "N/A"}], "Outcome": [], "Observation": [], "Count": []}, "Evidence Propositions": []}, {"Section": "UNKNOWN", "Text": "Cases of 10 laboratory-confirmed COVID-19 patients of moderate type with obvious opacity in the lung were included .", "Evidence Elements": {"Participant": [{"term": "laboratory-confirmed COVID-19", "negation": "affirmed", "UMLS": {}, "start": 12, "end": 41}, {"term": "moderate type", "negation": "affirmed", "UMLS": {}, "start": 54, "end": 67}, {"term": "obvious opacity in the lung", "negation": "affirmed", "UMLS": {}, "start": 73, "end": 100}], "Intervention": [], "Outcome": [], "Observation": [], "Count": []}, "Evidence Propositions": []}, {"Section": "UNKNOWN", "Text": "Five of the patients were treated with Leflunomide , and another five were treated as blank controls without a placebo .", "Evidence Elements": {"Participant": [], "Intervention": [{"term": "Leflunomide", "negation": "affirmed", "UMLS": {}, "start": 39, "end": 50, "has_chemical": [{"text": "leflunomide", "maps_to": "C0063041:leflunomide", "start": 0, "end": 11}], "has_relation": "N/A"}, {"term": "controls without a", "negation": "affirmed", "UMLS": {}, "start": 92, "end": 110, "has_relation": "N/A"}], "Outcome": [], "Observation": [], "Count": []}, "Evidence Propositions": []}, {"Section": "UNKNOWN", "Text": "All the patients accepted standard supportive treatment for COVID-19 .", "Evidence Elements": {"Participant": [{"term": "COVID-19", "negation": "affirmed", "UMLS": {}, "start": 60, "end": 68}], "Intervention": [{"term": "standard supportive treatment", "negation": "affirmed", "UMLS": {}, "start": 26, "end": 55, "has_procedure": [{"text": "standard supportive treatment", "maps_to": "C0087111:treatment", "start": 0, "end": 29}], "has_relation": "N/A"}], "Outcome": [], "Observation": [], "Count": []}, "Evidence Propositions": []}, {"Section": "UNKNOWN", "Text": "The patients given Leflunomide had a shorter viral shedding time ( median of 5 days ) than the controls ( median of 11 days , P = 0.046 ) .", "Evidence Elements": {"Participant": [], "Intervention": [{"term": "Leflunomide", "negation": "affirmed", "UMLS": {}, "start": 19, "end": 30, "has_chemical": [{"text": "leflunomide", "maps_to": "C0063041:leflunomide", "start": 0, "end": 11}], "has_relation": "N/A"}, {"term": "controls", "negation": "affirmed", "UMLS": {}, "start": 95, "end": 103, "has_relation": "N/A"}], "Outcome": [{"term": "viral shedding time", "negation": "affirmed", "UMLS": {}, "start": 45, "end": 64}], "Observation": [{"term": "shorter", "negation": "affirmed", "UMLS": {}, "start": 37, "end": 44}, {"term": "5 days", "negation": "affirmed", "UMLS": {}, "start": 77, "end": 83}, {"term": "11 days", "negation": "affirmed", "UMLS": {}, "start": 116, "end": 123}], "Count": []}, "Evidence Propositions": [{"Intervention": [], "Observation": "shorter", "Outcome": "", "Count": ""}]}, {"Section": "UNKNOWN", "Text": "The patients given Leflunomide also showed a significant reduction in C-reactive protein levels , indicating that immunopathological inflammation was well controlled .", "Evidence Elements": {"Participant": [], "Intervention": [{"term": "Leflunomide", "negation": "affirmed", "UMLS": {}, "start": 19, "end": 30, "has_chemical": [{"text": "leflunomide", "maps_to": "C0063041:leflunomide", "start": 0, "end": 11}], "has_relation": "N/A"}], "Outcome": [{"term": "C-reactive protein levels", "negation": "affirmed", "UMLS": {}, "start": 70, "end": 95}, {"term": "immunopathological inflammation", "negation": "affirmed", "UMLS": {}, "start": 114, "end": 145}], "Observation": [{"term": "significant reduction", "negation": "affirmed", "UMLS": {}, "start": 45, "end": 66}, {"term": "well", "negation": "affirmed", "UMLS": {}, "start": 150, "end": 154}], "Count": []}, "Evidence Propositions": [{"Intervention": {"term": "Leflunomide", "has_chemical": [{"text": "leflunomide", "maps_to": "C0063041:leflunomide", "start": 0, "end": 11}], "has_relation": "N/A"}, "Observation": "significant reduction", "Outcome": "C-reactive protein levels", "Count": ""}, {"Intervention": {"term": "Leflunomide", "has_chemical": [{"text": "leflunomide", "maps_to": "C0063041:leflunomide", "start": 0, "end": 11}], "has_relation": "N/A"}, "Observation": "well", "Outcome": "immunopathological inflammation", "Count": ""}]}, {"Section": "UNKNOWN", "Text": "No obvious adverse effects were observed in Leflunomide-treated patients , and they all discharged from the hospital faster than controls .", "Evidence Elements": {"Participant": [], "Intervention": [{"term": "Leflunomide-treated", "negation": "negated", "UMLS": {}, "start": 44, "end": 63, "has_chemical": [{"text": "leflunomide", "maps_to": "C0063041:leflunomide", "start": 0, "end": 11}], "has_relation": "N/A"}], "Outcome": [{"term": "obvious adverse effects", "negation": "negated", "UMLS": {}, "start": 3, "end": 26}, {"term": "discharged from the hospital", "negation": "negated", "UMLS": {}, "start": 88, "end": 116}], "Observation": [{"term": "faster", "negation": "negated", "UMLS": {}, "start": 117, "end": 123}], "Count": []}, "Evidence Propositions": []}, {"Section": "UNKNOWN", "Text": "This preliminary study on a small-scale compassionate use of Leflunomide provides clues for further understanding of Leflunomide as a potential antiviral drug against COVID-19 .", "Evidence Elements": {"Participant": [], "Intervention": [], "Outcome": [], "Observation": [], "Count": []}, "Evidence Propositions": []}]}