{"doc_id": "32763640", "type of study": "Therapy", "title": "", "abstract": "Implementing an intensive care unit (ICU) diary program at a large academic medical center: Results from a randomized control trial evaluating psychological morbidity associated with critical illness.\nPsychological morbidity in both patients and family members related to the intensive care unit (ICU) experience is an often overlooked, and potentially persistent, healthcare problem recognized by the Society of Critical Care Medicine as Post-intensive Care Syndrome (PICS).\nICU diaries are an intervention increasingly under study with potential to mitigate ICU-related psychological morbidity, including ICU-related post-traumatic stress disorder (PTSD), depression and anxiety.\nAs we encounter a growing number of ICU survivors, in particular in the wake of the coronavirus pandemic, clinicians must be equipped to understand the severity and prevalence of significant psychiatric complications of critical illness.\nWe compared the efficacy of the ICU diary, written by family and healthcare workers during the patient's intensive care course, versus education alone in reducing acute PTSD symptoms after discharge.\nPatients with an ICU stay >72\u202fh, who were intubated and mechanically ventilated over 24\u202fh, were recruited and randomized to either receive a diary at bedside with psychoeducation or psychoeducation alone.\nIntervention patients received their ICU diary within the first week of admission into the intensive care unit.\nPsychological symptom screening with IES-R, PHQ-8, HADS and GAD-7 was conducted at baseline within 1\u202fweek of ICU discharge and at weeks 4, 12, and 24 after ICU discharge.\nChange from baseline in these scores was assessed using Wilcoxon rank sum tests.\nFrom September 26, 2017 to September 25, 2018, our team screened 265 patients from the surgical and medical ICUs at a single large academic urban hospital.\n60 patients were enrolled and randomized, of which 35 patients completed post-discharge follow-up, (n\u202f=\u202f18) in the diary intervention group and (n\u202f=\u202f17) in the education-only control group.\nThe control group had a significantly greater decrease in PTSD, hyperarousal, and depression symptoms at week 4 compared to the intervention group.\nThere were no significant differences in other measures, or at other follow-up intervals.\nBoth study groups exhibited clinically significant PTSD symptoms at all timepoints after ICU discharge.\nFollow-up phone interviews with patients revealed that while many were interested in getting follow-up for their symptoms, there were many barriers to accessing appropriate therapy and clinical attention.\nResults from psychological screening tools demonstrate no benefit of ICU diaries versus bedside education-alone in reducing PTSD symptoms related to the intensive care stay.\nHowever, our study finds an important gap in clinical practice - patients at high risk for PICS are infrequently connected to appropriate follow-up care.\nPerhaps ICU diaries would prove beneficial if utilized to support the work within a program providing wrap-around services and close psychiatric follow up for PICS patients.\nThis study demonstrates the high prevalence of ICU-related PTSD in our cohort of survivors, the high barrier to accessing care for appropriate treatment of PICS, and the consequence of that barrier-prolonged psychological morbidity.\nTRIAL REGISTRATION : NCT04305353.\nGRANT IDENTIFICATION : GH-17-022 (Arnold P. Gold Foundation).\nCopyright \u00a9 2020 Elsevier Inc. All rights reserved.\n", "Evidence Map": {"Enrollment": [{"term": "ICU stay > 72 h", "negation": "affirmed", "UMLS": {}, "start": 17, "end": 32}, {"term": "intubated", "negation": "affirmed", "UMLS": {}, "start": 44, "end": 53}, {"term": "mechanically ventilated", "negation": "affirmed", "UMLS": {}, "start": 58, "end": 81}, {"term": "ICU discharge", "negation": "affirmed", "UMLS": {}, "start": 111, "end": 124}, {"term": "for PICS", "negation": "affirmed", "UMLS": {}, "start": 86, "end": 94}, {"term": "PICS", "negation": "affirmed", "UMLS": {}, "start": 159, "end": 163}, {"term": "survivors", "negation": "affirmed", "UMLS": {}, "start": 81, "end": 90}], "Comparison Results": [], "Study Arm 1 Results": [], "Study Arm 2 Results": [], "Hypothesis": []}, "Sentence-level breakdown": [{"Section": "TITLE", "Text": "Implementing an intensive care unit ( ICU ) diary program at a large academic medical center : Results from a randomized control trial evaluating psychological morbidity associated with critical illness .", "Evidence Elements": {"Participant": [], "Intervention": [{"term": "intensive care unit ( ICU ) diary program", "negation": "affirmed", "UMLS": {}, "start": 16, "end": 57, "has_procedure": [{"text": "intensive care", "maps_to": "C0085559:intensive care", "start": 0, "end": 14}], "has_relation": "N/A"}], "Outcome": [{"term": "psychological morbidity", "negation": "affirmed", "UMLS": {}, "start": 146, "end": 169}], "Observation": [], "Count": []}, "Evidence Propositions": []}, {"Section": "BACKGROUND", "Text": "Psychological morbidity in both patients and family members related to the intensive care unit ( ICU ) experience is an often overlooked , and potentially persistent , healthcare problem recognized by the Society of Critical Care Medicine as Post-intensive Care Syndrome ( PICS ) .", "Evidence Elements": {"Participant": [], "Intervention": [], "Outcome": [], "Observation": [], "Count": []}, "Evidence Propositions": []}, {"Section": "BACKGROUND", "Text": "ICU diaries are an intervention increasingly under study with potential to mitigate ICU-related psychological morbidity , including ICU-related post-traumatic stress disorder ( PTSD ) , depression and anxiety .", "Evidence Elements": {"Participant": [], "Intervention": [], "Outcome": [], "Observation": [], "Count": []}, "Evidence Propositions": []}, {"Section": "BACKGROUND", "Text": "As we encounter a growing number of ICU survivors , in particular in the wake of the coronavirus pandemic , clinicians must be equipped to understand the severity and prevalence of significant psychiatric complications of critical illness .", "Evidence Elements": {"Participant": [], "Intervention": [], "Outcome": [], "Observation": [], "Count": []}, "Evidence Propositions": []}, {"Section": "METHODS", "Text": "We compared the efficacy of the ICU diary , written by family and healthcare workers during the patient 's intensive care course , versus education alone in reducing acute PTSD symptoms after discharge .", "Evidence Elements": {"Participant": [], "Intervention": [{"term": "ICU diary", "negation": "affirmed", "UMLS": {}, "start": 32, "end": 41, "has_procedure": [{"text": "intensive care", "maps_to": "C0085559:intensive care", "start": 0, "end": 14}], "has_relation": "N/A"}, {"term": "education alone", "negation": "affirmed", "UMLS": {}, "start": 138, "end": 153, "has_procedure": [{"text": "education", "maps_to": "C0039401:education", "start": 0, "end": 9}], "has_relation": "N/A"}], "Outcome": [{"term": "acute PTSD", "negation": "affirmed", "UMLS": {}, "start": 166, "end": 176}], "Observation": [{"term": "reducing", "negation": "affirmed", "UMLS": {}, "start": 157, "end": 165}], "Count": []}, "Evidence Propositions": []}, {"Section": "METHODS", "Text": "Patients with an ICU stay > 72 h , who were intubated and mechanically ventilated over 24 h , were recruited and randomized to either receive a diary at bedside with psychoeducation or psychoeducation alone .", "Evidence Elements": {"Participant": [{"term": "ICU stay > 72 h", "negation": "affirmed", "UMLS": {}, "start": 17, "end": 32}, {"term": "intubated", "negation": "affirmed", "UMLS": {}, "start": 44, "end": 53}, {"term": "mechanically ventilated", "negation": "affirmed", "UMLS": {}, "start": 58, "end": 81}], "Intervention": [{"term": "diary", "negation": "affirmed", "UMLS": {}, "start": 144, "end": 149, "has_relation": "N/A"}, {"term": "with psychoeducation", "negation": "affirmed", "UMLS": {}, "start": 161, "end": 181, "has_procedure": [{"text": "psychoeducation", "maps_to": "C0871175:psychoeducation", "start": 5, "end": 20}], "has_relation": "N/A"}], "Outcome": [], "Observation": [], "Count": []}, "Evidence Propositions": []}, {"Section": "METHODS", "Text": "Intervention patients received their ICU diary within the first week of admission into the intensive care unit .", "Evidence Elements": {"Participant": [], "Intervention": [], "Outcome": [{"term": "ICU diary", "negation": "affirmed", "UMLS": {}, "start": 37, "end": 46}], "Observation": [], "Count": []}, "Evidence Propositions": []}, {"Section": "METHODS", "Text": "Psychological symptom screening with IES-R , PHQ-8 , HADS and GAD-7 was conducted at baseline within 1 week of ICU discharge and at weeks 4 , 12 , and 24 after ICU discharge .", "Evidence Elements": {"Participant": [{"term": "ICU discharge", "negation": "affirmed", "UMLS": {}, "start": 111, "end": 124}], "Intervention": [], "Outcome": [{"term": "Psychological symptom screening with IES-R", "negation": "affirmed", "UMLS": {}, "start": 0, "end": 42}, {"term": "PHQ-8", "negation": "affirmed", "UMLS": {}, "start": 45, "end": 50}, {"term": "HADS", "negation": "affirmed", "UMLS": {}, "start": 53, "end": 57}, {"term": "GAD-7", "negation": "affirmed", "UMLS": {}, "start": 62, "end": 67}], "Observation": [], "Count": []}, "Evidence Propositions": []}, {"Section": "METHODS", "Text": "Change from baseline in these scores was assessed using Wilcoxon rank sum tests .", "Evidence Elements": {"Participant": [], "Intervention": [], "Outcome": [{"term": "Change from baseline in these scores", "negation": "affirmed", "UMLS": {}, "start": 0, "end": 36}], "Observation": [], "Count": []}, "Evidence Propositions": []}, {"Section": "RESULTS", "Text": "From September 26 , 2017 to September 25 , 2018 , our team screened 265 patients from the surgical and medical ICUs at a single large academic urban hospital .", "Evidence Elements": {"Participant": [], "Intervention": [], "Outcome": [], "Observation": [], "Count": []}, "Evidence Propositions": []}, {"Section": "RESULTS", "Text": "60 patients were enrolled and randomized , of which 35 patients completed post-discharge follow-up , ( n = 18 ) in the diary intervention group and ( n = 17 ) in the education-only control group .", "Evidence Elements": {"Participant": [], "Intervention": [{"term": "diary intervention", "negation": "affirmed", "UMLS": {}, "start": 119, "end": 137, "has_procedure": [{"text": "diary intervention", "maps_to": "C0886296:intervention", "start": 0, "end": 18}], "has_relation": "N/A"}], "Outcome": [], "Observation": [], "Count": []}, "Evidence Propositions": []}, {"Section": "RESULTS", "Text": "The control group had a significantly greater decrease in PTSD , hyperarousal , and depression symptoms at week 4 compared to the intervention group .", "Evidence Elements": {"Participant": [], "Intervention": [{"term": "control", "negation": "affirmed", "UMLS": {}, "start": 4, "end": 11, "has_relation": "N/A"}], "Outcome": [{"term": "PTSD", "negation": "affirmed", "UMLS": {}, "start": 58, "end": 62}, {"term": "hyperarousal", "negation": "affirmed", "UMLS": {}, "start": 65, "end": 77}, {"term": "depression symptoms", "negation": "affirmed", "UMLS": {}, "start": 84, "end": 103}], "Observation": [{"term": "significantly greater decrease", "negation": "affirmed", "UMLS": {}, "start": 24, "end": 54}], "Count": []}, "Evidence Propositions": [{"Intervention": [{"term": "control", "has_relation": "N/A"}], "Observation": "significantly greater decrease", "Outcome": "PTSD", "Count": ""}, {"Intervention": [{"term": "control", "has_relation": "N/A"}], "Observation": "significantly greater decrease", "Outcome": "hyperarousal", "Count": ""}, {"Intervention": [{"term": "control", "has_relation": "N/A"}], "Observation": "significantly greater decrease", "Outcome": "depression symptoms", "Count": ""}]}, {"Section": "RESULTS", "Text": "There were no significant differences in other measures , or at other follow-up intervals .", "Evidence Elements": {"Participant": [], "Intervention": [], "Outcome": [{"term": "other measures", "negation": "negated", "UMLS": {}, "start": 41, "end": 55}], "Observation": [{"term": "significant differences", "negation": "affirmed", "UMLS": {}, "start": 14, "end": 37}], "Count": []}, "Evidence Propositions": [{"Intervention": [], "Observation": "significant differences", "Outcome": "other measures", "Count": ""}]}, {"Section": "RESULTS", "Text": "Both study groups exhibited clinically significant PTSD symptoms at all timepoints after ICU discharge .", "Evidence Elements": {"Participant": [], "Intervention": [{"term": "Both study groups", "negation": "affirmed", "UMLS": {}, "start": 0, "end": 17, "has_procedure": [{"text": "study", "maps_to": "C0947630:study", "start": 5, "end": 10}], "has_relation": "N/A"}], "Outcome": [{"term": "PTSD symptoms", "negation": "affirmed", "UMLS": {}, "start": 51, "end": 64}], "Observation": [{"term": "clinically significant", "negation": "affirmed", "UMLS": {}, "start": 28, "end": 50}], "Count": []}, "Evidence Propositions": []}, {"Section": "RESULTS", "Text": "Follow-up phone interviews with patients revealed that while many were interested in getting follow-up for their symptoms , there were many barriers to accessing appropriate therapy and clinical attention .", "Evidence Elements": {"Participant": [], "Intervention": [], "Outcome": [], "Observation": [], "Count": []}, "Evidence Propositions": []}, {"Section": "CONCLUSIONS", "Text": "Results from psychological screening tools demonstrate no benefit of ICU diaries versus bedside education-alone in reducing PTSD symptoms related to the intensive care stay .", "Evidence Elements": {"Participant": [], "Intervention": [{"term": "ICU diaries", "negation": "negated", "UMLS": {}, "start": 69, "end": 80, "has_procedure": [{"text": "intensive care", "maps_to": "C0085559:intensive care", "start": 0, "end": 14}], "has_relation": "N/A"}, {"term": "bedside education-alone", "negation": "negated", "UMLS": {}, "start": 88, "end": 111, "has_procedure": [{"text": "bedside education", "maps_to": "C0039401:education", "start": 0, "end": 17}], "has_relation": "N/A"}], "Outcome": [{"term": "PTSD symptoms related to the intensive care stay", "negation": "negated", "UMLS": {}, "start": 124, "end": 172}], "Observation": [{"term": "benefit", "negation": "negated", "UMLS": {}, "start": 58, "end": 65}, {"term": "reducing", "negation": "negated", "UMLS": {}, "start": 115, "end": 123}], "Count": []}, "Evidence Propositions": []}, {"Section": "CONCLUSIONS", "Text": "However , our study finds an important gap in clinical practice-patients at high risk for PICS are infrequently connected to appropriate follow-up care .", "Evidence Elements": {"Participant": [{"term": "for PICS", "negation": "affirmed", "UMLS": {}, "start": 86, "end": 94}], "Intervention": [], "Outcome": [], "Observation": [], "Count": []}, "Evidence Propositions": []}, {"Section": "CONCLUSIONS", "Text": "Perhaps ICU diaries would prove beneficial if utilized to support the work within a program providing wrap-around services and close psychiatric follow up for PICS patients .", "Evidence Elements": {"Participant": [{"term": "PICS", "negation": "affirmed", "UMLS": {}, "start": 159, "end": 163}], "Intervention": [{"term": "diaries", "negation": "affirmed", "UMLS": {}, "start": 12, "end": 19, "has_relation": "N/A"}], "Outcome": [], "Observation": [{"term": "beneficial", "negation": "affirmed", "UMLS": {}, "start": 32, "end": 42}], "Count": []}, "Evidence Propositions": []}, {"Section": "CONCLUSIONS", "Text": "This study demonstrates the high prevalence of ICU-related PTSD in our cohort of survivors , the high barrier to accessing care for appropriate treatment of PICS , and the consequence of that barrier-prolonged psychological morbidity .", "Evidence Elements": {"Participant": [{"term": "survivors", "negation": "affirmed", "UMLS": {}, "start": 81, "end": 90}], "Intervention": [], "Outcome": [{"term": "prevalence of ICU-related PTSD", "negation": "affirmed", "UMLS": {}, "start": 33, "end": 63}, {"term": "barrier", "negation": "affirmed", "UMLS": {}, "start": 102, "end": 109}, {"term": "appropriate treatment of PICS", "negation": "affirmed", "UMLS": {}, "start": 132, "end": 161}], "Observation": [{"term": "high", "negation": "affirmed", "UMLS": {}, "start": 28, "end": 32}, {"term": "high", "negation": "affirmed", "UMLS": {}, "start": 28, "end": 32}], "Count": []}, "Evidence Propositions": []}, {"Section": "UNKNOWN", "Text": "TRIAL REGISTRATION : NCT04305353 .", "Evidence Elements": {"Participant": [], "Intervention": [], "Outcome": [], "Observation": [], "Count": []}, "Evidence Propositions": []}, {"Section": "UNKNOWN", "Text": "GRANT IDENTIFICATION : GH-17-022 ( Arnold P . Gold Foundation ) .", "Evidence Elements": {"Participant": [], "Intervention": [{"term": "GH-17-022", "negation": "affirmed", "UMLS": {}, "start": 23, "end": 32, "has_relation": "N/A"}], "Outcome": [], "Observation": [], "Count": []}, "Evidence Propositions": []}, {"Section": "UNKNOWN", "Text": "Copyright \u00a9 2020 Elsevier Inc . All rights reserved .", "Evidence Elements": {"Participant": [], "Intervention": [], "Outcome": [], "Observation": [], "Count": []}, "Evidence Propositions": []}]}