{"doc_id": "32771032", "type of study": "Therapy", "title": "", "abstract": "Pakistan Randomized and Observational Trial to Evaluate Coronavirus Treatment (PROTECT) of Hydroxychloroquine, Oseltamivir and Azithromycin to treat newly diagnosed patients with COVID-19 infection who have no comorbidities like diabetes mellitus: A structured summary of a study protocol for a randomized controlled trial.\nTo evaluate the effectiveness of Hydroxychloroquine Phosphate/Sulfate (200 mg orally 8 hourly thrice a day for 5 days), versus oseltamivir (75 mg orally twice a day for 5 days), and versus Azithromycin (500 mg orally daily on day 1, followed by 250 mg orally twice a day on days 2-5) alone and in combination (in all seven groups), in clearing the coronavirus (COVID-19) nucleic acid from throat and nasal swab and in bringing about clinical improvement on day 7 of follow-up (primary outcomes).\nTRIAL DESIGN : An adaptive design, set within a comprehensive cohort study, to permit flexibility in this fast-changing clinical and public health scenario.\nThe randomized study will be a multicenter, multiarm, multistage, randomized controlled trial with a parallel design.\nAn observation only cohort will emerge from those not consenting to randomization.\nEligible will be newly diagnosed patients, either hospitalized or in self-isolation, without any comorbidities or with controlled chronic medical conditions like diabetes mellitus and hypertension.\nParticipants of any gender or age group having tested positive for COVID-19 on Real-Time qRT-PCR (Quantitative Reverse Transcription PCR) will be invited to take part in study at twelve centers across eight cities in Pakistan.\nThose pregnant or lactating, severely dyspneic or with respiratory distress, already undergoing treatment, and with serious comorbidities like liver or kidney failure will be excluded.\nINTERVENTION AND COMPARATOR : There will be a total of seven comparator groups: Each drug (Hydroxychloroquine Phosphate/Sulfate, Oseltamivir and Azithromycin) given as monotherapy (three groups); combinations of each of two drugs (three groups); and a final group on triple drug regimen.\nMAIN OUTCOMES : The laboratory-based primary outcome will be turning the test negative for COVID-19 on qRT-PCR on day 7 of follow-up.\nThe clinical primary outcome will be improvement from baseline of two points on a seven-category ordinal scale of clinical status on day 7 of follow-up.\nParticipants will be randomized, maintaining concealment of allocation sequence, using a computer-generated random number list of variable block size into multiple intervention groups in the allocation ratio of 1:1 for all groups.\nBLINDING (MASKING) : This is an open label study, neither physician nor participants will be blinded.\nNUMBERS TO BE RANDOMIZED (SAMPLE SIZE) : This is an adaptive design and parameters for formal sample size calculation in a new disease of a previously unknown virus are not available.\nThus, the final sample size will be subjected to periodic reviews at each stage of adaptive design and subsequent advice of National Data Safety & Management Board (NDSMB) notified by Drug Regulatory Authority of Pakistan.\nTRIAL STATUS : Protocol Version 1.7 dated July 5, 2020.\nBy July 03, 2020, the trial had recruited a total of about 470 participants across 12 centers after approval from the National Bioethics Committee and Drug Regulatory Authority of Pakistan.\nRecruitment started on April 20, 2020.\nThe recruitment is expected to continue for at least three months subject to review by the National Data Safety and Management Board (NDSMB) notified by Drug Regulatory Authority of Pakistan.\nTRIAL REGISTRATION : Prospectively registered on 8 April 2020 at clinicaltrials.gov ID: NCT04338698 The full protocol is attached as an additional file, accessible from the Trials website (Additional file1).\nIn the interest in expediting dissemination of this material, the familiar formatting has been eliminated; this Letter serves as a summary of the key elements of the full protocol.\nThe study protocol has been reported in accordance with the Standard Protocol Items: Recommendations for Clinical Interventional Trials (SPIRIT) guidelines (Additional file2).\n", "Evidence Map": {"Enrollment": [{"term": "newly diagnosed patients", "negation": "affirmed", "UMLS": {}, "start": 152, "end": 176}, {"term": "COVID-19 infection", "negation": "affirmed", "UMLS": {}, "start": 182, "end": 200}, {"term": "comorbidities like diabetes mellitus", "negation": "negated", "UMLS": {}, "start": 213, "end": 249}, {"term": "newly diagnosed patients", "negation": "affirmed", "UMLS": {}, "start": 17, "end": 41}, {"term": "hospitalized", "negation": "affirmed", "UMLS": {}, "start": 51, "end": 63}, {"term": "self-isolation", "negation": "affirmed", "UMLS": {}, "start": 70, "end": 84}, {"term": "comorbidities", "negation": "negated", "UMLS": {}, "start": 99, "end": 112}, {"term": "controlled chronic medical conditions", "negation": "negated", "UMLS": {}, "start": 121, "end": 158}, {"term": "diabetes mellitus", "negation": "negated", "UMLS": {}, "start": 164, "end": 181}, {"term": "positive for COVID-19", "negation": "affirmed", "UMLS": {}, "start": 54, "end": 75}, {"term": "pregnant or lactating", "negation": "affirmed", "UMLS": {}, "start": 6, "end": 27}, {"term": "severely dyspneic", "negation": "affirmed", "UMLS": {}, "start": 30, "end": 47}, {"term": "respiratory distress", "negation": "affirmed", "UMLS": {}, "start": 56, "end": 76}, {"term": "treatment", "negation": "affirmed", "UMLS": {}, "start": 98, "end": 107}, {"term": "serious comorbidities", "negation": "affirmed", "UMLS": {}, "start": 119, "end": 140}, {"term": "liver or kidney failure", "negation": "affirmed", "UMLS": {}, "start": 146, "end": 169}, {"term": "COVID-19", "negation": "negated", "UMLS": {}, "start": 91, "end": 99}], "Comparison Results": [], "Study Arm 1 Results": [], "Study Arm 2 Results": [], "Hypothesis": []}, "Sentence-level breakdown": [{"Section": "TITLE", "Text": "Pakistan Randomized and Observational Trial to Evaluate Coronavirus Treatment ( PROTECT ) of Hydroxychloroquine , Oseltamivir and Azithromycin to treat newly diagnosed patients with COVID-19 infection who have no comorbidities like diabetes mellitus : A structured summary of a study protocol for a randomized controlled trial .", "Evidence Elements": {"Participant": [{"term": "newly diagnosed patients", "negation": "affirmed", "UMLS": {}, "start": 152, "end": 176}, {"term": "COVID-19 infection", "negation": "affirmed", "UMLS": {}, "start": 182, "end": 200}, {"term": "comorbidities like diabetes mellitus", "negation": "negated", "UMLS": {}, "start": 213, "end": 249}], "Intervention": [{"term": "Hydroxychloroquine", "negation": "affirmed", "UMLS": {}, "start": 93, "end": 111, "has_chemical": [{"text": "hydroxychloroquine", "maps_to": "C0020336:hydroxychloroquine", "start": 0, "end": 18}], "has_relation": "N/A"}, {"term": "Oseltamivir", "negation": "affirmed", "UMLS": {}, "start": 114, "end": 125, "has_chemical": [{"text": "oseltamivir", "maps_to": "C0874161:oseltamivir", "start": 0, "end": 11}], "has_relation": "N/A"}, {"term": "Azithromycin", "negation": "affirmed", "UMLS": {}, "start": 130, "end": 142, "has_drug": [{"text": "azithromycin", "maps_to": "C0812732:Azithromycin", "start": 0, "end": 12}], "has_relation": "N/A"}], "Outcome": [], "Observation": [], "Count": []}, "Evidence Propositions": []}, {"Section": "OBJECTIVES", "Text": "To evaluate the effectiveness of Hydroxychloroquine Phosphate / Sulfate ( 200 mg orally 8 hourly thrice a day for 5 days ) , versus oseltamivir ( 75 mg orally twice a day for 5 days ) , and versus Azithromycin ( 500 mg orally daily on day 1 , followed by 250 mg orally twice a day on days 2-5 ) alone and in combination ( in all seven groups ) , in clearing the coronavirus ( COVID-19 ) nucleic acid from throat and nasal swab and in bringing about clinical improvement on day 7 of follow-up ( primary outcomes ) .", "Evidence Elements": {"Participant": [], "Intervention": [{"term": "Hydroxychloroquine", "negation": "affirmed", "UMLS": {}, "start": 33, "end": 51, "has_chemical": [{"text": "hydroxychloroquine", "maps_to": "C0020336:hydroxychloroquine", "start": 0, "end": 18}], "has_relation": "N/A"}, {"term": "Sulfate", "negation": "affirmed", "UMLS": {}, "start": 64, "end": 71, "has_chemical": [{"text": "sulfate", "maps_to": "C3536965:sulfate", "start": 0, "end": 7}], "has_relation": "N/A"}, {"term": "oseltamivir", "negation": "affirmed", "UMLS": {}, "start": 132, "end": 143, "has_chemical": [{"text": "oseltamivir", "maps_to": "C0874161:oseltamivir", "start": 0, "end": 11}], "has_relation": "N/A"}, {"term": "Azithromycin", "negation": "affirmed", "UMLS": {}, "start": 197, "end": 209, "has_drug": [{"text": "azithromycin", "maps_to": "C0812732:Azithromycin", "start": 0, "end": 12}], "has_relation": "N/A"}, {"term": "combination", "negation": "affirmed", "UMLS": {}, "start": 308, "end": 319, "has_relation": "N/A"}], "Outcome": [{"term": "clearing", "negation": "affirmed", "UMLS": {}, "start": 349, "end": 357}, {"term": "coronavirus ( COVID-19 ) nucleic acid", "negation": "affirmed", "UMLS": {}, "start": 362, "end": 399}], "Observation": [], "Count": []}, "Evidence Propositions": []}, {"Section": "UNKNOWN", "Text": "TRIAL DESIGN : An adaptive design , set within a comprehensive cohort study , to permit flexibility in this fast-changing clinical and public health scenario .", "Evidence Elements": {"Participant": [], "Intervention": [], "Outcome": [], "Observation": [], "Count": []}, "Evidence Propositions": []}, {"Section": "UNKNOWN", "Text": "The randomized study will be a multicenter , multiarm , multistage , randomized controlled trial with a parallel design .", "Evidence Elements": {"Participant": [], "Intervention": [], "Outcome": [], "Observation": [], "Count": []}, "Evidence Propositions": []}, {"Section": "UNKNOWN", "Text": "An observation only cohort will emerge from those not consenting to randomization .", "Evidence Elements": {"Participant": [], "Intervention": [], "Outcome": [], "Observation": [], "Count": []}, "Evidence Propositions": []}, {"Section": "PARTICIPANTS", "Text": "Eligible will be newly diagnosed patients , either hospitalized or in self-isolation , without any comorbidities or with controlled chronic medical conditions like diabetes mellitus and hypertension .", "Evidence Elements": {"Participant": [{"term": "newly diagnosed patients", "negation": "affirmed", "UMLS": {}, "start": 17, "end": 41}, {"term": "hospitalized", "negation": "affirmed", "UMLS": {}, "start": 51, "end": 63}, {"term": "self-isolation", "negation": "affirmed", "UMLS": {}, "start": 70, "end": 84}, {"term": "comorbidities", "negation": "negated", "UMLS": {}, "start": 99, "end": 112}, {"term": "controlled chronic medical conditions", "negation": "negated", "UMLS": {}, "start": 121, "end": 158}, {"term": "diabetes mellitus", "negation": "negated", "UMLS": {}, "start": 164, "end": 181}], "Intervention": [], "Outcome": [], "Observation": [], "Count": []}, "Evidence Propositions": []}, {"Section": "PARTICIPANTS", "Text": "Participants of any gender or age group having tested positive for COVID-19 on Real-Time qRT-PCR ( Quantitative Reverse Transcription PCR ) will be invited to take part in study at twelve centers across eight cities in Pakistan .", "Evidence Elements": {"Participant": [{"term": "positive for COVID-19", "negation": "affirmed", "UMLS": {}, "start": 54, "end": 75}], "Intervention": [], "Outcome": [], "Observation": [], "Count": []}, "Evidence Propositions": []}, {"Section": "PARTICIPANTS", "Text": "Those pregnant or lactating , severely dyspneic or with respiratory distress , already undergoing treatment , and with serious comorbidities like liver or kidney failure will be excluded .", "Evidence Elements": {"Participant": [{"term": "pregnant or lactating", "negation": "affirmed", "UMLS": {}, "start": 6, "end": 27}, {"term": "severely dyspneic", "negation": "affirmed", "UMLS": {}, "start": 30, "end": 47}, {"term": "respiratory distress", "negation": "affirmed", "UMLS": {}, "start": 56, "end": 76}, {"term": "treatment", "negation": "affirmed", "UMLS": {}, "start": 98, "end": 107}, {"term": "serious comorbidities", "negation": "affirmed", "UMLS": {}, "start": 119, "end": 140}, {"term": "liver or kidney failure", "negation": "affirmed", "UMLS": {}, "start": 146, "end": 169}], "Intervention": [], "Outcome": [], "Observation": [], "Count": []}, "Evidence Propositions": []}, {"Section": "UNKNOWN", "Text": "INTERVENTION AND COMPARATOR : There will be a total of seven comparator groups : Each drug ( Hydroxychloroquine Phosphate / Sulfate , Oseltamivir and Azithromycin ) given as monotherapy ( three groups ) ; combinations of each of two drugs ( three groups ) ; and a final group on triple drug regimen .", "Evidence Elements": {"Participant": [], "Intervention": [{"term": "Sulfate", "negation": "affirmed", "UMLS": {}, "start": 124, "end": 131, "has_chemical": [{"text": "sulfate", "maps_to": "C3536965:sulfate", "start": 0, "end": 7}], "has_relation": "N/A"}, {"term": "Oseltamivir", "negation": "affirmed", "UMLS": {}, "start": 134, "end": 145, "has_chemical": [{"text": "oseltamivir", "maps_to": "C0874161:oseltamivir", "start": 0, "end": 11}], "has_relation": "N/A"}, {"term": "Azithromycin", "negation": "affirmed", "UMLS": {}, "start": 150, "end": 162, "has_drug": [{"text": "azithromycin", "maps_to": "C0812732:Azithromycin", "start": 0, "end": 12}], "has_relation": "N/A"}, {"term": "monotherapy", "negation": "affirmed", "UMLS": {}, "start": 174, "end": 185, "has_procedure": [{"text": "monotherapy", "maps_to": "C4763675:Monotherapy", "start": 0, "end": 11}], "has_relation": "N/A"}, {"term": "combinations of each of two drugs", "negation": "affirmed", "UMLS": {}, "start": 205, "end": 238, "has_chemical": [{"text": "drugs", "maps_to": "C0013227:drugs", "start": 28, "end": 33, "has_count": ["two"]}], "has_relation": "N/A"}], "Outcome": [], "Observation": [], "Count": []}, "Evidence Propositions": []}, {"Section": "UNKNOWN", "Text": "MAIN OUTCOMES : The laboratory-based primary outcome will be turning the test negative for COVID-19 on qRT-PCR on day 7 of follow-up .", "Evidence Elements": {"Participant": [{"term": "COVID-19", "negation": "negated", "UMLS": {}, "start": 91, "end": 99}], "Intervention": [], "Outcome": [{"term": "test negative", "negation": "affirmed", "UMLS": {}, "start": 73, "end": 86}], "Observation": [], "Count": []}, "Evidence Propositions": []}, {"Section": "UNKNOWN", "Text": "The clinical primary outcome will be improvement from baseline of two points on a seven-category ordinal scale of clinical status on day 7 of follow-up .", "Evidence Elements": {"Participant": [], "Intervention": [], "Outcome": [{"term": "improvement from baseline of two points on", "negation": "affirmed", "UMLS": {}, "start": 37, "end": 79}], "Observation": [], "Count": []}, "Evidence Propositions": []}, {"Section": "RANDOMIZATION", "Text": "Participants will be randomized , maintaining concealment of allocation sequence , using a computer-generated random number list of variable block size into multiple intervention groups in the allocation ratio of 1:1 for all groups .", "Evidence Elements": {"Participant": [], "Intervention": [], "Outcome": [], "Observation": [], "Count": []}, "Evidence Propositions": []}, {"Section": "UNKNOWN", "Text": "BLINDING ( MASKING ) : This is an openlabel study , neither physician nor participants will be blinded .", "Evidence Elements": {"Participant": [], "Intervention": [], "Outcome": [], "Observation": [], "Count": []}, "Evidence Propositions": []}, {"Section": "UNKNOWN", "Text": "NUMBERS TO BE RANDOMIZED ( SAMPLE SIZE ) : This is an adaptive design and parameters for formal sample size calculation in a new disease of a previously unknown virus are not available .", "Evidence Elements": {"Participant": [], "Intervention": [], "Outcome": [], "Observation": [], "Count": []}, "Evidence Propositions": []}, {"Section": "UNKNOWN", "Text": "Thus , the final sample size will be subjected to periodic reviews at each stage of adaptive design and subsequent advice of National Data Safety & Management Board ( NDSMB ) notified by Drug Regulatory Authority of Pakistan .", "Evidence Elements": {"Participant": [], "Intervention": [], "Outcome": [], "Observation": [], "Count": []}, "Evidence Propositions": []}, {"Section": "UNKNOWN", "Text": "TRIAL STATUS : Protocol Version 1.7 dated July 5 , 2020 .", "Evidence Elements": {"Participant": [], "Intervention": [], "Outcome": [], "Observation": [], "Count": []}, "Evidence Propositions": []}, {"Section": "UNKNOWN", "Text": "By July 03 , 2020 , the trial had recruited a total of about 470 participants across 12 centers after approval from the National Bioethics Committee and Drug Regulatory Authority of Pakistan .", "Evidence Elements": {"Participant": [], "Intervention": [], "Outcome": [], "Observation": [], "Count": []}, "Evidence Propositions": []}, {"Section": "UNKNOWN", "Text": "Recruitment started on April 20 , 2020 .", "Evidence Elements": {"Participant": [], "Intervention": [], "Outcome": [], "Observation": [], "Count": []}, "Evidence Propositions": []}, {"Section": "UNKNOWN", "Text": "The recruitment is expected to continue for at least three months subject to review by the National Data Safety and Management Board ( NDSMB ) notified by Drug Regulatory Authority of Pakistan .", "Evidence Elements": {"Participant": [], "Intervention": [], "Outcome": [], "Observation": [], "Count": []}, "Evidence Propositions": []}, {"Section": "UNKNOWN", "Text": "TRIAL REGISTRATION : Prospectively registered on 8 April 2020 at clinicaltrials.gov ID : NCT04338698 The full protocol is attached as an additional file , accessible from the Trials website ( Additional file1 ) .", "Evidence Elements": {"Participant": [], "Intervention": [], "Outcome": [], "Observation": [], "Count": []}, "Evidence Propositions": []}, {"Section": "UNKNOWN", "Text": "In the interest in expediting dissemination of this material , the familiar formatting has been eliminated ; this Letter serves as a summary of the key elements of the full protocol .", "Evidence Elements": {"Participant": [], "Intervention": [], "Outcome": [], "Observation": [], "Count": []}, "Evidence Propositions": []}, {"Section": "UNKNOWN", "Text": "The study protocol has been reported in accordance with the Standard Protocol Items : Recommendations for Clinical Interventional Trials ( SPIRIT ) guidelines ( Additional file2 ) .", "Evidence Elements": {"Participant": [], "Intervention": [], "Outcome": [], "Observation": [], "Count": []}, "Evidence Propositions": []}]}