{"doc_id": "32799180", "type of study": "Therapy", "title": "", "abstract": "The effect of small versus large clog size on emergency response time: A randomized controlled trial.\nTo assess the effect on healthcare professional emergency response time and safety of small compared to large clog size.\nRandomized controlled trial.\nThe intensive care unit of a single university medical centre in The Netherlands.\nIntensive care medicine professionals.\nParticipants were randomized to wear European size 38 clogs (US male size 6\u00bd, US female size 7\u00bd) or European size 47 clogs (US male size 13\u00bd, US female size 14\u00bd) clogs and were required to run a 125\u00a0m course from the coffee break room to the elevator providing access to the emergency department.\nMAIN OUTCOME MEASURES : The primary outcome was the time to complete the running course.\nHeight, shoe size, self-described fitness, age and staff category were investigated as possible effect modifiers.\nSecondary endpoints were reported clog comfort and suspected unexpected clog-related adverse events (SUCRAEs).\n50 participants were randomized (25 to European size 38 clogs and 25 to size 47 clogs).\nMean age was 37\u00a0years (SD 12) and 29 participants (58%) were female.\nThe primary outcome was 4.4\u00a0s (95% CI -7.1; -1.6) faster in the size 5 clogs group compared to the size 12 clogs group.\nThis effect was not modified by any of the predefined participant characteristics.\nNo differences were found in reported clog comfort or SUCRAEs.\nEuropean size 38 clogs lead to faster emergency response times than size 47 clogs.\nTRIAL REGISTRATION : NCT04406220.\nCopyright \u00a9 2020 Elsevier Inc. All rights reserved.\n", "Evidence Map": {"Enrollment": [], "Comparison Results": [], "Study Arm 1 Results": [], "Study Arm 2 Results": [], "Hypothesis": []}, "Sentence-level breakdown": [{"Section": "TITLE", "Text": "The effect of small versus large clog size on emergency response time : A randomized controlled trial .", "Evidence Elements": {"Participant": [], "Intervention": [{"term": "small versus large clog size", "negation": "affirmed", "UMLS": {}, "start": 14, "end": 42, "has_relation": "N/A"}], "Outcome": [{"term": "emergency response time", "negation": "affirmed", "UMLS": {}, "start": 46, "end": 69}], "Observation": [], "Count": []}, "Evidence Propositions": []}, {"Section": "OBJECTIVES", "Text": "To assess the effect on healthcare professional emergency response time and safety of small compared to large clog size .", "Evidence Elements": {"Participant": [], "Intervention": [{"term": "small", "negation": "affirmed", "UMLS": {}, "start": 86, "end": 91, "has_relation": "N/A"}, {"term": "large clog size", "negation": "affirmed", "UMLS": {}, "start": 104, "end": 119, "has_relation": "N/A"}], "Outcome": [{"term": "healthcare professional emergency response time", "negation": "affirmed", "UMLS": {}, "start": 24, "end": 71}, {"term": "safety", "negation": "affirmed", "UMLS": {}, "start": 76, "end": 82}], "Observation": [], "Count": []}, "Evidence Propositions": []}, {"Section": "DESIGN", "Text": "Randomized controlled trial .", "Evidence Elements": {"Participant": [], "Intervention": [], "Outcome": [], "Observation": [], "Count": []}, "Evidence Propositions": []}, {"Section": "SETTING", "Text": "The intensive care unit of a single university medical centre in The Netherlands .", "Evidence Elements": {"Participant": [], "Intervention": [], "Outcome": [], "Observation": [], "Count": []}, "Evidence Propositions": []}, {"Section": "PARTICIPANTS", "Text": "Intensive care medicine professionals .", "Evidence Elements": {"Participant": [], "Intervention": [], "Outcome": [], "Observation": [], "Count": []}, "Evidence Propositions": []}, {"Section": "INTERVENTIONS", "Text": "Participants were randomized to wear European size 38 clogs ( US male size 6\u00bd , US female size 7\u00bd ) or European size 47 clogs ( US male size 13\u00bd , US female size 14\u00bd ) clogs and were required to run a 125 m course from the coffee break room to the elevator providing access to the emergency department .", "Evidence Elements": {"Participant": [], "Intervention": [{"term": "European size 38 clogs", "negation": "affirmed", "UMLS": {}, "start": 37, "end": 59, "has_relation": "N/A"}, {"term": "European size 47 clogs", "negation": "affirmed", "UMLS": {}, "start": 103, "end": 125, "has_relation": "N/A"}, {"term": "clogs", "negation": "affirmed", "UMLS": {}, "start": 54, "end": 59, "has_relation": "N/A"}], "Outcome": [], "Observation": [], "Count": []}, "Evidence Propositions": []}, {"Section": "UNKNOWN", "Text": "MAIN OUTCOME MEASURES : The primary outcome was the time to complete the running course .", "Evidence Elements": {"Participant": [], "Intervention": [], "Outcome": [{"term": "time to complete the running course", "negation": "affirmed", "UMLS": {}, "start": 52, "end": 87}], "Observation": [], "Count": []}, "Evidence Propositions": []}, {"Section": "UNKNOWN", "Text": "Height , shoe size , self-described fitness , age and staff category were investigated as possible effect modifiers .", "Evidence Elements": {"Participant": [], "Intervention": [], "Outcome": [], "Observation": [], "Count": []}, "Evidence Propositions": []}, {"Section": "UNKNOWN", "Text": "Secondary endpoints were reported clog comfort and suspected unexpected clog-related adverse events ( SUCRAEs ) .", "Evidence Elements": {"Participant": [], "Intervention": [], "Outcome": [{"term": "clog comfort", "negation": "affirmed", "UMLS": {}, "start": 34, "end": 46}, {"term": "suspected unexpected clog-related adverse events (", "negation": "affirmed", "UMLS": {}, "start": 51, "end": 101}], "Observation": [], "Count": []}, "Evidence Propositions": []}, {"Section": "RESULTS", "Text": "50 participants were randomized ( 25 to European size 38 clogs and 25 to size 47 clogs ) .", "Evidence Elements": {"Participant": [], "Intervention": [], "Outcome": [], "Observation": [], "Count": []}, "Evidence Propositions": []}, {"Section": "RESULTS", "Text": "Mean age was 37 years ( SD 12 ) and 29 participants ( 58 % ) were female .", "Evidence Elements": {"Participant": [], "Intervention": [], "Outcome": [], "Observation": [], "Count": []}, "Evidence Propositions": []}, {"Section": "RESULTS", "Text": "The primary outcome was 4.4 s ( 95 % CI-7.1 ; -1.6 ) faster in the size 5 clogs group compared to the size 12 clogs group .", "Evidence Elements": {"Participant": [], "Intervention": [{"term": "size 5 clogs", "negation": "affirmed", "UMLS": {}, "start": 67, "end": 79, "has_relation": "N/A"}, {"term": "size", "negation": "affirmed", "UMLS": {}, "start": 67, "end": 71, "has_relation": "N/A"}], "Outcome": [], "Observation": [{"term": "4.4 s", "negation": "affirmed", "UMLS": {}, "start": 24, "end": 29}, {"term": "faster", "negation": "affirmed", "UMLS": {}, "start": 53, "end": 59}], "Count": []}, "Evidence Propositions": [{"Intervention": [{"term": "size 5 clogs", "has_relation": "N/A"}, {"term": "size", "has_relation": "N/A"}], "Observation": "faster", "Outcome": "", "Count": ""}]}, {"Section": "RESULTS", "Text": "This effect was not modified by any of the predefined participant characteristics .", "Evidence Elements": {"Participant": [], "Intervention": [], "Outcome": [{"term": "effect", "negation": "affirmed", "UMLS": {}, "start": 5, "end": 11}], "Observation": [{"term": "modified", "negation": "negated", "UMLS": {}, "start": 20, "end": 28}], "Count": []}, "Evidence Propositions": []}, {"Section": "RESULTS", "Text": "No differences were found in reported clog comfort or SUCRAEs .", "Evidence Elements": {"Participant": [], "Intervention": [], "Outcome": [{"term": "reported clog comfort", "negation": "negated", "UMLS": {}, "start": 29, "end": 50}, {"term": "SUCRAEs", "negation": "negated", "UMLS": {}, "start": 54, "end": 61}], "Observation": [{"term": "differences", "negation": "negated", "UMLS": {}, "start": 3, "end": 14}], "Count": []}, "Evidence Propositions": [{"Intervention": [], "Observation": "differences", "Outcome": "reported clog comfort", "Count": ""}, {"Intervention": [], "Observation": "differences", "Outcome": "SUCRAEs", "Count": ""}]}, {"Section": "CONCLUSIONS", "Text": "European size 38 clogs lead to faster emergency response times than size 47 clogs .", "Evidence Elements": {"Participant": [], "Intervention": [{"term": "European size 38 clogs", "negation": "affirmed", "UMLS": {}, "start": 0, "end": 22, "has_relation": "N/A"}, {"term": "size 47 clogs", "negation": "affirmed", "UMLS": {}, "start": 68, "end": 81, "has_relation": "N/A"}], "Outcome": [{"term": "emergency response times", "negation": "affirmed", "UMLS": {}, "start": 38, "end": 62}], "Observation": [{"term": "faster", "negation": "affirmed", "UMLS": {}, "start": 31, "end": 37}], "Count": []}, "Evidence Propositions": []}, {"Section": "UNKNOWN", "Text": "TRIAL REGISTRATION : NCT04406220 .", "Evidence Elements": {"Participant": [], "Intervention": [], "Outcome": [], "Observation": [], "Count": []}, "Evidence Propositions": []}, {"Section": "UNKNOWN", "Text": "Copyright \u00a9 2020 Elsevier Inc . All rights reserved .", "Evidence Elements": {"Participant": [], "Intervention": [], "Outcome": [], "Observation": [], "Count": []}, "Evidence Propositions": []}]}