{"doc_id": "32815416", "type of study": "Therapy", "title": "", "abstract": "Anti-Thrombotic Therapy to Ameliorate Complications of COVID-19 (ATTACC): Study design and methodology for an international, adaptive Bayesian randomized controlled trial.\nMortality from COVID-19 is high among hospitalized patients and effective therapeutics are lacking.\nHypercoagulability, thrombosis and hyperinflammation occur in COVID-19 and may contribute to severe complications.\nTherapeutic anticoagulation may improve clinical outcomes through anti-thrombotic, anti-inflammatory and anti-viral mechanisms.\nOur primary objective is to evaluate whether therapeutic-dose anticoagulation with low-molecular-weight heparin or unfractionated heparin prevents mechanical ventilation and/or death in patients hospitalized with COVID-19 compared to usual care.\nAn international, open-label, adaptive randomized controlled trial.\nUsing a Bayesian framework, the trial will declare results as soon as pre-specified posterior probabilities for superiority, futility, or harm are reached.\nThe trial uses response-adaptive randomization to maximize the probability that patients will receive the more beneficial treatment approach, as treatment effect information accumulates within the trial.\nBy leveraging a common data safety monitoring board and pooling data with a second similar international Bayesian adaptive trial (REMAP-COVID anticoagulation domain), treatment efficacy and safety will be evaluated as efficiently as possible.\nThe primary outcome is an ordinal endpoint with three possible outcomes based on the worst status of each patient through day 30: no requirement for invasive mechanical ventilation, invasive mechanical ventilation or death.\nUsing an adaptive trial design, the Anti-Thrombotic Therapy To Ameliorate Complications of COVID-19 trial will establish whether therapeutic anticoagulation can reduce mortality and/or avoid the need for mechanical ventilation in patients hospitalized with COVID-19.\nLeveraging existing networks to recruit sites will increase enrollment and mitigate enrollment risk in sites with declining COVID-19 cases.\n", "Evidence Map": {"Enrollment": [{"term": "COVID-19 ( ATTACC )", "negation": "affirmed", "UMLS": {}, "start": 55, "end": 74}, {"term": "hospitalized", "negation": "affirmed", "UMLS": {}, "start": 197, "end": 209}, {"term": "COVID-19", "negation": "affirmed", "UMLS": {}, "start": 215, "end": 223}, {"term": "COVID-19", "negation": "affirmed", "UMLS": {}, "start": 92, "end": 100}, {"term": "hospitalized", "negation": "affirmed", "UMLS": {}, "start": 242, "end": 254}], "Comparison Results": [], "Study Arm 1 Results": [], "Study Arm 2 Results": [], "Hypothesis": []}, "Sentence-level breakdown": [{"Section": "TITLE", "Text": "Anti-Thrombotic Therapy to Ameliorate Complications of COVID-19 ( ATTACC ) : Study design and methodology for an international , adaptive Bayesian randomized controlled trial .", "Evidence Elements": {"Participant": [{"term": "COVID-19 ( ATTACC )", "negation": "affirmed", "UMLS": {}, "start": 55, "end": 74}], "Intervention": [{"term": "Anti-Thrombotic Therapy", "negation": "affirmed", "UMLS": {}, "start": 0, "end": 23, "has_procedure": [{"text": "anti thrombotic therapy", "maps_to": "C0087111:therapy", "start": 0, "end": 23}], "has_relation": "N/A"}], "Outcome": [{"term": "Ameliorate Complications", "negation": "affirmed", "UMLS": {}, "start": 27, "end": 51}], "Observation": [], "Count": []}, "Evidence Propositions": []}, {"Section": "BACKGROUND", "Text": "Mortality from COVID-19 is high among hospitalized patients and effective therapeutics are lacking .", "Evidence Elements": {"Participant": [], "Intervention": [], "Outcome": [], "Observation": [], "Count": []}, "Evidence Propositions": []}, {"Section": "BACKGROUND", "Text": "Hypercoagulability , thrombosis and hyperinflammation occur in COVID-19 and may contribute to severe complications .", "Evidence Elements": {"Participant": [], "Intervention": [], "Outcome": [], "Observation": [], "Count": []}, "Evidence Propositions": []}, {"Section": "BACKGROUND", "Text": "Therapeutic anticoagulation may improve clinical outcomes through anti-thrombotic , anti-inflammatory and anti-viral mechanisms .", "Evidence Elements": {"Participant": [], "Intervention": [], "Outcome": [], "Observation": [], "Count": []}, "Evidence Propositions": []}, {"Section": "BACKGROUND", "Text": "Our primary objective is to evaluate whether therapeutic-dose anticoagulation with low-molecular-weight heparin or unfractionated heparin prevents mechanical ventilation and / or death in patients hospitalized with COVID-19 compared to usual care .", "Evidence Elements": {"Participant": [{"term": "hospitalized", "negation": "affirmed", "UMLS": {}, "start": 197, "end": 209}, {"term": "COVID-19", "negation": "affirmed", "UMLS": {}, "start": 215, "end": 223}], "Intervention": [{"term": "therapeutic-dose anticoagulation with low-molecular-weight heparin or unfractionated heparin", "negation": "affirmed", "UMLS": {}, "start": 45, "end": 137, "has_chemical": [{"text": "low molecular weight heparin", "maps_to": "C0019139:low molecular weight heparin", "start": 38, "end": 66}, {"text": "unfractionated heparin", "maps_to": "C0019134:unfractionated heparin", "start": 70, "end": 92}], "has_procedure": [{"text": "anticoagulation", "maps_to": "C0003281:anticoagulation", "start": 17, "end": 32, "has_dosage": ["therapeutic dose"]}], "has_relation": "N/A"}, {"term": "usual care", "negation": "affirmed", "UMLS": {}, "start": 236, "end": 246, "has_relation": "N/A"}], "Outcome": [{"term": "mechanical ventilation", "negation": "affirmed", "UMLS": {}, "start": 147, "end": 169}, {"term": "death", "negation": "affirmed", "UMLS": {}, "start": 179, "end": 184}], "Observation": [{"term": "prevents", "negation": "affirmed", "UMLS": {}, "start": 138, "end": 146}], "Count": []}, "Evidence Propositions": []}, {"Section": "METHODS", "Text": "An international , open-label , adaptive randomized controlled trial .", "Evidence Elements": {"Participant": [], "Intervention": [], "Outcome": [], "Observation": [], "Count": []}, "Evidence Propositions": []}, {"Section": "METHODS", "Text": "Using a Bayesian framework , the trial will declare results as soon as pre-specified posterior probabilities for superiority , futility , or harm are reached .", "Evidence Elements": {"Participant": [], "Intervention": [], "Outcome": [{"term": "superiority", "negation": "affirmed", "UMLS": {}, "start": 113, "end": 124}, {"term": "futility", "negation": "affirmed", "UMLS": {}, "start": 127, "end": 135}], "Observation": [], "Count": []}, "Evidence Propositions": []}, {"Section": "METHODS", "Text": "The trial uses response-adaptive randomization to maximize the probability that patients will receive the more beneficial treatment approach , as treatment effect information accumulates within the trial .", "Evidence Elements": {"Participant": [], "Intervention": [], "Outcome": [], "Observation": [], "Count": []}, "Evidence Propositions": []}, {"Section": "METHODS", "Text": "By leveraging a common data safety monitoring board and pooling data with a second similar international Bayesian adaptive trial ( REMAP-COVID anticoagulation domain ) , treatment efficacy and safety will be evaluated as efficiently as possible .", "Evidence Elements": {"Participant": [], "Intervention": [], "Outcome": [{"term": "treatment efficacy", "negation": "affirmed", "UMLS": {}, "start": 170, "end": 188}, {"term": "safety", "negation": "affirmed", "UMLS": {}, "start": 28, "end": 34}], "Observation": [], "Count": []}, "Evidence Propositions": []}, {"Section": "METHODS", "Text": "The primary outcome is an ordinal endpoint with three possible outcomes based on the worst status of each patient through day 30 : no requirement for invasive mechanical ventilation , invasive mechanical ventilation or death .", "Evidence Elements": {"Participant": [], "Intervention": [], "Outcome": [{"term": "requirement for invasive mechanical ventilation", "negation": "negated", "UMLS": {}, "start": 134, "end": 181}, {"term": "invasive mechanical ventilation", "negation": "negated", "UMLS": {}, "start": 150, "end": 181}], "Observation": [], "Count": []}, "Evidence Propositions": []}, {"Section": "CONCLUSION", "Text": "Using an adaptive trial design , the Anti-Thrombotic Therapy To Ameliorate Complications of COVID-19 trial will establish whether therapeutic anticoagulation can reduce mortality and / or avoid the need for mechanical ventilation in patients hospitalized with COVID-19 .", "Evidence Elements": {"Participant": [{"term": "COVID-19", "negation": "affirmed", "UMLS": {}, "start": 92, "end": 100}, {"term": "hospitalized", "negation": "affirmed", "UMLS": {}, "start": 242, "end": 254}], "Intervention": [{"term": "Anti-Thrombotic Therapy", "negation": "affirmed", "UMLS": {}, "start": 37, "end": 60, "has_procedure": [{"text": "anti thrombotic therapy", "maps_to": "C0087111:therapy", "start": 0, "end": 23}], "has_relation": "N/A"}, {"term": "therapeutic anticoagulation", "negation": "affirmed", "UMLS": {}, "start": 130, "end": 157, "has_procedure": [{"text": "therapeutic anticoagulation", "maps_to": "C0003281:anticoagulation", "start": 0, "end": 27}], "has_relation": "N/A"}], "Outcome": [{"term": "Complications", "negation": "affirmed", "UMLS": {}, "start": 75, "end": 88}, {"term": "mortality", "negation": "affirmed", "UMLS": {}, "start": 169, "end": 178}, {"term": "avoid", "negation": "affirmed", "UMLS": {}, "start": 188, "end": 193}, {"term": "need for mechanical ventilation", "negation": "affirmed", "UMLS": {}, "start": 198, "end": 229}], "Observation": [{"term": "reduce", "negation": "affirmed", "UMLS": {}, "start": 162, "end": 168}], "Count": []}, "Evidence Propositions": []}, {"Section": "CONCLUSION", "Text": "Leveraging existing networks to recruit sites will increase enrollment and mitigate enrollment risk in sites with declining COVID-19 cases .", "Evidence Elements": {"Participant": [], "Intervention": [], "Outcome": [], "Observation": [], "Count": []}, "Evidence Propositions": []}]}