{"doc_id": "32854761", "type of study": "Therapy", "title": "", "abstract": "Acupressure therapy and Liu Zi Jue Qigong for pulmonary function and quality of life in patients with severe novel coronavirus pneumonia (COVID-19): a study protocol for a randomized controlled trial.\nIn December 2019, pneumonia associated with the 2019 novel coronavirus (COVID-19) emerged in Wuhan, China.\nThe number of cases has increased rapidly.\nPatients with severe disease have a poor prognosis, and there are no effective therapies for COVID-19.\nOnly rapid advice guidelines for symptomatic supportive care have been used.\nA traditional Chinese medicine rehabilitation (TCMR) program consisting of acupressure therapy and Liu Zi Jue Qigong can be used as a complementary therapy for COVID-19.\nHence, we designed a randomized trial to evaluate the efficacy and advantages of TCMR for treating patients with severe COVID-19.\nMETHODS/DESIGN : This is a parallel-design, two-arm, analyst assessor-blinded, randomized controlled trial.\nA total of 128 patients with COVID-19 aged from 20 to 80\u2009years will be recruited and assigned randomly into a guideline therapy group and a guideline therapy plus TCMR group at a 1:1 ratio.\nPatients in both groups will receive guideline therapy.\nThe patients in the intervention group will perform acupressure therapy and Liu Zi Jue Qigong exercises in addition to conventional treatments twice a day and will be persistent from admission to discharge.\nThe primary outcome will be measured with the Modified Medical Research Council Dyspnea Scale, and the secondary outcomes will include the Activities of Daily Living Barthel Index Scale, Patient Health Questionnaire-9 Scale, and the Respiratory Symptoms Scale.\nThe assessments of the clinical scales will be performed at three points (before treatment, the 7th day during hospitalization, and the discharge day).\nAdverse events will be noted and recorded for the safety evaluation.\nThis trial will provide high-quality evidence of the value of TCMR, which consists of acupressure therapy and Liu Zi Jue Qigong exercises, for treating patients with severe COVID-19.\nTRIAL REGISTRATION : Chinese Clinical Trial Registry ChiCTR2000029994 .\nRegistered on 18 February 2020.\n", "Evidence Map": {"Enrollment": [{"term": "severe novel coronavirus pneumonia ( COVID-19 )", "negation": "affirmed", "UMLS": {}, "start": 102, "end": 149}, {"term": "severe", "negation": "affirmed", "UMLS": {}, "start": 114, "end": 120}, {"term": "COVID-19", "negation": "affirmed", "UMLS": {}, "start": 29, "end": 37}], "Comparison Results": [], "Study Arm 1 Results": [], "Study Arm 2 Results": [], "Hypothesis": []}, "Sentence-level breakdown": [{"Section": "TITLE", "Text": "Acupressure therapy and Liu Zi Jue Qigong for pulmonary function and quality of life in patients with severe novel coronavirus pneumonia ( COVID-19 ) : a study protocol for a randomized controlled trial .", "Evidence Elements": {"Participant": [{"term": "severe novel coronavirus pneumonia ( COVID-19 )", "negation": "affirmed", "UMLS": {}, "start": 102, "end": 149}], "Intervention": [{"term": "Acupressure therapy", "negation": "affirmed", "UMLS": {}, "start": 0, "end": 19, "has_procedure": [{"text": "acupressure therapy", "maps_to": "C0282614:acupressure therapy", "start": 0, "end": 19}], "has_relation": "N/A"}, {"term": "Liu Zi Jue Qigong", "negation": "affirmed", "UMLS": {}, "start": 24, "end": 41, "has_procedure": [{"text": "liu zi jue qigong", "maps_to": "C0282077:qigong", "start": 0, "end": 17}], "has_relation": "N/A"}], "Outcome": [{"term": "pulmonary function", "negation": "affirmed", "UMLS": {}, "start": 46, "end": 64}, {"term": "quality of life", "negation": "affirmed", "UMLS": {}, "start": 69, "end": 84}], "Observation": [], "Count": []}, "Evidence Propositions": []}, {"Section": "BACKGROUND", "Text": "In December 2019 , pneumonia associated with the 2019 novel coronavirus ( COVID-19 ) emerged in Wuhan , China .", "Evidence Elements": {"Participant": [], "Intervention": [], "Outcome": [], "Observation": [], "Count": []}, "Evidence Propositions": []}, {"Section": "BACKGROUND", "Text": "The number of cases has increased rapidly .", "Evidence Elements": {"Participant": [], "Intervention": [], "Outcome": [], "Observation": [], "Count": []}, "Evidence Propositions": []}, {"Section": "BACKGROUND", "Text": "Patients with severe disease have a poor prognosis , and there are no effective therapies for COVID-19 .", "Evidence Elements": {"Participant": [], "Intervention": [], "Outcome": [], "Observation": [], "Count": []}, "Evidence Propositions": []}, {"Section": "BACKGROUND", "Text": "Only rapid advice guidelines for symptomatic supportive care have been used .", "Evidence Elements": {"Participant": [], "Intervention": [], "Outcome": [], "Observation": [], "Count": []}, "Evidence Propositions": []}, {"Section": "BACKGROUND", "Text": "A traditional Chinese medicine rehabilitation ( TCMR ) program consisting of acupressure therapy and Liu Zi Jue Qigong can be used as a complementary therapy for COVID-19 .", "Evidence Elements": {"Participant": [], "Intervention": [{"term": "Chinese medicine rehabilitation ( TCMR ) program", "negation": "affirmed", "UMLS": {}, "start": 14, "end": 62, "has_procedure": [{"text": "chinese medicine rehabilitation program", "maps_to": "C0034991:rehabilitation program", "start": 0, "end": 39}], "has_relation": "N/A"}, {"term": "therapy and Liu Zi Jue Qigong", "negation": "affirmed", "UMLS": {}, "start": 89, "end": 118, "has_procedure": [{"text": "therapy", "maps_to": "C0087111:therapy", "start": 0, "end": 7}, {"text": "liu zi jue qigong", "maps_to": "C0282077:qigong", "start": 12, "end": 29}], "has_relation": "combined_with (C0087111<->C0282077)"}], "Outcome": [], "Observation": [], "Count": []}, "Evidence Propositions": []}, {"Section": "BACKGROUND", "Text": "Hence , we designed a randomized trial to evaluate the efficacy and advantages of TCMR for treating patients with severe COVID-19 .", "Evidence Elements": {"Participant": [{"term": "severe", "negation": "affirmed", "UMLS": {}, "start": 114, "end": 120}], "Intervention": [{"term": "TCMR", "negation": "affirmed", "UMLS": {}, "start": 82, "end": 86, "has_procedure": [{"text": "traditional chinese medicine rehabilitation", "maps_to": "C5192101:Prehabilitation", "start": 0, "end": 43}], "has_relation": "N/A"}], "Outcome": [{"term": "efficacy", "negation": "affirmed", "UMLS": {}, "start": 55, "end": 63}, {"term": "advantages", "negation": "affirmed", "UMLS": {}, "start": 68, "end": 78}], "Observation": [], "Count": []}, "Evidence Propositions": []}, {"Section": "UNKNOWN", "Text": "METHODS / DESIGN : This is a parallel-design , two-arm , analyst assessor-blinded , randomized controlled trial .", "Evidence Elements": {"Participant": [], "Intervention": [], "Outcome": [], "Observation": [], "Count": []}, "Evidence Propositions": []}, {"Section": "UNKNOWN", "Text": "A total of 128 patients with COVID-19 aged from 20 to 80 years will be recruited and assigned randomly into a guideline therapy group and a guideline therapy plus TCMR group at a 1:1 ratio .", "Evidence Elements": {"Participant": [{"term": "COVID-19", "negation": "affirmed", "UMLS": {}, "start": 29, "end": 37}], "Intervention": [{"term": "guideline therapy", "negation": "affirmed", "UMLS": {}, "start": 110, "end": 127, "has_procedure": [{"text": "guideline therapy", "maps_to": "C0087111:therapy", "start": 0, "end": 17}], "has_relation": "N/A"}, {"term": "guideline therapy plus TCMR", "negation": "affirmed", "UMLS": {}, "start": 140, "end": 167, "has_procedure": [{"text": "guideline therapy", "maps_to": "C0087111:therapy", "start": 0, "end": 17}, {"text": "traditional chinese medicine rehabilitation", "maps_to": "C5192101:Prehabilitation", "start": 23, "end": 66}], "has_relation": "combined_with (C0087111<->C5192101)"}], "Outcome": [], "Observation": [], "Count": []}, "Evidence Propositions": []}, {"Section": "UNKNOWN", "Text": "Patients in both groups will receive guideline therapy .", "Evidence Elements": {"Participant": [], "Intervention": [{"term": "groups", "negation": "affirmed", "UMLS": {}, "start": 17, "end": 23, "has_relation": "N/A"}, {"term": "guideline therapy", "negation": "affirmed", "UMLS": {}, "start": 37, "end": 54, "has_procedure": [{"text": "guideline therapy", "maps_to": "C0087111:therapy", "start": 0, "end": 17}], "has_relation": "N/A"}], "Outcome": [], "Observation": [], "Count": []}, "Evidence Propositions": []}, {"Section": "UNKNOWN", "Text": "The patients in the intervention group will perform acupressure therapy and Liu Zi Jue Qigong exercises in addition to conventional treatments twice a day and will be persistent from admission to discharge .", "Evidence Elements": {"Participant": [], "Intervention": [{"term": "acupressure therapy", "negation": "affirmed", "UMLS": {}, "start": 52, "end": 71, "has_procedure": [{"text": "acupressure therapy", "maps_to": "C0282614:acupressure therapy", "start": 0, "end": 19}], "has_relation": "N/A"}, {"term": "Liu Zi Jue Qigong exercises in addition to conventional treatments", "negation": "affirmed", "UMLS": {}, "start": 76, "end": 142, "has_procedure": [{"text": "conventional treatments", "maps_to": "C2945704:conventional treatment", "start": 43, "end": 66}], "has_activity": [{"text": "liu zi jue qigong exercises", "maps_to": "C0015259:exercises", "start": 0, "end": 27}], "has_relation": "combined_with (C0015259<->C2945704)"}], "Outcome": [], "Observation": [], "Count": []}, "Evidence Propositions": []}, {"Section": "UNKNOWN", "Text": "The primary outcome will be measured with the Modified Medical Research Council Dyspnea Scale , and the secondary outcomes will include the Activities of Daily Living Barthel Index Scale , Patient Health Questionnaire-9 Scale , and the Respiratory Symptoms Scale .", "Evidence Elements": {"Participant": [], "Intervention": [], "Outcome": [{"term": "Modified Medical Research Council Dyspnea Scale", "negation": "affirmed", "UMLS": {}, "start": 46, "end": 93}, {"term": "Activities of Daily Living Barthel Index Scale", "negation": "affirmed", "UMLS": {}, "start": 140, "end": 186}, {"term": "Patient Health Questionnaire-9 Scale", "negation": "affirmed", "UMLS": {}, "start": 189, "end": 225}], "Observation": [], "Count": []}, "Evidence Propositions": []}, {"Section": "UNKNOWN", "Text": "The assessments of the clinical scales will be performed at three points ( before treatment , the 7th day during hospitalization , and the discharge day ) .", "Evidence Elements": {"Participant": [], "Intervention": [], "Outcome": [{"term": "clinical scales", "negation": "affirmed", "UMLS": {}, "start": 23, "end": 38}], "Observation": [], "Count": []}, "Evidence Propositions": []}, {"Section": "UNKNOWN", "Text": "Adverse events will be noted and recorded for the safety evaluation .", "Evidence Elements": {"Participant": [], "Intervention": [], "Outcome": [{"term": "Adverse events", "negation": "affirmed", "UMLS": {}, "start": 0, "end": 14}], "Observation": [], "Count": []}, "Evidence Propositions": []}, {"Section": "DISCUSSION", "Text": "This trial will provide high-quality evidence of the value of TCMR , which consists of acupressure therapy and Liu Zi Jue Qigong exercises , for treating patients with severe COVID-19 .", "Evidence Elements": {"Participant": [], "Intervention": [{"term": "TCMR", "negation": "affirmed", "UMLS": {}, "start": 62, "end": 66, "has_procedure": [{"text": "traditional chinese medicine rehabilitation", "maps_to": "C5192101:Prehabilitation", "start": 0, "end": 43}], "has_relation": "N/A"}, {"term": "Jue Qigong", "negation": "affirmed", "UMLS": {}, "start": 118, "end": 128, "has_procedure": [{"text": "jue qigong", "maps_to": "C0282077:qigong", "start": 0, "end": 10}], "has_relation": "N/A"}], "Outcome": [], "Observation": [], "Count": []}, "Evidence Propositions": []}, {"Section": "UNKNOWN", "Text": "TRIAL REGISTRATION : Chinese Clinical Trial Registry ChiCTR2000029994 .", "Evidence Elements": {"Participant": [], "Intervention": [], "Outcome": [], "Observation": [], "Count": []}, "Evidence Propositions": []}, {"Section": "UNKNOWN", "Text": "Registered on 18 February 2020 .", "Evidence Elements": {"Participant": [], "Intervention": [], "Outcome": [], "Observation": [], "Count": []}, "Evidence Propositions": []}]}