{"doc_id": "32868370", "type of study": "Therapy", "title": "", "abstract": "'Immunity Passports' for SARS-CoV-2: an online experimental study of the impact of antibody test terminology on perceived risk and behaviour.\nTo assess the impact of describing an antibody-positive test result using the terms Immunity and Passport or Certificate, alone or in combination, on perceived risk of becoming infected with severe acute respiratory syndrome coronavirus 2 (SARS-CoV-2) and protective behaviours.\n2\u00d73 experimental design.\nOnline.\n1204 adults from a UK research panel.\nParticipants were randomised to receive one of six descriptions of an antibody test and results showing SARS-CoV-2 antibodies, differing in the terms describing the type of test (Immunity vs Antibody) and the test result (Passport vs Certificate vs Test).\nMAIN OUTCOME MEASURES : Primary outcome: proportion of participants perceiving no risk of infection with SARS-CoV-2 given an antibody-positive test result.\nOther outcomes include: intended changes to frequency of hand washing and physical distancing.\nWhen using the term Immunity (vs Antibody), 19.1% of participants (95%\u2009CI 16.1% to 22.5%) (vs 9.8% (95% CI 7.5% to 12.4%)) perceived no risk of catching coronavirus given an antibody-positive test result (adjusted OR (AOR): 2.91 (95% CI 1.52 to 5.55)).\nUsing the terms Passport or Certificate-as opposed to Test-had no significant effect (AOR: 1.24 (95% CI 0.62 to 2.48) and AOR: 0.96 (95% CI 0.47 to 1.99) respectively).\nThere was no significant interaction between the effects of the test and result terminology.\nAcross groups, perceiving no risk of infection was associated with an intention to wash hands less frequently (AOR: 2.32 (95% CI 1.25 to 4.28)); there was no significant association with intended avoidance of physical contact (AOR: 1.37 (95% CI 0.93 to 2.03)).\nUsing the term Immunity (vs Antibody) to describe antibody tests for SARS-CoV-2 increases the proportion of people believing that an antibody-positive result means they have no risk of catching coronavirus in the future, a perception that may be associated with less frequent hand washing.\nTRIAL REGISTRATION NUMBER : Open Science Framework: https://osf.io/tjwz8/files/.\n\u00a9 Author(s) (or their employer(s)) 2020. Re-use permitted under CC BY.\nPublished by BMJ.\n", "Evidence Map": {"Enrollment": [{"term": "SARS-CoV-2", "negation": "affirmed", "UMLS": {}, "start": 27, "end": 37}], "Comparison Results": [], "Study Arm 1 Results": [], "Study Arm 2 Results": [], "Hypothesis": []}, "Sentence-level breakdown": [{"Section": "TITLE", "Text": "' Immunity Passports ' for SARS-CoV-2 : an online experimental study of the impact of antibody test terminology on perceived risk and behaviour .", "Evidence Elements": {"Participant": [{"term": "SARS-CoV-2", "negation": "affirmed", "UMLS": {}, "start": 27, "end": 37}], "Intervention": [{"term": "'", "negation": "affirmed", "UMLS": {}, "start": 0, "end": 1, "has_relation": "N/A"}, {"term": "Immunity Passports '", "negation": "affirmed", "UMLS": {}, "start": 2, "end": 22, "has_relation": "N/A"}, {"term": "antibody test terminology", "negation": "affirmed", "UMLS": {}, "start": 86, "end": 111, "has_procedure": [{"text": "antibody test", "maps_to": "C0580327:antibody test", "start": 0, "end": 13}], "has_relation": "N/A"}], "Outcome": [{"term": "perceived", "negation": "affirmed", "UMLS": {}, "start": 115, "end": 124}], "Observation": [], "Count": []}, "Evidence Propositions": []}, {"Section": "OBJECTIVE", "Text": "To assess the impact of describing an antibody-positive test result using the terms Immunity and Passport or Certificate , alone or in combination , on perceived risk of becoming infected with severe acute respiratory syndrome coronavirus 2 ( SARS-CoV-2 ) and protective behaviours .", "Evidence Elements": {"Participant": [], "Intervention": [{"term": "antibody-positive test result", "negation": "affirmed", "UMLS": {}, "start": 38, "end": 67, "has_chemical": [{"text": "antibody", "maps_to": "C0003241:antibody", "start": 0, "end": 8}], "has_relation": "N/A"}, {"term": "Immunity and Passport or Certificate", "negation": "affirmed", "UMLS": {}, "start": 84, "end": 120, "has_relation": "N/A"}], "Outcome": [{"term": "perceived risk of becoming infected with severe acute respiratory syndrome coronavirus 2 ( SARS-CoV-2", "negation": "affirmed", "UMLS": {}, "start": 152, "end": 253}], "Observation": [], "Count": []}, "Evidence Propositions": []}, {"Section": "DESIGN", "Text": "2\u00d73 experimental design .", "Evidence Elements": {"Participant": [], "Intervention": [], "Outcome": [], "Observation": [], "Count": []}, "Evidence Propositions": []}, {"Section": "SETTING", "Text": "Online .", "Evidence Elements": {"Participant": [], "Intervention": [], "Outcome": [], "Observation": [], "Count": []}, "Evidence Propositions": []}, {"Section": "PARTICIPANTS", "Text": "1204 adults from a UK research panel .", "Evidence Elements": {"Participant": [], "Intervention": [], "Outcome": [], "Observation": [], "Count": []}, "Evidence Propositions": []}, {"Section": "INTERVENTION", "Text": "Participants were randomised to receive one of six descriptions of an antibody test and results showing SARS-CoV-2 antibodies , differing in the terms describing the type of test ( Immunity vs Antibody ) and the test result ( Passport vs Certificate vs Test ) .", "Evidence Elements": {"Participant": [], "Intervention": [], "Outcome": [{"term": "SARS-CoV-2 antibodies", "negation": "affirmed", "UMLS": {}, "start": 104, "end": 125}], "Observation": [], "Count": []}, "Evidence Propositions": []}, {"Section": "UNKNOWN", "Text": "MAIN OUTCOME MEASURES : Primary outcome : proportion of participants perceiving no risk of infection with SARS-CoV-2 given an antibody-positive test result .", "Evidence Elements": {"Participant": [], "Intervention": [], "Outcome": [{"term": "proportion of participants perceiving no risk of infection with SARS-CoV-2", "negation": "affirmed", "UMLS": {}, "start": 42, "end": 116}], "Observation": [], "Count": []}, "Evidence Propositions": []}, {"Section": "UNKNOWN", "Text": "Other outcomes include : intended changes to frequency of hand washing and physical distancing .", "Evidence Elements": {"Participant": [], "Intervention": [], "Outcome": [{"term": "intended changes to frequency of hand washing and", "negation": "affirmed", "UMLS": {}, "start": 25, "end": 74}, {"term": "physical", "negation": "affirmed", "UMLS": {}, "start": 75, "end": 83}], "Observation": [], "Count": []}, "Evidence Propositions": []}, {"Section": "RESULTS", "Text": "When using the term Immunity ( vs Antibody ) , 19.1 % of participants ( 95 % CI 16.1 % to 22.5 % ) ( vs 9.8 % ( 95 % CI 7.5 % to 12.4 % ) ) perceived no risk of catching coronavirus given an antibody-positive test result ( adjusted OR ( AOR ) : 2.91 ( 95 % CI 1.52 to 5.55 ) ) .", "Evidence Elements": {"Participant": [], "Intervention": [{"term": "Immunity", "negation": "affirmed", "UMLS": {}, "start": 20, "end": 28, "has_relation": "N/A"}], "Outcome": [{"term": "risk", "negation": "negated", "UMLS": {}, "start": 153, "end": 157}], "Observation": [], "Count": [{"term": "19.1 % of participants", "negation": "affirmed", "UMLS": {}, "start": 47, "end": 69}, {"term": "9.8 %", "negation": "affirmed", "UMLS": {}, "start": 104, "end": 109}]}, "Evidence Propositions": [{"Intervention": {"term": "Immunity", "has_relation": "N/A"}, "Observation": "", "Count": "19.1 % of participants", "Outcome": "risk"}]}, {"Section": "RESULTS", "Text": "Using the terms Passport or Certificate- as opposed to Test- had no significant effect ( AOR : 1.24 ( 95 % CI 0.62 to 2.48 ) and AOR : 0.96 ( 95 % CI 0.47 to 1.99 ) respectively ) .", "Evidence Elements": {"Participant": [], "Intervention": [{"term": "Passport", "negation": "affirmed", "UMLS": {}, "start": 16, "end": 24, "has_relation": "N/A"}, {"term": "Certificate-", "negation": "affirmed", "UMLS": {}, "start": 28, "end": 40, "has_relation": "N/A"}, {"term": "Test-", "negation": "affirmed", "UMLS": {}, "start": 55, "end": 60, "has_relation": "N/A"}], "Outcome": [{"term": "AOR", "negation": "negated", "UMLS": {}, "start": 89, "end": 92}, {"term": "AOR", "negation": "negated", "UMLS": {}, "start": 89, "end": 92}], "Observation": [{"term": "significant effect", "negation": "affirmed", "UMLS": {}, "start": 68, "end": 86}, {"term": "1.24", "negation": "negated", "UMLS": {}, "start": 95, "end": 99}], "Count": []}, "Evidence Propositions": [{"Intervention": {"term": "Passport", "has_relation": "N/A"}, "Observation": "significant effect", "Outcome": "AOR", "Count": ""}, {"Intervention": {"term": "Certificate-", "has_relation": "N/A"}, "Observation": "significant effect", "Outcome": "AOR", "Count": ""}, {"Intervention": {"term": "Test-", "has_relation": "N/A"}, "Observation": "significant effect", "Outcome": "AOR", "Count": ""}, {"Intervention": {"term": "Certificate-", "has_relation": "N/A"}, "Observation": "1.24", "Outcome": "AOR", "Count": ""}]}, {"Section": "RESULTS", "Text": "There was no significant interaction between the effects of the test and result terminology .", "Evidence Elements": {"Participant": [], "Intervention": [{"term": "test and result terminology", "negation": "negated", "UMLS": {}, "start": 64, "end": 91, "has_relation": "N/A"}], "Outcome": [{"term": "effects", "negation": "negated", "UMLS": {}, "start": 49, "end": 56}], "Observation": [{"term": "significant interaction", "negation": "affirmed", "UMLS": {}, "start": 13, "end": 36}], "Count": []}, "Evidence Propositions": [{"Intervention": {"term": "test and result terminology", "has_relation": "N/A"}, "Observation": "significant interaction", "Outcome": "effects", "Count": ""}]}, {"Section": "RESULTS", "Text": "Across groups , perceiving no risk of infection was associated with an intention to wash hands less frequently ( AOR : 2.32 ( 95 % CI 1.25 to 4.28 ) ) ; there was no significant association with intended avoidance of physical contact ( AOR : 1.37 ( 95 % CI 0.93 to 2.03 ) ) .", "Evidence Elements": {"Participant": [], "Intervention": [{"term": "no risk of infection", "negation": "affirmed", "UMLS": {}, "start": 27, "end": 47, "has_relation": "N/A"}], "Outcome": [{"term": "intention to wash hands", "negation": "negated", "UMLS": {}, "start": 71, "end": 94}, {"term": "intended avoidance of physical", "negation": "negated", "UMLS": {}, "start": 195, "end": 225}], "Observation": [{"term": "less frequently", "negation": "negated", "UMLS": {}, "start": 95, "end": 110}, {"term": "2.32", "negation": "negated", "UMLS": {}, "start": 119, "end": 123}, {"term": "significant association", "negation": "affirmed", "UMLS": {}, "start": 166, "end": 189}], "Count": []}, "Evidence Propositions": [{"Intervention": [], "Observation": "less frequently", "Outcome": "", "Count": ""}]}, {"Section": "CONCLUSIONS", "Text": "Using the term Immunity ( vs Antibody ) to describe antibody tests for SARS-CoV-2 increases the proportion of people believing that an antibody-positive result means they have no risk of catching coronavirus in the future , a perception that may be associated with less frequent hand washing .", "Evidence Elements": {"Participant": [], "Intervention": [], "Outcome": [], "Observation": [], "Count": []}, "Evidence Propositions": []}, {"Section": "UNKNOWN", "Text": "TRIAL REGISTRATION NUMBER : Open Science Framework : https:/ / osf.io / tjwz8 / files / .", "Evidence Elements": {"Participant": [], "Intervention": [], "Outcome": [], "Observation": [], "Count": []}, "Evidence Propositions": []}, {"Section": "UNKNOWN", "Text": "\u00a9 Author (s ) ( or their employer (s ) ) 2020 . Re-use permitted under CC BY .", "Evidence Elements": {"Participant": [], "Intervention": [], "Outcome": [], "Observation": [], "Count": []}, "Evidence Propositions": []}, {"Section": "UNKNOWN", "Text": "Published by BMJ .", "Evidence Elements": {"Participant": [], "Intervention": [], "Outcome": [], "Observation": [], "Count": []}, "Evidence Propositions": []}]}