{"doc_id": "32881359", "type of study": "Therapy", "title": "", "abstract": "Bromhexine Hydrochloride Tablets for the Treatment of Moderate COVID-19: An Open-Label Randomized Controlled Pilot Study.\nThis open-label randomized controlled pilot study aimed to test the study feasibility of bromhexine hydrochloride (BRH) tablets for the treatment of mild or moderate coronavirus disease 2019 (COVID-19) and to explore its clinical efficacy and safety.\nPatients with mild or moderate COVID-19 were randomly divided into the BRH group or the control group at a 2:1 ratio.\nRoutine treatment according to China's Novel Coronavirus Pneumonia Diagnosis and Treatment Plan was performed in both groups, whereas patients in the BRH group were additionally given oral BRH (32\u00a0mg t.i.d.) for 14 consecutive days.\nThe efficacy and safety of BRH were evaluated.\nA total of 18 patients with moderate COVID-19 were randomized into the BRH group (n\u00a0=\u00a012) or the control group (n\u00a0=\u00a06).\nThere were suggestions of BRH advantage over placebo in improved chest computed tomography, need for oxygen therapy, and discharge rate within 20\u00a0days.\nHowever, none of these findings were statistically significant.\nBRH tablets may potentially have a beneficial effect in patients with COVID-19, especially for those with lung or hepatic injury.\nA further definitive large-scale clinical trial is feasible and necessary.\n\u00a9 2020 The Authors.\nClinical and Translational Science published by Wiley Periodicals LLC on behalf of the American Society for Clinical Pharmacology and Therapeutics.\n", "Evidence Map": {"Enrollment": [{"term": "Moderate COVID-19", "negation": "affirmed", "UMLS": {}, "start": 54, "end": 71}, {"term": "mild or moderate coronavirus disease 2019 ( COVID-19 )", "negation": "affirmed", "UMLS": {}, "start": 151, "end": 205}, {"term": "mild or moderate COVID-19", "negation": "affirmed", "UMLS": {}, "start": 14, "end": 39}, {"term": "moderate COVID-19", "negation": "affirmed", "UMLS": {}, "start": 28, "end": 45}, {"term": "COVID-19", "negation": "affirmed", "UMLS": {}, "start": 70, "end": 78}, {"term": "lung or hepatic", "negation": "affirmed", "UMLS": {}, "start": 107, "end": 122}], "Comparison Results": [], "Study Arm 1 Results": [], "Study Arm 2 Results": [], "Hypothesis": []}, "Sentence-level breakdown": [{"Section": "TITLE", "Text": "Bromhexine Hydrochloride Tablets for the Treatment of Moderate COVID-19 : An Open-Label Randomized Controlled Pilot Study .", "Evidence Elements": {"Participant": [{"term": "Moderate COVID-19", "negation": "affirmed", "UMLS": {}, "start": 54, "end": 71}], "Intervention": [{"term": "Bromhexine Hydrochloride Tablets", "negation": "affirmed", "UMLS": {}, "start": 0, "end": 32, "has_chemical": [{"text": "bromhexine hydrochloride", "maps_to": "C0005647:bromhexine hydrochloride", "start": 0, "end": 24, "has_form": ["tablets"]}], "has_relation": "N/A"}], "Outcome": [], "Observation": [], "Count": []}, "Evidence Propositions": []}, {"Section": "UNKNOWN", "Text": "This open-label randomized controlled pilot study aimed to test the study feasibility of bromhexine hydrochloride ( BRH ) tablets for the treatment of mild or moderate coronavirus disease 2019 ( COVID-19 ) and to explore its clinical efficacy and safety .", "Evidence Elements": {"Participant": [{"term": "mild or moderate coronavirus disease 2019 ( COVID-19 )", "negation": "affirmed", "UMLS": {}, "start": 151, "end": 205}], "Intervention": [{"term": "bromhexine hydrochloride ( BRH ) tablets", "negation": "affirmed", "UMLS": {}, "start": 89, "end": 129, "has_chemical": [{"text": "bromhexine hydrochloride", "maps_to": "C0005647:bromhexine hydrochloride", "start": 0, "end": 24, "has_form": ["tablets"]}], "has_relation": "N/A"}], "Outcome": [], "Observation": [], "Count": []}, "Evidence Propositions": []}, {"Section": "UNKNOWN", "Text": "Patients with mild or moderate COVID-19 were randomly divided into the BRH group or the control group at a 2:1 ratio .", "Evidence Elements": {"Participant": [{"term": "mild or moderate COVID-19", "negation": "affirmed", "UMLS": {}, "start": 14, "end": 39}], "Intervention": [{"term": "BRH", "negation": "affirmed", "UMLS": {}, "start": 71, "end": 74, "has_chemical": [{"text": "bromhexine hydrochloride", "maps_to": "C0005647:bromhexine hydrochloride", "start": 0, "end": 24}], "has_relation": "N/A"}, {"term": "control", "negation": "affirmed", "UMLS": {}, "start": 88, "end": 95, "has_relation": "N/A"}], "Outcome": [], "Observation": [], "Count": []}, "Evidence Propositions": []}, {"Section": "UNKNOWN", "Text": "Routine treatment according to China 's Novel Coronavirus Pneumonia Diagnosis and Treatment Plan was performed in both groups , whereas patients in the BRH group were additionally given oral BRH ( 32 mg t.i.d . ) for 14 consecutive days .", "Evidence Elements": {"Participant": [], "Intervention": [{"term": "BRH", "negation": "affirmed", "UMLS": {}, "start": 152, "end": 155, "has_chemical": [{"text": "bromhexine hydrochloride", "maps_to": "C0005647:bromhexine hydrochloride", "start": 0, "end": 24}], "has_relation": "N/A"}, {"term": "oral BRH", "negation": "affirmed", "UMLS": {}, "start": 186, "end": 194, "has_chemical": [{"text": "bromhexine hydrochloride", "maps_to": "C0005647:bromhexine hydrochloride", "start": 5, "end": 29, "has_route": ["oral"]}], "has_relation": "N/A"}], "Outcome": [], "Observation": [], "Count": []}, "Evidence Propositions": []}, {"Section": "UNKNOWN", "Text": "The efficacy and safety of BRH were evaluated .", "Evidence Elements": {"Participant": [], "Intervention": [{"term": "BRH", "negation": "affirmed", "UMLS": {}, "start": 27, "end": 30, "has_chemical": [{"text": "bromhexine hydrochloride", "maps_to": "C0005647:bromhexine hydrochloride", "start": 0, "end": 24}], "has_relation": "N/A"}], "Outcome": [{"term": "efficacy", "negation": "affirmed", "UMLS": {}, "start": 4, "end": 12}, {"term": "safety", "negation": "affirmed", "UMLS": {}, "start": 17, "end": 23}], "Observation": [], "Count": []}, "Evidence Propositions": []}, {"Section": "UNKNOWN", "Text": "A total of 18 patients with moderate COVID-19 were randomized into the BRH group ( n = 12 ) or the control group ( n = 6 ) .", "Evidence Elements": {"Participant": [{"term": "moderate COVID-19", "negation": "affirmed", "UMLS": {}, "start": 28, "end": 45}], "Intervention": [{"term": "BRH", "negation": "affirmed", "UMLS": {}, "start": 71, "end": 74, "has_chemical": [{"text": "bromhexine hydrochloride", "maps_to": "C0005647:bromhexine hydrochloride", "start": 0, "end": 24}], "has_relation": "N/A"}, {"term": "control", "negation": "affirmed", "UMLS": {}, "start": 99, "end": 106, "has_relation": "N/A"}], "Outcome": [], "Observation": [], "Count": []}, "Evidence Propositions": []}, {"Section": "UNKNOWN", "Text": "There were suggestions of BRH advantage over placebo in improved chest computed tomography , need for oxygen therapy , and discharge rate within 20 days .", "Evidence Elements": {"Participant": [], "Intervention": [{"term": "BRH", "negation": "affirmed", "UMLS": {}, "start": 26, "end": 29, "has_chemical": [{"text": "bromhexine hydrochloride", "maps_to": "C0005647:bromhexine hydrochloride", "start": 0, "end": 24}], "has_relation": "N/A"}, {"term": "placebo", "negation": "affirmed", "UMLS": {}, "start": 45, "end": 52, "has_procedure": [{"text": "placebo", "maps_to": "C0032042:placebos", "start": 0, "end": 7}], "has_relation": "N/A"}], "Outcome": [{"term": "chest computed tomography", "negation": "affirmed", "UMLS": {}, "start": 65, "end": 90}, {"term": "need for oxygen therapy", "negation": "affirmed", "UMLS": {}, "start": 93, "end": 116}, {"term": "discharge rate", "negation": "affirmed", "UMLS": {}, "start": 123, "end": 137}], "Observation": [{"term": "advantage", "negation": "affirmed", "UMLS": {}, "start": 30, "end": 39}, {"term": "improved", "negation": "affirmed", "UMLS": {}, "start": 56, "end": 64}], "Count": []}, "Evidence Propositions": []}, {"Section": "UNKNOWN", "Text": "However , none of these findings were statistically significant .", "Evidence Elements": {"Participant": [], "Intervention": [], "Outcome": [], "Observation": [{"term": "statistically", "negation": "negated", "UMLS": {}, "start": 38, "end": 51}], "Count": [{"term": "none", "negation": "affirmed", "UMLS": {}, "start": 10, "end": 14}]}, "Evidence Propositions": []}, {"Section": "UNKNOWN", "Text": "BRH tablets may potentially have a beneficial effect in patients with COVID-19 , especially for those with lung or hepatic injury .", "Evidence Elements": {"Participant": [{"term": "COVID-19", "negation": "affirmed", "UMLS": {}, "start": 70, "end": 78}, {"term": "lung or hepatic", "negation": "affirmed", "UMLS": {}, "start": 107, "end": 122}], "Intervention": [{"term": "BRH tablets", "negation": "affirmed", "UMLS": {}, "start": 0, "end": 11, "has_chemical": [{"text": "bromhexine hydrochloride", "maps_to": "C0005647:bromhexine hydrochloride", "start": 0, "end": 24, "has_form": ["tablets"]}], "has_relation": "N/A"}], "Outcome": [], "Observation": [{"term": "beneficial effect", "negation": "affirmed", "UMLS": {}, "start": 35, "end": 52}], "Count": []}, "Evidence Propositions": []}, {"Section": "UNKNOWN", "Text": "A further definitive large-scale clinical trial is feasible and necessary .", "Evidence Elements": {"Participant": [], "Intervention": [], "Outcome": [], "Observation": [], "Count": []}, "Evidence Propositions": []}, {"Section": "UNKNOWN", "Text": "\u00a9 2020 The Authors .", "Evidence Elements": {"Participant": [], "Intervention": [], "Outcome": [], "Observation": [], "Count": []}, "Evidence Propositions": []}, {"Section": "UNKNOWN", "Text": "Clinical and Translational Science published by Wiley Periodicals LLC on behalf of the American Society for Clinical Pharmacology and Therapeutics .", "Evidence Elements": {"Participant": [], "Intervention": [], "Outcome": [], "Observation": [], "Count": []}, "Evidence Propositions": []}]}