{"doc_id": "32895744", "type of study": "Therapy", "title": "", "abstract": "Efficacy of surgical helmet systems for protection against COVID-19: a double-blinded randomised control study.\nThis study assesses whether sterile surgical helmet systems (SSHS) provide surgeons with additional protection from aerosol pathogens alongside their traditional role protecting against splash.\nThere has been debate on whether to use such systems in reopening elective orthopaedic surgery during the current COVID-19 pandemic environment.\nThirty-five participants were enrolled in a double-blinded randomised controlled study investigating efficacy of the Stryker Flyte Surgical Helmet (Stryker Corporation, Kalamazoo, MI, USA) as protection against respiratory droplets.\nWearing the SSHS in a fit testing hood, subjects were randomised to nebulised saccharin solution or placebo.\nTwenty were allocated to the saccharin group with 15 to placebo.\nPositive sweet taste represented a failure of the test.\nTaste tests were performed with the helmet fan turned on and off.\nSSHS did not prevent saccharin taste (p\u2009<\u20090.0001).\nWithin the saccharin cohort, 40% recorded a positive taste with the fan on and 100% with the fan off.\nThere was a statistically significant difference in mean time-to-taste saccharin (p\u2009=\u20090.049) comparing fan on (123.5\u00a0s) vs. off (62.6\u00a0s).\nSSHS do not protect against aerosol particulate and therefore are not efficacious in protection against COVID-19.\nThe fan system employed may even increase risk to the surgeon by drawing in particulates as well as delay recognition of intraoperative cues, such as exhaust from diathermy, that point to respirator mask leak.\n", "Evidence Map": {"Enrollment": [{"term": "surgeons", "negation": "affirmed", "UMLS": {}, "start": 77, "end": 85}], "Comparison Results": [], "Study Arm 1 Results": [], "Study Arm 2 Results": [], "Hypothesis": []}, "Sentence-level breakdown": [{"Section": "TITLE", "Text": "Efficacy of surgical helmet systems for protection against COVID-19 : a double-blinded randomised control study .", "Evidence Elements": {"Participant": [], "Intervention": [{"term": "surgical helmet systems", "negation": "affirmed", "UMLS": {}, "start": 12, "end": 35, "has_relation": "N/A"}], "Outcome": [{"term": "COVID-19", "negation": "affirmed", "UMLS": {}, "start": 59, "end": 67}], "Observation": [{"term": "protection", "negation": "affirmed", "UMLS": {}, "start": 40, "end": 50}], "Count": []}, "Evidence Propositions": [{"Intervention": {"term": "surgical helmet systems", "has_relation": "N/A"}, "Observation": "protection", "Outcome": "COVID-19", "Count": ""}]}, {"Section": "PURPOSE", "Text": "This study assesses whether sterile surgical helmet systems ( SSHS ) provide surgeons with additional protection from aerosol pathogens alongside their traditional role protecting against splash .", "Evidence Elements": {"Participant": [{"term": "surgeons", "negation": "affirmed", "UMLS": {}, "start": 77, "end": 85}], "Intervention": [{"term": "sterile surgical helmet systems ( SSHS )", "negation": "affirmed", "UMLS": {}, "start": 28, "end": 68, "has_relation": "N/A"}, {"term": "traditional role", "negation": "affirmed", "UMLS": {}, "start": 152, "end": 168, "has_activity": [{"text": "traditional role", "maps_to": "C0035820:role", "start": 0, "end": 16}], "has_relation": "N/A"}], "Outcome": [], "Observation": [{"term": "additional protection from aerosol pathogens", "negation": "affirmed", "UMLS": {}, "start": 91, "end": 135}, {"term": "protecting", "negation": "affirmed", "UMLS": {}, "start": 169, "end": 179}], "Count": []}, "Evidence Propositions": []}, {"Section": "PURPOSE", "Text": "There has been debate on whether to use such systems in reopening elective orthopaedic surgery during the current COVID-19 pandemic environment .", "Evidence Elements": {"Participant": [], "Intervention": [], "Outcome": [], "Observation": [], "Count": []}, "Evidence Propositions": []}, {"Section": "METHODS", "Text": "Thirty-five participants were enrolled in a double-blinded randomised controlled study investigating efficacy of the Stryker Flyte Surgical Helmet ( Stryker Corporation , Kalamazoo , MI , USA ) as protection against respiratory droplets .", "Evidence Elements": {"Participant": [], "Intervention": [{"term": "Stryker Flyte Surgical Helmet", "negation": "affirmed", "UMLS": {}, "start": 117, "end": 146, "has_relation": "N/A"}], "Outcome": [], "Observation": [], "Count": []}, "Evidence Propositions": []}, {"Section": "METHODS", "Text": "Wearing the SSHS in a fit testing hood , subjects were randomised to nebulised saccharin solution or placebo .", "Evidence Elements": {"Participant": [], "Intervention": [{"term": "SSHS", "negation": "affirmed", "UMLS": {}, "start": 12, "end": 16, "has_relation": "N/A"}, {"term": "nebulised saccharin solution", "negation": "affirmed", "UMLS": {}, "start": 69, "end": 97, "has_chemical": [{"text": "nebulised saccharin", "maps_to": "C0036023:saccharin", "start": 0, "end": 19, "has_form": ["solution"]}], "has_relation": "N/A"}], "Outcome": [], "Observation": [], "Count": []}, "Evidence Propositions": []}, {"Section": "METHODS", "Text": "Twenty were allocated to the saccharin group with 15 to placebo .", "Evidence Elements": {"Participant": [], "Intervention": [{"term": "saccharin", "negation": "affirmed", "UMLS": {}, "start": 29, "end": 38, "has_chemical": [{"text": "saccharin", "maps_to": "C0036023:saccharin", "start": 0, "end": 9}], "has_relation": "N/A"}, {"term": "placebo", "negation": "affirmed", "UMLS": {}, "start": 56, "end": 63, "has_procedure": [{"text": "placebo", "maps_to": "C0032042:placebos", "start": 0, "end": 7}], "has_relation": "N/A"}], "Outcome": [], "Observation": [], "Count": []}, "Evidence Propositions": []}, {"Section": "METHODS", "Text": "Positive sweet taste represented a failure of the test .", "Evidence Elements": {"Participant": [], "Intervention": [], "Outcome": [{"term": "Positive sweet taste", "negation": "affirmed", "UMLS": {}, "start": 0, "end": 20}, {"term": "failure", "negation": "affirmed", "UMLS": {}, "start": 35, "end": 42}], "Observation": [], "Count": []}, "Evidence Propositions": []}, {"Section": "METHODS", "Text": "Taste tests were performed with the helmet fan turned on and off .", "Evidence Elements": {"Participant": [], "Intervention": [{"term": "helmet fan", "negation": "affirmed", "UMLS": {}, "start": 36, "end": 46, "has_relation": "N/A"}], "Outcome": [{"term": "Taste tests", "negation": "affirmed", "UMLS": {}, "start": 0, "end": 11}], "Observation": [], "Count": []}, "Evidence Propositions": []}, {"Section": "RESULTS", "Text": "SSHS did not prevent saccharin taste ( p < 0.0001 ) .", "Evidence Elements": {"Participant": [], "Intervention": [{"term": "SSHS", "negation": "affirmed", "UMLS": {}, "start": 0, "end": 4, "has_relation": "N/A"}], "Outcome": [{"term": "saccharin taste", "negation": "negated", "UMLS": {}, "start": 21, "end": 36}], "Observation": [{"term": "prevent", "negation": "negated", "UMLS": {}, "start": 13, "end": 20}], "Count": []}, "Evidence Propositions": []}, {"Section": "RESULTS", "Text": "Within the saccharin cohort , 40 % recorded a positive taste with the fan on and 100 % with the fan off .", "Evidence Elements": {"Participant": [], "Intervention": [{"term": "fan on", "negation": "affirmed", "UMLS": {}, "start": 70, "end": 76, "has_relation": "N/A"}], "Outcome": [{"term": "taste", "negation": "affirmed", "UMLS": {}, "start": 55, "end": 60}], "Observation": [{"term": "positive", "negation": "affirmed", "UMLS": {}, "start": 46, "end": 54}], "Count": [{"term": "40 %", "negation": "affirmed", "UMLS": {}, "start": 30, "end": 34}, {"term": "100 %", "negation": "affirmed", "UMLS": {}, "start": 81, "end": 86}]}, "Evidence Propositions": []}, {"Section": "RESULTS", "Text": "There was a statistically significant difference in mean time-to-taste saccharin ( p=0.049 ) comparing fan on ( 123.5 s ) vs . off ( 62.6 s ) .", "Evidence Elements": {"Participant": [], "Intervention": [{"term": "fan on", "negation": "affirmed", "UMLS": {}, "start": 103, "end": 109, "has_relation": "N/A"}], "Outcome": [{"term": "mean time-to-taste saccharin", "negation": "affirmed", "UMLS": {}, "start": 52, "end": 80}], "Observation": [{"term": "statistically significant difference", "negation": "affirmed", "UMLS": {}, "start": 12, "end": 48}, {"term": "123.5 s", "negation": "affirmed", "UMLS": {}, "start": 112, "end": 119}], "Count": []}, "Evidence Propositions": [{"Intervention": [{"term": "fan on", "has_relation": "N/A"}], "Observation": "statistically significant difference", "Outcome": "mean time-to-taste saccharin", "Count": ""}, {"Intervention": {"term": "fan on", "has_relation": "N/A"}, "Observation": "123.5 s", "Outcome": "mean time-to-taste saccharin", "Count": ""}]}, {"Section": "CONCLUSIONS", "Text": "SSHS do not protect against aerosol particulate and therefore are not efficacious in protection against COVID-19 .", "Evidence Elements": {"Participant": [], "Intervention": [{"term": "SSHS", "negation": "affirmed", "UMLS": {}, "start": 0, "end": 4, "has_relation": "N/A"}], "Outcome": [{"term": "aerosol particulate", "negation": "negated", "UMLS": {}, "start": 28, "end": 47}, {"term": "protection against", "negation": "negated", "UMLS": {}, "start": 85, "end": 103}, {"term": "COVID-19", "negation": "negated", "UMLS": {}, "start": 104, "end": 112}], "Observation": [{"term": "protect", "negation": "negated", "UMLS": {}, "start": 12, "end": 19}, {"term": "efficacious", "negation": "negated", "UMLS": {}, "start": 70, "end": 81}], "Count": []}, "Evidence Propositions": [{"Intervention": {"term": "SSHS", "has_relation": "N/A"}, "Observation": "protect", "Outcome": "aerosol particulate", "Count": ""}]}, {"Section": "CONCLUSIONS", "Text": "The fan system employed may even increase risk to the surgeon by drawing in particulates as well as delay recognition of intraoperative cues , such as exhaust from diathermy , that point to respirator mask leak .", "Evidence Elements": {"Participant": [], "Intervention": [], "Outcome": [], "Observation": [], "Count": []}, "Evidence Propositions": []}]}