{"doc_id": "32910735", "type of study": "Therapy", "title": "", "abstract": "Validation of a Novel Wearable Electromyography Patch for Monitoring Submental Muscle Activity During Swallowing: A Randomized Crossover Trial.\nPurpose Surface electromyography (sEMG) is often used for biofeedback during swallowing rehabilitation.\nHowever, commercially available sEMG electrodes are not optimized for the head and neck area, have rigid form, and are mostly available in large medical centers.\nWe developed an ultrathin, soft, and flexible sEMG patch, specifically designed to conform to the submental anatomy and which will be ultimately incorporated into a telehealth system.\nTo validate this first-generation sEMG patch, we compared its safety, efficiency, and signal quality in monitoring submental muscle activity with that of widely used conventional sEMG electrodes.\nMethod A randomized crossover design was used to compare the experimental sEMG patch with conventional (snap-on) sEMG electrodes.\nParticipants completed the same experimental protocol with both electrodes in counterbalanced order.\nSwallow trials included five trials of 5- and 10-ml water.\nComparisons were made on (a) signal-related factors: signal-to-noise ratio (SNR), baseline amplitude, normalized mean amplitude, and sEMG burst duration and (b) safety/preclinical factors: safety/adverse effects, efficiency of electrode placement, and satisfaction/comfort.\nNoninferiority and equivalence tests were used to examine signal-related factors.\nPaired t tests and descriptive statistics were used to examine safety/preclinical factors.\nResults Forty healthy adults participated (24 women, Mage = 67.5 years).\nSignal-related factors: SNR of the experimental patch was not inferior to the SNR of the conventional electrodes (p < .0056).\nSimilarly, baseline amplitude obtained with the experimental patch was not inferior to that obtained with conventional electrodes (p < .0001).\nFinally, normalized amplitude values were equivalent across swallows (5 ml: p < .025; 10 ml: p < .0012), and sEMG burst duration was also equivalent (5 ml: p < .0001; 10 ml: p < .0001).\nSafety/preclinical factors: The experimental patch resulted in fewer mild adverse effects.\nParticipant satisfaction was higher with the experimental patch (p = .0476, d = 0.226).\nConclusions Our new wearable sEMG patch is equivalent with widely used conventional sEMG electrodes in terms of technical performance.\nIn addition, our patch is safe, and healthy older adults are satisfied with it.\nWith lessons learned from the current COVID-19 pandemic, efforts to develop optimal swallowing telerehabilitation devices are more urgent than ever.\nUpon further validation, this new technology has the potential to improve rehabilitation and telerehabilitation efforts for patients with dysphagia.\nSupplemental Material https://doi.org/10.23641/asha.12915509.\n", "Evidence Map": {"Enrollment": [{"term": "Swallowing", "negation": "affirmed", "UMLS": {}, "start": 102, "end": 112}, {"term": "healthy adults", "negation": "affirmed", "UMLS": {}, "start": 14, "end": 28}, {"term": "healthy older adults", "negation": "affirmed", "UMLS": {}, "start": 38, "end": 58}], "Comparison Results": [], "Study Arm 1 Results": [], "Study Arm 2 Results": [], "Hypothesis": []}, "Sentence-level breakdown": [{"Section": "TITLE", "Text": "Validation of a Novel Wearable Electromyography Patch for Monitoring Submental Muscle Activity During Swallowing : A Randomized Crossover Trial .", "Evidence Elements": {"Participant": [{"term": "Swallowing", "negation": "affirmed", "UMLS": {}, "start": 102, "end": 112}], "Intervention": [{"term": "Wearable Electromyography Patch", "negation": "affirmed", "UMLS": {}, "start": 22, "end": 53, "has_device": [{"text": "wearable electromyography", "maps_to": "C0180677:electromyograph", "start": 0, "end": 25, "has_form": ["patch"]}], "has_relation": "N/A"}], "Outcome": [{"term": "Submental Muscle Activity", "negation": "affirmed", "UMLS": {}, "start": 69, "end": 94}], "Observation": [], "Count": []}, "Evidence Propositions": []}, {"Section": "UNKNOWN", "Text": "Purpose Surface electromyography ( sEMG ) is often used for biofeedback during swallowing rehabilitation .", "Evidence Elements": {"Participant": [], "Intervention": [], "Outcome": [], "Observation": [], "Count": []}, "Evidence Propositions": []}, {"Section": "UNKNOWN", "Text": "However , commercially available sEMG electrodes are not optimized for the head and neck area , have rigid form , and are mostly available in large medical centers .", "Evidence Elements": {"Participant": [], "Intervention": [], "Outcome": [], "Observation": [], "Count": []}, "Evidence Propositions": []}, {"Section": "UNKNOWN", "Text": "We developed an ultrathin , soft , and flexible sEMG patch , specifically designed to conform to the submental anatomy and which will be ultimately incorporated into a telehealth system .", "Evidence Elements": {"Participant": [], "Intervention": [{"term": ",", "negation": "affirmed", "UMLS": {}, "start": 26, "end": 27, "has_relation": "N/A"}, {"term": ", and", "negation": "affirmed", "UMLS": {}, "start": 33, "end": 38, "has_relation": "N/A"}], "Outcome": [], "Observation": [], "Count": []}, "Evidence Propositions": []}, {"Section": "UNKNOWN", "Text": "To validate this first-generation sEMG patch , we compared its safety , efficiency , and signal quality in monitoring submental muscle activity with that of widely used conventional sEMG electrodes .", "Evidence Elements": {"Participant": [], "Intervention": [{"term": "first-generation sEMG patch", "negation": "affirmed", "UMLS": {}, "start": 17, "end": 44, "has_device": [{"text": "first generation surface electromyography", "maps_to": "C0180677:electromyograph", "start": 0, "end": 41, "has_form": ["patch"]}], "has_relation": "N/A"}], "Outcome": [{"term": "safety", "negation": "affirmed", "UMLS": {}, "start": 63, "end": 69}, {"term": "efficiency", "negation": "affirmed", "UMLS": {}, "start": 72, "end": 82}, {"term": "signal quality", "negation": "affirmed", "UMLS": {}, "start": 89, "end": 103}, {"term": "submental muscle activity", "negation": "affirmed", "UMLS": {}, "start": 118, "end": 143}], "Observation": [], "Count": []}, "Evidence Propositions": []}, {"Section": "UNKNOWN", "Text": "Method A randomized crossover design was used to compare the experimental sEMG patch with conventional ( snap-on ) sEMG electrodes .", "Evidence Elements": {"Participant": [], "Intervention": [{"term": "experimental sEMG patch", "negation": "affirmed", "UMLS": {}, "start": 61, "end": 84, "has_device": [{"text": "experimental surface electromyography", "maps_to": "C0180677:electromyograph", "start": 0, "end": 37, "has_form": ["patch"]}], "has_relation": "N/A"}, {"term": "conventional ( snap-on )", "negation": "affirmed", "UMLS": {}, "start": 90, "end": 114, "has_relation": "N/A"}], "Outcome": [], "Observation": [], "Count": []}, "Evidence Propositions": []}, {"Section": "UNKNOWN", "Text": "Participants completed the same experimental protocol with both electrodes in counterbalanced order .", "Evidence Elements": {"Participant": [], "Intervention": [], "Outcome": [], "Observation": [], "Count": []}, "Evidence Propositions": []}, {"Section": "UNKNOWN", "Text": "Swallow trials included five trials of 5- and 10-ml water .", "Evidence Elements": {"Participant": [], "Intervention": [], "Outcome": [], "Observation": [], "Count": []}, "Evidence Propositions": []}, {"Section": "UNKNOWN", "Text": "Comparis", "Evidence Elements": {"Participant": [], "Intervention": [], "Outcome": [], "Observation": [], "Count": []}, "Evidence Propositions": []}, {"Section": "UNKNOWN", "Text": "Noninferiority and equivalence tests were used to examine signal-related factors .", "Evidence Elements": {"Participant": [], "Intervention": [], "Outcome": [{"term": "signal-related factors", "negation": "affirmed", "UMLS": {}, "start": 58, "end": 80}], "Observation": [], "Count": []}, "Evidence Propositions": []}, {"Section": "UNKNOWN", "Text": "Paired t tests and descriptive statistics were used to examine safety / preclinical factors .", "Evidence Elements": {"Participant": [], "Intervention": [], "Outcome": [{"term": "preclinical factors", "negation": "affirmed", "UMLS": {}, "start": 72, "end": 91}], "Observation": [], "Count": []}, "Evidence Propositions": []}, {"Section": "UNKNOWN", "Text": "Results Forty healthy adults participated ( 24 women , Mage = 67.5 years ) .", "Evidence Elements": {"Participant": [{"term": "healthy adults", "negation": "affirmed", "UMLS": {}, "start": 14, "end": 28}], "Intervention": [], "Outcome": [], "Observation": [], "Count": []}, "Evidence Propositions": []}, {"Section": "UNKNOWN", "Text": "Signal-related factors : SNR of the experimental patch was not inferior to the SNR of the conventional electrodes ( p < .0056 ) .", "Evidence Elements": {"Participant": [], "Intervention": [{"term": "experimental patch", "negation": "affirmed", "UMLS": {}, "start": 36, "end": 54, "has_relation": "N/A"}, {"term": "conventional electrodes", "negation": "negated", "UMLS": {}, "start": 90, "end": 113, "has_relation": "N/A"}], "Outcome": [{"term": "Signal-related factors", "negation": "affirmed", "UMLS": {}, "start": 0, "end": 22}, {"term": "SNR", "negation": "negated", "UMLS": {}, "start": 25, "end": 28}, {"term": "SNR", "negation": "negated", "UMLS": {}, "start": 25, "end": 28}], "Observation": [{"term": "inferior", "negation": "negated", "UMLS": {}, "start": 63, "end": 71}], "Count": []}, "Evidence Propositions": [{"Intervention": {"term": "experimental patch", "has_relation": "N/A"}, "Observation": "inferior", "Outcome": "Signal-related factors", "Count": ""}, {"Intervention": {"term": "experimental patch", "has_relation": "N/A"}, "Observation": "inferior", "Outcome": "SNR", "Count": ""}, {"Intervention": {"term": "experimental patch", "has_relation": "N/A"}, "Observation": "inferior", "Outcome": "SNR", "Count": ""}, {"Intervention": {"term": "conventional electrodes", "has_relation": "N/A"}, "Observation": "inferior", "Outcome": "Signal-related factors", "Count": ""}, {"Intervention": {"term": "conventional electrodes", "has_relation": "N/A"}, "Observation": "inferior", "Outcome": "SNR", "Count": ""}, {"Intervention": {"term": "conventional electrodes", "has_relation": "N/A"}, "Observation": "inferior", "Outcome": "SNR", "Count": ""}]}, {"Section": "UNKNOWN", "Text": "Similarly , baseline amplitude obtained with the experimental patch was not inferior to that obtained with conventional electrodes ( p < .0001 ) .", "Evidence Elements": {"Participant": [], "Intervention": [{"term": "experimental patch", "negation": "affirmed", "UMLS": {}, "start": 49, "end": 67, "has_relation": "N/A"}, {"term": "conventional electrodes", "negation": "negated", "UMLS": {}, "start": 107, "end": 130, "has_relation": "N/A"}], "Outcome": [{"term": "baseline amplitude", "negation": "affirmed", "UMLS": {}, "start": 12, "end": 30}], "Observation": [{"term": "inferior", "negation": "negated", "UMLS": {}, "start": 76, "end": 84}], "Count": []}, "Evidence Propositions": [{"Intervention": {"term": "experimental patch", "has_relation": "N/A"}, "Observation": "inferior", "Outcome": "baseline amplitude", "Count": ""}, {"Intervention": {"term": "conventional electrodes", "has_relation": "N/A"}, "Observation": "inferior", "Outcome": "baseline amplitude", "Count": ""}]}, {"Section": "UNKNOWN", "Text": "Finally , normalized amplitude values were equivalent across swallows ( 5 ml : p < .025 ; 10 ml : p < .0012 ) , and sEMG burst duration was also equivalent ( 5 ml : p < .0001 ; 10 ml : p < .0001 ) .", "Evidence Elements": {"Participant": [], "Intervention": [], "Outcome": [{"term": "normalized amplitude values", "negation": "affirmed", "UMLS": {}, "start": 10, "end": 37}, {"term": "swallows", "negation": "affirmed", "UMLS": {}, "start": 61, "end": 69}, {"term": "sEMG burst duration", "negation": "affirmed", "UMLS": {}, "start": 116, "end": 135}], "Observation": [{"term": "equivalent", "negation": "affirmed", "UMLS": {}, "start": 43, "end": 53}, {"term": "5 ml", "negation": "affirmed", "UMLS": {}, "start": 72, "end": 76}, {"term": "ml", "negation": "affirmed", "UMLS": {}, "start": 74, "end": 76}, {"term": "equivalent", "negation": "affirmed", "UMLS": {}, "start": 43, "end": 53}, {"term": "5 ml", "negation": "affirmed", "UMLS": {}, "start": 72, "end": 76}], "Count": []}, "Evidence Propositions": []}, {"Section": "UNKNOWN", "Text": "Safety / preclinical factors : The experimental patch resulted in fewer mild adverse effects .", "Evidence Elements": {"Participant": [], "Intervention": [{"term": "experimental patch", "negation": "affirmed", "UMLS": {}, "start": 35, "end": 53, "has_relation": "N/A"}], "Outcome": [{"term": "preclinical factors", "negation": "affirmed", "UMLS": {}, "start": 9, "end": 28}, {"term": "mild adverse", "negation": "affirmed", "UMLS": {}, "start": 72, "end": 84}], "Observation": [{"term": "fewer", "negation": "affirmed", "UMLS": {}, "start": 66, "end": 71}], "Count": []}, "Evidence Propositions": []}, {"Section": "UNKNOWN", "Text": "Participant satisfaction was higher with the experimental patch ( p=.0476 , d = 0.226 ) .", "Evidence Elements": {"Participant": [], "Intervention": [{"term": "experimental patch", "negation": "affirmed", "UMLS": {}, "start": 45, "end": 63, "has_relation": "N/A"}], "Outcome": [{"term": "Participant satisfaction", "negation": "affirmed", "UMLS": {}, "start": 0, "end": 24}], "Observation": [{"term": "higher", "negation": "affirmed", "UMLS": {}, "start": 29, "end": 35}], "Count": []}, "Evidence Propositions": [{"Intervention": [{"term": "experimental patch", "has_relation": "N/A"}], "Observation": "higher", "Outcome": "Participant satisfaction", "Count": ""}]}, {"Section": "UNKNOWN", "Text": "Conclusions Our new wearable sEMG patch is equivalent with widely used conventional sEMG electrodes in terms of technical performance .", "Evidence Elements": {"Participant": [], "Intervention": [{"term": "wearable sEMG patch", "negation": "affirmed", "UMLS": {}, "start": 20, "end": 39, "has_device": [{"text": "wearable surface electromyography", "maps_to": "C0180677:electromyograph", "start": 0, "end": 33, "has_form": ["patch"]}], "has_relation": "N/A"}, {"term": "conventional sEMG electrodes", "negation": "affirmed", "UMLS": {}, "start": 71, "end": 99, "has_device": [{"text": "conventional surface electromyography", "maps_to": "C0180677:electromyograph", "start": 0, "end": 37}], "has_relation": "N/A"}], "Outcome": [{"term": "technical performance", "negation": "affirmed", "UMLS": {}, "start": 112, "end": 133}], "Observation": [{"term": "equivalent", "negation": "affirmed", "UMLS": {}, "start": 43, "end": 53}], "Count": []}, "Evidence Propositions": [{"Intervention": {"term": "wearable sEMG patch", "has_device": [{"text": "wearable surface electromyography", "maps_to": "C0180677:electromyograph", "start": 0, "end": 33, "has_form": ["patch"]}], "has_relation": "N/A"}, "Observation": "equivalent", "Outcome": "technical performance", "Count": ""}, {"Intervention": {"term": "conventional sEMG electrodes", "has_device": [{"text": "conventional surface electromyography", "maps_to": "C0180677:electromyograph", "start": 0, "end": 37}], "has_relation": "N/A"}, "Observation": "equivalent", "Outcome": "technical performance", "Count": ""}]}, {"Section": "UNKNOWN", "Text": "In addition , our patch is safe , and healthy older adults are satisfied with it .", "Evidence Elements": {"Participant": [{"term": "healthy older adults", "negation": "affirmed", "UMLS": {}, "start": 38, "end": 58}], "Intervention": [{"term": "patch", "negation": "affirmed", "UMLS": {}, "start": 18, "end": 23, "has_relation": "N/A"}], "Outcome": [], "Observation": [{"term": "safe", "negation": "affirmed", "UMLS": {}, "start": 27, "end": 31}, {"term": "satisfied", "negation": "affirmed", "UMLS": {}, "start": 63, "end": 72}], "Count": []}, "Evidence Propositions": []}, {"Section": "UNKNOWN", "Text": "With lessons learned from the current COVID-19 pandemic , efforts to develop optimal swallowing telerehabilitation devices are more urgent than ever .", "Evidence Elements": {"Participant": [], "Intervention": [], "Outcome": [], "Observation": [], "Count": []}, "Evidence Propositions": []}, {"Section": "UNKNOWN", "Text": "Upon further validation , this new technology has the potential to improve rehabilitation and telerehabilitation efforts for patients with dysphagia .", "Evidence Elements": {"Participant": [], "Intervention": [], "Outcome": [], "Observation": [], "Count": []}, "Evidence Propositions": []}, {"Section": "UNKNOWN", "Text": "Supplemental Material https:/ / doi.org / 10.23641 / asha.12915509 .", "Evidence Elements": {"Participant": [], "Intervention": [], "Outcome": [], "Observation": [], "Count": []}, "Evidence Propositions": []}]}