{"doc_id": "33001138", "type of study": "Therapy", "title": "", "abstract": "Efficacy and Safety of Hydroxychloroquine vs Placebo for Pre-exposure SARS-CoV-2 Prophylaxis Among Health Care Workers: A Randomized Clinical Trial.\nImportance : Health care workers (HCWs) caring for patients with coronavirus disease 2019 (COVID-19) are at risk of exposure to severe acute respiratory syndrome coronavirus 2 (SARS-CoV-2).\nCurrently, to our knowledge, there is no effective pharmacologic prophylaxis for individuals at risk.\nObjective : To evaluate the efficacy of hydroxychloroquine to prevent transmission of SARS-CoV-2 in hospital-based HCWs with exposure to patients with COVID-19 using a pre-exposure prophylaxis strategy.\nDesign, Setting, and Participants : This randomized, double-blind, placebo-controlled clinical trial (the Prevention and Treatment of COVID-19 With Hydroxychloroquine Study) was conducted at 2 tertiary urban hospitals, with enrollment from April 9, 2020, to July 14, 2020; follow-up ended August 4, 2020.\nThe trial randomized 132 full-time, hospital-based HCWs (physicians, nurses, certified nursing assistants, emergency technicians, and respiratory therapists), of whom 125 were initially asymptomatic and had negative results for SARS-CoV-2 by nasopharyngeal swab.\nThe trial was terminated early for futility before reaching a planned enrollment of 200 participants.\nInterventions : Hydroxychloroquine, 600 mg, daily, or size-matched placebo taken orally for 8 weeks.\nMain Outcomes and Measures : The primary outcome was the incidence of SARS-CoV-2 infection as determined by a nasopharyngeal swab during the 8 weeks of treatment.\nSecondary outcomes included adverse effects, treatment discontinuation, presence of SARS-CoV-2 antibodies, frequency of QTc prolongation, and clinical outcomes for SARS-CoV-2-positive participants.\nResults : Of the 132 randomized participants (median age, 33 years [range, 20-66 years]; 91 women [69%]), 125 (94.7%) were evaluable for the primary outcome.\nThere was no significant difference in infection rates in participants randomized to receive hydroxychloroquine compared with placebo (4 of 64 [6.3%] vs 4 of 61 [6.6%]; P\u2009>\u2009.99).\nMild adverse events were more common in participants taking hydroxychloroquine compared with placebo (45% vs 26%; P\u2009=\u2009.04); rates of treatment discontinuation were similar in both arms (19% vs 16%; P\u2009=\u2009.81).\nThe median change in QTc (baseline to 4-week evaluation) did not differ between arms (hydroxychloroquine: 4 milliseconds; 95% CI, -9 to 17; vs placebo: 3 milliseconds; 95% CI, -5 to 11; P\u2009=\u2009.98).\nOf the 8 participants with positive results for SARS-CoV-2 (6.4%), 6 developed viral symptoms; none required hospitalization, and all clinically recovered.\nConclusions and Relevance : In this randomized clinical trial, although limited by early termination, there was no clinical benefit of hydroxychloroquine administered daily for 8 weeks as pre-exposure prophylaxis in hospital-based HCWs exposed to patients with COVID-19.\nTrial Registration : ClinicalTrials.gov Identifier: NCT04329923.\n", "Evidence Map": {"Enrollment": [{"term": "Pre-exposure SARS-CoV-2 Prophylaxis", "negation": "affirmed", "UMLS": {}, "start": 57, "end": 92}, {"term": "Health Care Workers", "negation": "affirmed", "UMLS": {}, "start": 99, "end": 118}, {"term": "hospital-based HCWs", "negation": "affirmed", "UMLS": {}, "start": 100, "end": 119}, {"term": "exposure to patients with COVID-19", "negation": "affirmed", "UMLS": {}, "start": 125, "end": 159}, {"term": "full-time , hospital-based HCWs", "negation": "affirmed", "UMLS": {}, "start": 25, "end": 56}, {"term": "hospital-based HCWs", "negation": "negated", "UMLS": {}, "start": 218, "end": 237}], "Comparison Results": [], "Study Arm 1 Results": [], "Study Arm 2 Results": [], "Hypothesis": []}, "Sentence-level breakdown": [{"Section": "TITLE", "Text": "Efficacy and Safety of Hydroxychloroquine vs Placebo for Pre-exposure SARS-CoV-2 Prophylaxis Among Health Care Workers : A Randomized Clinical Trial .", "Evidence Elements": {"Participant": [{"term": "Pre-exposure SARS-CoV-2 Prophylaxis", "negation": "affirmed", "UMLS": {}, "start": 57, "end": 92}, {"term": "Health Care Workers", "negation": "affirmed", "UMLS": {}, "start": 99, "end": 118}], "Intervention": [{"term": "Hydroxychloroquine", "negation": "affirmed", "UMLS": {}, "start": 23, "end": 41, "has_chemical": [{"text": "hydroxychloroquine", "maps_to": "C0020336:hydroxychloroquine", "start": 0, "end": 18}], "has_relation": "N/A"}, {"term": "Placebo", "negation": "affirmed", "UMLS": {}, "start": 45, "end": 52, "has_procedure": [{"text": "placebo", "maps_to": "C0032042:placebos", "start": 0, "end": 7}], "has_relation": "N/A"}], "Outcome": [{"term": "Safety", "negation": "affirmed", "UMLS": {}, "start": 13, "end": 19}], "Observation": [], "Count": []}, "Evidence Propositions": []}, {"Section": "UNKNOWN", "Text": "Importance : Health care workers ( HCWs ) caring for patients with coronavirus disease 2019 ( COVID-19 ) are at risk of exposure to severe acute respiratory syndrome coronavirus 2 ( SARS-CoV-2 ) .", "Evidence Elements": {"Participant": [], "Intervention": [], "Outcome": [], "Observation": [], "Count": []}, "Evidence Propositions": []}, {"Section": "UNKNOWN", "Text": "Currently , to our knowledge , there is no effective pharmacologic prophylaxis for individuals at risk .", "Evidence Elements": {"Participant": [], "Intervention": [], "Outcome": [], "Observation": [], "Count": []}, "Evidence Propositions": []}, {"Section": "UNKNOWN", "Text": "Objective : To evaluate the efficacy of hydroxychloroquine to prevent transmission of SARS-CoV-2 in hospital-based HCWs with exposure to patients with COVID-19 using a pre-exposure prophylaxis strategy .", "Evidence Elements": {"Participant": [{"term": "hospital-based HCWs", "negation": "affirmed", "UMLS": {}, "start": 100, "end": 119}, {"term": "exposure to patients with COVID-19", "negation": "affirmed", "UMLS": {}, "start": 125, "end": 159}], "Intervention": [{"term": "hydroxychloroquine", "negation": "affirmed", "UMLS": {}, "start": 40, "end": 58, "has_chemical": [{"text": "hydroxychloroquine", "maps_to": "C0020336:hydroxychloroquine", "start": 0, "end": 18}], "has_relation": "N/A"}], "Outcome": [{"term": "transmission of SARS-CoV-2", "negation": "affirmed", "UMLS": {}, "start": 70, "end": 96}], "Observation": [{"term": "prevent", "negation": "affirmed", "UMLS": {}, "start": 62, "end": 69}], "Count": []}, "Evidence Propositions": []}, {"Section": "UNKNOWN", "Text": "Design , Setting , and Participants : This randomized , double-blind , placebo-controlled clinical trial ( the Prevention and Treatment of COVID-19 With Hydroxychloroquine Study ) was conducted at 2 tertiary urban hospitals , with enrollment from April 9 , 2020 , to July 14 , 2020 ; follow-up ended August 4 , 2020 .", "Evidence Elements": {"Participant": [], "Intervention": [{"term": "Hydroxychloroquine", "negation": "affirmed", "UMLS": {}, "start": 153, "end": 171, "has_chemical": [{"text": "hydroxychloroquine", "maps_to": "C0020336:hydroxychloroquine", "start": 0, "end": 18}], "has_relation": "N/A"}], "Outcome": [], "Observation": [], "Count": []}, "Evidence Propositions": []}, {"Section": "UNKNOWN", "Text": "The trial randomized 132 full-time , hospital-based HCWs ( physicians , nurses , certified nursing assistants , emergency technicians , and respiratory therapists ) , of whom 125 were initially asymptomatic and had negative results for SARS-CoV-2 by nasopharyngeal swab .", "Evidence Elements": {"Participant": [{"term": "full-time , hospital-based HCWs", "negation": "affirmed", "UMLS": {}, "start": 25, "end": 56}], "Intervention": [], "Outcome": [], "Observation": [], "Count": []}, "Evidence Propositions": []}, {"Section": "UNKNOWN", "Text": "The trial was terminated early for futility before reaching a planned enrollment of 200 participants .", "Evidence Elements": {"Participant": [], "Intervention": [], "Outcome": [], "Observation": [], "Count": []}, "Evidence Propositions": []}, {"Section": "UNKNOWN", "Text": "Interventions : Hydroxychloroquine , 600 mg , daily , or size-matched placebo taken orally for 8 weeks .", "Evidence Elements": {"Participant": [], "Intervention": [{"term": "Hydroxychloroquine", "negation": "affirmed", "UMLS": {}, "start": 16, "end": 34, "has_chemical": [{"text": "hydroxychloroquine", "maps_to": "C0020336:hydroxychloroquine", "start": 0, "end": 18}], "has_relation": "N/A"}, {"term": "size-matched placebo", "negation": "affirmed", "UMLS": {}, "start": 57, "end": 77, "has_procedure": [{"text": "placebo", "maps_to": "C0032042:placebos", "start": 13, "end": 20}], "has_relation": "N/A"}], "Outcome": [], "Observation": [], "Count": []}, "Evidence Propositions": []}, {"Section": "UNKNOWN", "Text": "Main Outcomes and Measures : The primary outcome was the incidence of SARS-CoV-2 infection as determined by a nasopharyngeal swab during the 8 weeks of treatment .", "Evidence Elements": {"Participant": [], "Intervention": [], "Outcome": [{"term": "incidence of SARS-CoV-2 infection", "negation": "affirmed", "UMLS": {}, "start": 57, "end": 90}], "Observation": [], "Count": []}, "Evidence Propositions": []}, {"Section": "UNKNOWN", "Text": "Secondary outcomes included adverse effects , treatment discontinuation , presence of SARS-CoV-2 antibodies , frequency of QTc prolongation , and clinical outcomes for SARS-CoV-2-positive participants .", "Evidence Elements": {"Participant": [], "Intervention": [], "Outcome": [{"term": "adverse effects", "negation": "affirmed", "UMLS": {}, "start": 28, "end": 43}, {"term": "treatment discontinuation", "negation": "affirmed", "UMLS": {}, "start": 46, "end": 71}, {"term": "presence of SARS-CoV-2 antibodies", "negation": "affirmed", "UMLS": {}, "start": 74, "end": 107}, {"term": "frequency of QTc prolongation", "negation": "affirmed", "UMLS": {}, "start": 110, "end": 139}, {"term": "clinical", "negation": "affirmed", "UMLS": {}, "start": 146, "end": 154}], "Observation": [], "Count": []}, "Evidence Propositions": []}, {"Section": "UNKNOWN", "Text": "Results : Of the 132 randomized participants ( median age , 33 years [ range , 20-66 years ] ; 91 women [ 69 % ] ) , 125 ( 94.7 % ) were evaluable for the primary outcome .", "Evidence Elements": {"Participant": [], "Intervention": [], "Outcome": [], "Observation": [], "Count": []}, "Evidence Propositions": []}, {"Section": "UNKNOWN", "Text": "There was no significant difference in infection rates in participants randomized to receive hydroxychloroquine compared with placebo ( 4 of 64 [ 6.3 % ] vs 4 of 61 [ 6.6 % ] ; P > .99 ) .", "Evidence Elements": {"Participant": [], "Intervention": [{"term": "hydroxychloroquine", "negation": "negated", "UMLS": {}, "start": 93, "end": 111, "has_chemical": [{"text": "hydroxychloroquine", "maps_to": "C0020336:hydroxychloroquine", "start": 0, "end": 18}], "has_relation": "N/A"}, {"term": "placebo", "negation": "negated", "UMLS": {}, "start": 126, "end": 133, "has_procedure": [{"text": "placebo", "maps_to": "C0032042:placebos", "start": 0, "end": 7}], "has_relation": "N/A"}], "Outcome": [{"term": "infection rates", "negation": "negated", "UMLS": {}, "start": 39, "end": 54}], "Observation": [{"term": "significant difference", "negation": "affirmed", "UMLS": {}, "start": 13, "end": 35}], "Count": [{"term": "4 of 64 [ 6.3 % ]", "negation": "affirmed", "UMLS": {}, "start": 136, "end": 153}, {"term": "4 of 61", "negation": "affirmed", "UMLS": {}, "start": 157, "end": 164}]}, "Evidence Propositions": [{"Intervention": [{"term": "hydroxychloroquine", "has_chemical": [{"text": "hydroxychloroquine", "maps_to": "C0020336:hydroxychloroquine", "start": 0, "end": 18}], "has_relation": "N/A"}, {"term": "placebo", "has_procedure": [{"text": "placebo", "maps_to": "C0032042:placebos", "start": 0, "end": 7}], "has_relation": "N/A"}], "Observation": "significant difference", "Outcome": "infection rates", "Count": ""}, {"Intervention": {"term": "hydroxychloroquine", "has_chemical": [{"text": "hydroxychloroquine", "maps_to": "C0020336:hydroxychloroquine", "start": 0, "end": 18}], "has_relation": "N/A"}, "Observation": "", "Count": "4 of 64 [ 6.3 % ]", "Outcome": "infection rates"}, {"Intervention": {"term": "placebo", "has_procedure": [{"text": "placebo", "maps_to": "C0032042:placebos", "start": 0, "end": 7}], "has_relation": "N/A"}, "Observation": "", "Count": "4 of 61", "Outcome": "infection rates"}]}, {"Section": "UNKNOWN", "Text": "Mild adverse events were more common in participants taking hydroxychloroquine compared with placebo ( 45 % vs 26 % ; P = .04 ) ; rates of treatment discontinuation were similar in both arms ( 19 % vs 16 % ; P =.81 ) .", "Evidence Elements": {"Participant": [], "Intervention": [{"term": "hydroxychloroquine", "negation": "affirmed", "UMLS": {}, "start": 60, "end": 78, "has_chemical": [{"text": "hydroxychloroquine", "maps_to": "C0020336:hydroxychloroquine", "start": 0, "end": 18}], "has_relation": "N/A"}, {"term": "placebo", "negation": "affirmed", "UMLS": {}, "start": 93, "end": 100, "has_procedure": [{"text": "placebo", "maps_to": "C0032042:placebos", "start": 0, "end": 7}], "has_relation": "N/A"}, {"term": "both arms", "negation": "affirmed", "UMLS": {}, "start": 181, "end": 190, "has_relation": "N/A"}], "Outcome": [{"term": "Mild adverse events", "negation": "affirmed", "UMLS": {}, "start": 0, "end": 19}, {"term": "rates of treatment discontinuation", "negation": "affirmed", "UMLS": {}, "start": 130, "end": 164}], "Observation": [{"term": "more common", "negation": "affirmed", "UMLS": {}, "start": 25, "end": 36}, {"term": "45 %", "negation": "affirmed", "UMLS": {}, "start": 103, "end": 107}, {"term": "26 %", "negation": "affirmed", "UMLS": {}, "start": 111, "end": 115}, {"term": "similar", "negation": "affirmed", "UMLS": {}, "start": 170, "end": 177}], "Count": []}, "Evidence Propositions": [{"Intervention": [{"term": "hydroxychloroquine", "has_chemical": [{"text": "hydroxychloroquine", "maps_to": "C0020336:hydroxychloroquine", "start": 0, "end": 18}], "has_relation": "N/A"}, {"term": "placebo", "has_procedure": [{"text": "placebo", "maps_to": "C0032042:placebos", "start": 0, "end": 7}], "has_relation": "N/A"}], "Observation": "more common", "Outcome": "Mild adverse events", "Count": ""}, {"Intervention": {"term": "hydroxychloroquine", "has_chemical": [{"text": "hydroxychloroquine", "maps_to": "C0020336:hydroxychloroquine", "start": 0, "end": 18}], "has_relation": "N/A"}, "Observation": "45 %", "Outcome": "Mild adverse events", "Count": ""}, {"Intervention": {"term": "placebo", "has_procedure": [{"text": "placebo", "maps_to": "C0032042:placebos", "start": 0, "end": 7}], "has_relation": "N/A"}, "Observation": "26 %", "Outcome": "Mild adverse events", "Count": ""}, {"Intervention": [{"term": "both arms", "has_relation": "N/A"}], "Observation": "similar", "Outcome": "rates of treatment discontinuation", "Count": ""}]}, {"Section": "UNKNOWN", "Text": "The median change in QTc ( baseline to 4-week evaluation ) did not differ between arms ( hydroxychloroquine : 4 milliseconds ; 95 % CI , -9 to 17 ; vs placebo : 3 milliseconds ; 95 % CI , -5 to 11 ; P=.98 ) .", "Evidence Elements": {"Participant": [], "Intervention": [{"term": "between arms", "negation": "negated", "UMLS": {}, "start": 74, "end": 86, "has_relation": "N/A"}, {"term": "hydroxychloroquine", "negation": "negated", "UMLS": {}, "start": 89, "end": 107, "has_chemical": [{"text": "hydroxychloroquine", "maps_to": "C0020336:hydroxychloroquine", "start": 0, "end": 18}], "has_relation": "N/A"}, {"term": "placebo", "negation": "negated", "UMLS": {}, "start": 151, "end": 158, "has_procedure": [{"text": "placebo", "maps_to": "C0032042:placebos", "start": 0, "end": 7}], "has_relation": "N/A"}], "Outcome": [{"term": "median change in QTc", "negation": "affirmed", "UMLS": {}, "start": 4, "end": 24}], "Observation": [{"term": "differ", "negation": "negated", "UMLS": {}, "start": 67, "end": 73}, {"term": "4 milliseconds", "negation": "negated", "UMLS": {}, "start": 110, "end": 124}, {"term": "3", "negation": "negated", "UMLS": {}, "start": 161, "end": 162}], "Count": []}, "Evidence Propositions": [{"Intervention": {"term": "hydroxychloroquine", "has_chemical": [{"text": "hydroxychloroquine", "maps_to": "C0020336:hydroxychloroquine", "start": 0, "end": 18}], "has_relation": "N/A"}, "Observation": "4 milliseconds", "Outcome": "median change in QTc", "Count": ""}, {"Intervention": {"term": "placebo", "has_procedure": [{"text": "placebo", "maps_to": "C0032042:placebos", "start": 0, "end": 7}], "has_relation": "N/A"}, "Observation": "3", "Outcome": "median change in QTc", "Count": ""}]}, {"Section": "UNKNOWN", "Text": "Of the 8 participants with positive results for SARS-CoV-2 ( 6.4 % ) , 6 developed viral symptoms ; none required hospitalization , and all clinically recovered .", "Evidence Elements": {"Participant": [], "Intervention": [], "Outcome": [{"term": "positive results for SARS-CoV-2", "negation": "affirmed", "UMLS": {}, "start": 27, "end": 58}, {"term": "viral symptoms", "negation": "affirmed", "UMLS": {}, "start": 83, "end": 97}], "Observation": [], "Count": [{"term": "8 participants", "negation": "affirmed", "UMLS": {}, "start": 7, "end": 21}, {"term": "6.4 %", "negation": "affirmed", "UMLS": {}, "start": 61, "end": 66}, {"term": "6", "negation": "affirmed", "UMLS": {}, "start": 61, "end": 62}, {"term": "none", "negation": "affirmed", "UMLS": {}, "start": 100, "end": 104}]}, "Evidence Propositions": []}, {"Section": "UNKNOWN", "Text": "Conclusions and Relevance : In this randomized clinical trial , although limited by early termination , there was no clinical benefit of hydroxychloroquine administered daily for 8 weeks as pre-exposure prophylaxis in hospital-based HCWs exposed to patients with COVID-19 .", "Evidence Elements": {"Participant": [{"term": "hospital-based HCWs", "negation": "negated", "UMLS": {}, "start": 218, "end": 237}], "Intervention": [{"term": "hydroxychloroquine", "negation": "negated", "UMLS": {}, "start": 137, "end": 155, "has_chemical": [{"text": "hydroxychloroquine", "maps_to": "C0020336:hydroxychloroquine", "start": 0, "end": 18}], "has_relation": "N/A"}], "Outcome": [{"term": "clinical benefit", "negation": "negated", "UMLS": {}, "start": 117, "end": 133}], "Observation": [], "Count": []}, "Evidence Propositions": []}, {"Section": "UNKNOWN", "Text": "Trial Registration : ClinicalTrials.gov Identifier : NCT04329923 .", "Evidence Elements": {"Participant": [], "Intervention": [], "Outcome": [], "Observation": [], "Count": []}, "Evidence Propositions": []}]}