{"doc_id": "33053279", "type of study": "Therapy", "title": "", "abstract": "Safety and Immunogenicity of Two RNA-Based Covid-19 Vaccine Candidates.\nSevere acute respiratory syndrome coronavirus 2 (SARS-CoV-2) infections and the resulting disease, coronavirus disease 2019 (Covid-19), have spread to millions of persons worldwide.\nMultiple vaccine candidates are under development, but no vaccine is currently available.\nInterim safety and immunogenicity data about the vaccine candidate BNT162b1 in younger adults have been reported previously from trials in Germany and the United States.\nIn an ongoing, placebo-controlled, observer-blinded, dose-escalation, phase 1 trial conducted in the United States, we randomly assigned healthy adults 18 to 55 years of age and those 65 to 85 years of age to receive either placebo or one of two lipid nanoparticle-formulated, nucleoside-modified RNA vaccine candidates: BNT162b1, which encodes a secreted trimerized SARS-CoV-2 receptor-binding domain; or BNT162b2, which encodes a membrane-anchored SARS-CoV-2 full-length spike, stabilized in the prefusion conformation.\nThe primary outcome was safety (e.g., local and systemic reactions and adverse events); immunogenicity was a secondary outcome.\nTrial groups were defined according to vaccine candidate, age of the participants, and vaccine dose level (10 \u03bcg, 20 \u03bcg, 30 \u03bcg, and 100 \u03bcg).\nIn all groups but one, participants received two doses, with a 21-day interval between doses; in one group (100 \u03bcg of BNT162b1), participants received one dose.\nA total of 195 participants underwent randomization.\nIn each of 13 groups of 15 participants, 12 participants received vaccine and 3 received placebo.\nBNT162b2 was associated with a lower incidence and severity of systemic reactions than BNT162b1, particularly in older adults.\nIn both younger and older adults, the two vaccine candidates elicited similar dose-dependent SARS-CoV-2-neutralizing geometric mean titers, which were similar to or higher than the geometric mean titer of a panel of SARS-CoV-2 convalescent serum samples.\nThe safety and immunogenicity data from this U.S. phase 1 trial of two vaccine candidates in younger and older adults, added to earlier interim safety and immunogenicity data regarding BNT162b1 in younger adults from trials in Germany and the United States, support the selection of BNT162b2 for advancement to a pivotal phase 2-3 safety and efficacy evaluation.\n(Funded by BioNTech and Pfizer; ClinicalTrials.gov number, NCT04368728.).\nCopyright \u00a9 2020 Massachusetts Medical Society.\n", "Evidence Map": {"Enrollment": [{"term": "younger adults", "negation": "affirmed", "UMLS": {}, "start": 79, "end": 93}, {"term": "healthy", "negation": "affirmed", "UMLS": {}, "start": 142, "end": 149}, {"term": "older", "negation": "affirmed", "UMLS": {}, "start": 114, "end": 119}, {"term": "younger", "negation": "affirmed", "UMLS": {}, "start": 8, "end": 15}, {"term": "older adults", "negation": "affirmed", "UMLS": {}, "start": 20, "end": 32}, {"term": "younger", "negation": "affirmed", "UMLS": {}, "start": 94, "end": 101}, {"term": "older adults", "negation": "affirmed", "UMLS": {}, "start": 106, "end": 118}, {"term": "younger adults", "negation": "affirmed", "UMLS": {}, "start": 199, "end": 213}], "Comparison Results": [], "Study Arm 1 Results": [], "Study Arm 2 Results": [], "Hypothesis": []}, "Sentence-level breakdown": [{"Section": "TITLE", "Text": "Safety and Immunogenicity of Two RNA-Based Covid-19 Vaccine Candidates .", "Evidence Elements": {"Participant": [], "Intervention": [{"term": "RNA-Based Covid-19 Vaccine Candidates", "negation": "affirmed", "UMLS": {}, "start": 33, "end": 70, "has_chemical": [{"text": "rna", "maps_to": "C0035668:rna", "start": 0, "end": 3}, {"text": "vaccine", "maps_to": "C0042210:vaccine", "start": 35, "end": 42, "has_count": ["2019"]}], "has_procedure": [{"text": "coronavirus", "maps_to": "C5401375:Coronavirus", "start": 10, "end": 21}], "has_relation": "N/A"}], "Outcome": [{"term": "Safety", "negation": "affirmed", "UMLS": {}, "start": 0, "end": 6}, {"term": "Immunogenicity", "negation": "affirmed", "UMLS": {}, "start": 11, "end": 25}], "Observation": [], "Count": []}, "Evidence Propositions": []}, {"Section": "BACKGROUND", "Text": "Severe acute respiratory syndrome coronavirus 2 ( SARS-CoV-2 ) infections and the resulting disease , coronavirus disease 2019 ( Covid-19 ) , have spread to millions of persons worldwide .", "Evidence Elements": {"Participant": [], "Intervention": [], "Outcome": [], "Observation": [], "Count": []}, "Evidence Propositions": []}, {"Section": "BACKGROUND", "Text": "Multiple vaccine candidates are under development , but no vaccine is currently available .", "Evidence Elements": {"Participant": [], "Intervention": [], "Outcome": [], "Observation": [], "Count": []}, "Evidence Propositions": []}, {"Section": "BACKGROUND", "Text": "Interim safety and immunogenicity data about the vaccine candidate BNT162b1 in younger adults have been reported previously from trials in Germany and the United States .", "Evidence Elements": {"Participant": [{"term": "younger adults", "negation": "affirmed", "UMLS": {}, "start": 79, "end": 93}], "Intervention": [], "Outcome": [{"term": "Interim safety", "negation": "affirmed", "UMLS": {}, "start": 0, "end": 14}, {"term": "immunogenicity", "negation": "affirmed", "UMLS": {}, "start": 19, "end": 33}], "Observation": [], "Count": []}, "Evidence Propositions": []}, {"Section": "METHODS", "Text": "In an ongoing , placebo-controlled , observer-blinded , dose-escalation , phase 1 trial conducted in the United States , we randomly assigned healthy adults 18 to 55 years of age and those 65 to 85 years of age to receive either placebo or one of two lipid nanoparticle-formulated , nucleoside-modified RNA vaccine candidates : BNT162b1 , which encodes a secreted trimerized SARS-CoV-2 receptor-binding domain ; or BNT162b2 , which encodes a membrane-anchored SARS-CoV-2 full-length spike , stabilized in the prefusion conformation .", "Evidence Elements": {"Participant": [{"term": "healthy", "negation": "affirmed", "UMLS": {}, "start": 142, "end": 149}], "Intervention": [{"term": "placebo", "negation": "affirmed", "UMLS": {}, "start": 16, "end": 23, "has_procedure": [{"text": "placebo", "maps_to": "C0032042:placebos", "start": 0, "end": 7}], "has_relation": "N/A"}, {"term": "lipid nanoparticle-formulated , nucleoside-modified RNA vaccine candidates", "negation": "affirmed", "UMLS": {}, "start": 251, "end": 325, "has_chemical": [{"text": "lipid", "maps_to": "C0023779:lipid", "start": 0, "end": 5}, {"text": "nucleoside", "maps_to": "C0047136:nucleoside X", "start": 32, "end": 42}, {"text": "rna vaccine", "maps_to": "C0376613:dna vaccine", "start": 52, "end": 63}], "has_relation": "N/A"}, {"term": "BNT162b1", "negation": "affirmed", "UMLS": {}, "start": 328, "end": 336, "has_relation": "N/A"}, {"term": "BNT162b2", "negation": "affirmed", "UMLS": {}, "start": 415, "end": 423, "has_relation": "N/A"}], "Outcome": [], "Observation": [], "Count": []}, "Evidence Propositions": []}, {"Section": "METHODS", "Text": "The primary outcome was safety ( e.g. , local and systemic reactions and adverse events ) ; immunogenicity was a secondary outcome .", "Evidence Elements": {"Participant": [], "Intervention": [], "Outcome": [{"term": "safety", "negation": "affirmed", "UMLS": {}, "start": 24, "end": 30}, {"term": "local and systemic reactions", "negation": "affirmed", "UMLS": {}, "start": 40, "end": 68}, {"term": "adverse events", "negation": "affirmed", "UMLS": {}, "start": 73, "end": 87}, {"term": "immunogenicity", "negation": "affirmed", "UMLS": {}, "start": 92, "end": 106}], "Observation": [], "Count": []}, "Evidence Propositions": []}, {"Section": "METHODS", "Text": "Trial groups were defined according to vaccine candidate , age of the participants , and vaccine dose level ( 10 \u03bcg , 20 \u03bcg , 30 \u03bcg , and 100 \u03bcg ) .", "Evidence Elements": {"Participant": [], "Intervention": [], "Outcome": [], "Observation": [], "Count": []}, "Evidence Propositions": []}, {"Section": "METHODS", "Text": "In all groups but one , participants received two doses , with a 21-day interval between doses ; in one group ( 100 \u03bcg of BNT162b1 ) , participants received one dose .", "Evidence Elements": {"Participant": [], "Intervention": [{"term": "two doses", "negation": "affirmed", "UMLS": {}, "start": 46, "end": 55, "has_relation": "N/A"}], "Outcome": [], "Observation": [], "Count": []}, "Evidence Propositions": []}, {"Section": "RESULTS", "Text": "A total of 195 participants underwent randomization .", "Evidence Elements": {"Participant": [], "Intervention": [], "Outcome": [], "Observation": [], "Count": []}, "Evidence Propositions": []}, {"Section": "RESULTS", "Text": "In each of 13 groups of 15 participants , 12 participants received vaccine and 3 received placebo .", "Evidence Elements": {"Participant": [], "Intervention": [{"term": "vaccine", "negation": "affirmed", "UMLS": {}, "start": 67, "end": 74, "has_chemical": [{"text": "vaccine", "maps_to": "C0042210:vaccine", "start": 0, "end": 7}], "has_relation": "N/A"}], "Outcome": [], "Observation": [], "Count": []}, "Evidence Propositions": []}, {"Section": "RESULTS", "Text": "BNT162b2 was associated with a lower incidence and severity of systemic reactions than BNT162b1 , particularly in older adults .", "Evidence Elements": {"Participant": [{"term": "older", "negation": "affirmed", "UMLS": {}, "start": 114, "end": 119}], "Intervention": [{"term": "BNT162b2", "negation": "affirmed", "UMLS": {}, "start": 0, "end": 8, "has_relation": "N/A"}, {"term": "BNT162b1", "negation": "affirmed", "UMLS": {}, "start": 87, "end": 95, "has_relation": "N/A"}], "Outcome": [{"term": "incidence and severity of systemic reactions", "negation": "affirmed", "UMLS": {}, "start": 37, "end": 81}], "Observation": [{"term": "lower", "negation": "affirmed", "UMLS": {}, "start": 31, "end": 36}], "Count": []}, "Evidence Propositions": []}, {"Section": "RESULTS", "Text": "In both younger and older adults , the two vaccine candidates elicited similar dose-dependent SARS-CoV-2-neutralizing geometric mean titers , which were similar to or higher than the geometric mean titer of a panel of SARS-CoV-2 convalescent serum samples .", "Evidence Elements": {"Participant": [{"term": "younger", "negation": "affirmed", "UMLS": {}, "start": 8, "end": 15}, {"term": "older adults", "negation": "affirmed", "UMLS": {}, "start": 20, "end": 32}], "Intervention": [{"term": "two vaccine candidates", "negation": "affirmed", "UMLS": {}, "start": 39, "end": 61, "has_chemical": [{"text": "vaccine", "maps_to": "C0042210:vaccine", "start": 4, "end": 11, "has_count": ["two"]}], "has_relation": "N/A"}], "Outcome": [{"term": "dose-dependent SARS-CoV-2-neutralizing geometric mean titers", "negation": "affirmed", "UMLS": {}, "start": 79, "end": 139}, {"term": "geometric mean titer", "negation": "affirmed", "UMLS": {}, "start": 118, "end": 138}], "Observation": [{"term": "similar", "negation": "affirmed", "UMLS": {}, "start": 71, "end": 78}, {"term": "similar", "negation": "affirmed", "UMLS": {}, "start": 71, "end": 78}, {"term": "or higher", "negation": "affirmed", "UMLS": {}, "start": 164, "end": 173}], "Count": []}, "Evidence Propositions": [{"Intervention": [], "Observation": "similar", "Outcome": "", "Count": ""}, {"Intervention": [{"term": "two vaccine candidates", "has_chemical": [{"text": "vaccine", "maps_to": "C0042210:vaccine", "start": 4, "end": 11, "has_count": ["two"]}], "has_relation": "N/A"}], "Observation": "similar", "Outcome": "", "Count": ""}, {"Intervention": [], "Observation": "or higher", "Outcome": "geometric mean titer", "Count": ""}]}, {"Section": "CONCLUSIONS", "Text": "The safety and immunogenicity data from this U.S . phase 1 trial of two vaccine candidates in younger and older adults , added to earlier interim safety and immunogenicity data regarding BNT162b1 in younger adults from trials in Germany and the United States , support the selection of BNT162b2 for advancement to a pivotal phase 2-3 safety and efficacy evaluation .", "Evidence Elements": {"Participant": [{"term": "younger", "negation": "affirmed", "UMLS": {}, "start": 94, "end": 101}, {"term": "older adults", "negation": "affirmed", "UMLS": {}, "start": 106, "end": 118}, {"term": "younger adults", "negation": "affirmed", "UMLS": {}, "start": 199, "end": 213}], "Intervention": [{"term": "BNT162b1", "negation": "affirmed", "UMLS": {}, "start": 187, "end": 195, "has_relation": "N/A"}, {"term": "BNT162b2", "negation": "affirmed", "UMLS": {}, "start": 286, "end": 294, "has_relation": "N/A"}], "Outcome": [{"term": "safety", "negation": "affirmed", "UMLS": {}, "start": 4, "end": 10}, {"term": "immunogenicity", "negation": "affirmed", "UMLS": {}, "start": 15, "end": 29}, {"term": "safety", "negation": "affirmed", "UMLS": {}, "start": 4, "end": 10}], "Observation": [], "Count": []}, "Evidence Propositions": []}, {"Section": "CONCLUSIONS", "Text": "( Funded by BioNTech and Pfizer ; ClinicalTrials.gov number , NCT04368728 . ) .", "Evidence Elements": {"Participant": [], "Intervention": [], "Outcome": [], "Observation": [], "Count": []}, "Evidence Propositions": []}, {"Section": "UNKNOWN", "Text": "Copyright \u00a9 2020 Massachusetts Medical Society .", "Evidence Elements": {"Participant": [], "Intervention": [], "Outcome": [], "Observation": [], "Count": []}, "Evidence Propositions": []}]}