{"doc_id": "33065163", "type of study": "Therapy", "title": "", "abstract": "Metabolic impact of weight loss induced reduction of adipose ACE-2 - Potential implication in COVID-19 infections?\nBACKGROUND & AIMS : Angiotensin converting enzyme (ACE)-2 is a modulator of adipose tissue metabolism.\nHowever, human data of adipose ACE-2 is rarely available.\nConsidering that, ACE-2 is believed to be the receptor responsible for cell entry of SARS-CoV-2, a better understanding of its regulation is desirable.\nWe therefore characterized the modulation of subcutaneous adipose ACE-2 mRNA expression during weight loss and the impact of ACE-2 expression on weight loss induced short- and long-term improvements of glucose metabolism.\n143 subjects (age\u202f>\u202f18; BMI\u202f\u2265\u202f27\u202fkg/m2) were analyzed before and after a standardized 12-week dietary weight reduction program.\nAfterwards subjects were randomized to a 12-month lifestyle intervention or a control group (Maintain-Adults trial).\nInsulin sensitivity (IS) was estimated by HOMA-IR (as an estimate of liver IS) and ISIClamp (as an estimate of skeletal muscle IS).\nACE-2 mRNA expression (ACE-2AT) was measured in subcutaneous adipose tissue before and after weight loss.\nACE-2AT was not affected by obesity, but was reduced in insulin resistant subjects.\nWeight loss resulted in a decline of ACE-2AT (29.0 (20.0-47.9) vs. 21.0 (13.0-31.0); p\u202f=\u202f1.6\u202f\u2217\u202f10-7).\nA smaller reduction of ACE-2 AT (\u0394ACE-2AT) was associated with a larger improvement of ISIClamp (p\u202f=\u202f0.013) during weight reduction over 3\u202fmonths, but not with the extend of weight loss.\nThe degree of changes in insulin resistance were preserved until month 12 and was also predicted by the weight loss induced degree of \u0394ACE-2AT (p\u202f=\u202f0.011).\nOur data indicate that subcutaneous adipose ACE-2 expression correlates with insulin sensitivity.\nWeight loss induced decline of subcutaneous adipose ACE-2 expression might affect short- and long-term improvement of myocellular insulin sensitivity, which might be also relevant in the context of ACE-2 downregulation by SARS-CoV-2.\nTRIAL REGISTRATION : ClinicalTrials.gov number: NCT00850629, https://clinicaltrials.gov/ct2/show/NCT00850629, date of registration: February 25, 2009.\nCopyright \u00a9 2020.\nPublished by Elsevier Inc.\n", "Evidence Map": {"Enrollment": [{"term": "COVID-19 infections", "negation": "affirmed", "UMLS": {}, "start": 92, "end": 111}, {"term": "weight loss", "negation": "affirmed", "UMLS": {}, "start": 95, "end": 106}, {"term": "obesity", "negation": "negated", "UMLS": {}, "start": 28, "end": 35}, {"term": "insulin resistant", "negation": "affirmed", "UMLS": {}, "start": 57, "end": 74}], "Comparison Results": [], "Study Arm 1 Results": [], "Study Arm 2 Results": [], "Hypothesis": []}, "Sentence-level breakdown": [{"Section": "TITLE", "Text": "Metabolic impact of weight loss induced reduction of adipose ACE-2-Potential implication in COVID-19 infections ?", "Evidence Elements": {"Participant": [{"term": "COVID-19 infections", "negation": "affirmed", "UMLS": {}, "start": 92, "end": 111}], "Intervention": [{"term": "Metabolic impact", "negation": "affirmed", "UMLS": {}, "start": 0, "end": 16, "has_relation": "N/A"}, {"term": "weight loss", "negation": "affirmed", "UMLS": {}, "start": 20, "end": 31, "has_procedure": [{"text": "weight", "maps_to": "C1305866:weight", "start": 0, "end": 6}], "has_relation": "N/A"}], "Outcome": [{"term": "adipose ACE-2-Potential implication", "negation": "affirmed", "UMLS": {}, "start": 53, "end": 88}], "Observation": [{"term": "reduction", "negation": "affirmed", "UMLS": {}, "start": 40, "end": 49}], "Count": []}, "Evidence Propositions": [{"Intervention": {"term": "Metabolic impact", "has_relation": "N/A"}, "Observation": "reduction", "Outcome": "adipose ACE-2-Potential implication", "Count": ""}, {"Intervention": {"term": "weight loss", "has_procedure": [{"text": "weight", "maps_to": "C1305866:weight", "start": 0, "end": 6}], "has_relation": "N/A"}, "Observation": "reduction", "Outcome": "adipose ACE-2-Potential implication", "Count": ""}]}, {"Section": "UNKNOWN", "Text": "BACKGROUND & AIMS : Angiotensin converting enzyme ( ACE ) -2 is a modulator of adipose tissue metabolism .", "Evidence Elements": {"Participant": [], "Intervention": [], "Outcome": [], "Observation": [], "Count": []}, "Evidence Propositions": []}, {"Section": "UNKNOWN", "Text": "However , human data of adipose ACE-2 is rarely available .", "Evidence Elements": {"Participant": [], "Intervention": [], "Outcome": [], "Observation": [], "Count": []}, "Evidence Propositions": []}, {"Section": "UNKNOWN", "Text": "Considering that , ACE-2 is believed to be the receptor responsible for cell entry of SARS-CoV-2 , a better understanding of its regulation is desirable .", "Evidence Elements": {"Participant": [], "Intervention": [], "Outcome": [], "Observation": [], "Count": []}, "Evidence Propositions": []}, {"Section": "UNKNOWN", "Text": "We therefore characterized the modulation of subcutaneous adipose ACE-2 mRNA expression during weight loss and the impact of ACE-2 expression on weight loss induced short- and long-term improvements of glucose metabolism .", "Evidence Elements": {"Participant": [{"term": "weight loss", "negation": "affirmed", "UMLS": {}, "start": 95, "end": 106}], "Intervention": [{"term": "ACE-2 expression", "negation": "affirmed", "UMLS": {}, "start": 125, "end": 141, "has_procedure": [{"text": "expression", "maps_to": "C0185117:expression", "start": 6, "end": 16, "has_count": ["2"]}], "has_relation": "N/A"}], "Outcome": [{"term": "modulation of subcutaneous adipose ACE-2 mRNA expression", "negation": "affirmed", "UMLS": {}, "start": 31, "end": 87}, {"term": "weight loss", "negation": "affirmed", "UMLS": {}, "start": 95, "end": 106}, {"term": "glucose metabolism", "negation": "affirmed", "UMLS": {}, "start": 202, "end": 220}], "Observation": [{"term": "short- and long-term improvements", "negation": "affirmed", "UMLS": {}, "start": 165, "end": 198}], "Count": []}, "Evidence Propositions": [{"Intervention": {"term": "ACE-2 expression", "has_procedure": [{"text": "expression", "maps_to": "C0185117:expression", "start": 6, "end": 16, "has_count": ["2"]}], "has_relation": "N/A"}, "Observation": "short- and long-term improvements", "Outcome": "weight loss", "Count": ""}, {"Intervention": {"term": "ACE-2 expression", "has_procedure": [{"text": "expression", "maps_to": "C0185117:expression", "start": 6, "end": 16, "has_count": ["2"]}], "has_relation": "N/A"}, "Observation": "short- and long-term improvements", "Outcome": "glucose metabolism", "Count": ""}]}, {"Section": "METHODS", "Text": "143 subjects ( age > 18 ; BMI \u2265 27 kg / m2 ) were analyzed before and after a standardized 12-week dietary weight reduction program .", "Evidence Elements": {"Participant": [], "Intervention": [{"term": "dietary", "negation": "affirmed", "UMLS": {}, "start": 99, "end": 106, "has_relation": "N/A"}], "Outcome": [], "Observation": [], "Count": []}, "Evidence Propositions": []}, {"Section": "METHODS", "Text": "Afterwards subjects were randomized to a 12-month lifestyle intervention or a control group ( Maintain-Adults trial ) .", "Evidence Elements": {"Participant": [], "Intervention": [{"term": "12-month lifestyle intervention", "negation": "affirmed", "UMLS": {}, "start": 41, "end": 72, "has_procedure": [{"text": "lifestyle intervention", "maps_to": "C0886296:intervention", "start": 9, "end": 31, "has_duration": ["12 month"]}], "has_relation": "N/A"}, {"term": "control", "negation": "affirmed", "UMLS": {}, "start": 78, "end": 85, "has_relation": "N/A"}], "Outcome": [], "Observation": [], "Count": []}, "Evidence Propositions": []}, {"Section": "METHODS", "Text": "Insulin sensitivity ( IS ) was estimated by HOMA-IR ( as an estimate of liver IS ) and ISIClamp ( as an estimate of skeletal muscle IS ) .", "Evidence Elements": {"Participant": [], "Intervention": [], "Outcome": [{"term": "Insulin sensitivity ( IS )", "negation": "affirmed", "UMLS": {}, "start": 0, "end": 26}, {"term": "HOMA-IR", "negation": "affirmed", "UMLS": {}, "start": 44, "end": 51}, {"term": "ISIClamp", "negation": "affirmed", "UMLS": {}, "start": 87, "end": 95}], "Observation": [], "Count": []}, "Evidence Propositions": []}, {"Section": "METHODS", "Text": "ACE-2 mRNA expression ( ACE-2AT ) was measured in subcutaneous adipose tissue before and after weight loss .", "Evidence Elements": {"Participant": [], "Intervention": [], "Outcome": [{"term": "ACE-2 mRNA expression ( ACE-2AT )", "negation": "affirmed", "UMLS": {}, "start": 0, "end": 33}], "Observation": [], "Count": []}, "Evidence Propositions": []}, {"Section": "RESULTS", "Text": "ACE-2AT was not affected by obesity , but was reduced in insulin resistant subjects .", "Evidence Elements": {"Participant": [{"term": "obesity", "negation": "negated", "UMLS": {}, "start": 28, "end": 35}, {"term": "insulin resistant", "negation": "affirmed", "UMLS": {}, "start": 57, "end": 74}], "Intervention": [], "Outcome": [{"term": "ACE-2AT", "negation": "affirmed", "UMLS": {}, "start": 0, "end": 7}], "Observation": [{"term": "affected", "negation": "negated", "UMLS": {}, "start": 16, "end": 24}, {"term": "reduced", "negation": "affirmed", "UMLS": {}, "start": 46, "end": 53}], "Count": []}, "Evidence Propositions": []}, {"Section": "RESULTS", "Text": "Weight loss resulted in a decline of ACE-2AT ( 29.0 ( 20.0-47.9 ) vs . 21.0 ( 13.0-31.0 ) ; p = 1.6 \u2217 10-7 ) .", "Evidence Elements": {"Participant": [], "Intervention": [{"term": "Weight loss", "negation": "affirmed", "UMLS": {}, "start": 0, "end": 11, "has_procedure": [{"text": "weight", "maps_to": "C1305866:weight", "start": 0, "end": 6}], "has_relation": "N/A"}], "Outcome": [{"term": "ACE-2AT", "negation": "affirmed", "UMLS": {}, "start": 37, "end": 44}], "Observation": [{"term": "decline", "negation": "affirmed", "UMLS": {}, "start": 26, "end": 33}, {"term": "29.0 ( 20.0-47.9 )", "negation": "affirmed", "UMLS": {}, "start": 47, "end": 65}, {"term": "21.0 ( 13.0-31.0", "negation": "affirmed", "UMLS": {}, "start": 71, "end": 87}], "Count": []}, "Evidence Propositions": [{"Intervention": {"term": "Weight loss", "has_procedure": [{"text": "weight", "maps_to": "C1305866:weight", "start": 0, "end": 6}], "has_relation": "N/A"}, "Observation": "decline", "Outcome": "ACE-2AT", "Count": ""}, {"Intervention": {"term": "Weight loss", "has_procedure": [{"text": "weight", "maps_to": "C1305866:weight", "start": 0, "end": 6}], "has_relation": "N/A"}, "Observation": "29.0 ( 20.0-47.9 )", "Outcome": "ACE-2AT", "Count": ""}]}, {"Section": "RESULTS", "Text": "A smaller reduction of ACE-2 AT ( \u0394 ##ACE-2AT ) was associated with a larger improvement of ISIClamp ( p = 0.013 ) during weight reduction over 3 months , but not with the extend of weight loss .", "Evidence Elements": {"Participant": [], "Intervention": [{"term": "weight reduction", "negation": "affirmed", "UMLS": {}, "start": 122, "end": 138, "has_procedure": [{"text": "weight reduction", "maps_to": "C4551656:reduction", "start": 0, "end": 16}], "has_relation": "N/A"}], "Outcome": [{"term": "ACE-2 AT ( \u0394 ##ACE-2AT", "negation": "affirmed", "UMLS": {}, "start": 23, "end": 45}, {"term": "ISIClamp", "negation": "affirmed", "UMLS": {}, "start": 92, "end": 100}], "Observation": [{"term": "smaller reduction", "negation": "affirmed", "UMLS": {}, "start": 2, "end": 19}, {"term": "larger improvement", "negation": "affirmed", "UMLS": {}, "start": 70, "end": 88}], "Count": []}, "Evidence Propositions": [{"Intervention": [], "Observation": "smaller reduction", "Outcome": "ACE-2 AT ( \u0394 ##ACE-2AT", "Count": ""}, {"Intervention": [{"term": "weight reduction", "has_procedure": [{"text": "weight reduction", "maps_to": "C4551656:reduction", "start": 0, "end": 16}], "has_relation": "N/A"}], "Observation": "larger improvement", "Outcome": "ISIClamp", "Count": ""}]}, {"Section": "RESULTS", "Text": "The degree of changes in insulin resistance were preserved until month 12 and was also predicted by the weight loss induced degree of \u0394ACE-2AT ( p = 0.011 ) .", "Evidence Elements": {"Participant": [], "Intervention": [{"term": "weight loss", "negation": "affirmed", "UMLS": {}, "start": 104, "end": 115, "has_procedure": [{"text": "weight", "maps_to": "C1305866:weight", "start": 0, "end": 6}], "has_relation": "N/A"}], "Outcome": [{"term": "degree of changes in insulin resistance", "negation": "affirmed", "UMLS": {}, "start": 4, "end": 43}, {"term": "degree of \u0394ACE-2AT", "negation": "affirmed", "UMLS": {}, "start": 124, "end": 142}], "Observation": [{"term": "preserved", "negation": "affirmed", "UMLS": {}, "start": 49, "end": 58}], "Count": []}, "Evidence Propositions": []}, {"Section": "CONCLUSIONS", "Text": "Our data indicate that subcutaneous adipose ACE-2 expression correlates with insulin sensitivity .", "Evidence Elements": {"Participant": [], "Intervention": [], "Outcome": [{"term": "subcutaneous adipose ACE-2 expression", "negation": "affirmed", "UMLS": {}, "start": 23, "end": 60}, {"term": "insulin sensitivity", "negation": "affirmed", "UMLS": {}, "start": 77, "end": 96}], "Observation": [{"term": "correlates", "negation": "affirmed", "UMLS": {}, "start": 61, "end": 71}], "Count": []}, "Evidence Propositions": []}, {"Section": "CONCLUSIONS", "Text": "Weight loss induced decline of subcutaneous adipose ACE-2 expression might affect short- and long-term improvement of myocellular insulin sensitivity , which might be also relevant in the context of ACE-2 downregulation by SARS-CoV-2 .", "Evidence Elements": {"Participant": [], "Intervention": [], "Outcome": [{"term": "Weight loss induced decline of subcutaneous adipose ACE-2 expression", "negation": "affirmed", "UMLS": {}, "start": 0, "end": 68}, {"term": "short- and long-term improvement of myocellular insulin sensitivity", "negation": "affirmed", "UMLS": {}, "start": 82, "end": 149}], "Observation": [], "Count": []}, "Evidence Propositions": []}, {"Section": "UNKNOWN", "Text": "TRIAL REGISTRATION : ClinicalTrials.gov number : NCT00850629 , https:/ / clinicaltrials.gov / ct2 / show / NCT00850629 , date of registration : February 25 , 2009 .", "Evidence Elements": {"Participant": [], "Intervention": [], "Outcome": [], "Observation": [], "Count": []}, "Evidence Propositions": []}, {"Section": "UNKNOWN", "Text": "Copyright \u00a9 2020 .", "Evidence Elements": {"Participant": [], "Intervention": [], "Outcome": [], "Observation": [], "Count": []}, "Evidence Propositions": []}, {"Section": "UNKNOWN", "Text": "Published by Elsevier Inc .", "Evidence Elements": {"Participant": [], "Intervention": [], "Outcome": [], "Observation": [], "Count": []}, "Evidence Propositions": []}]}