{"doc_id": "33080017", "type of study": "Therapy", "title": "", "abstract": "Effect of Tocilizumab vs Usual Care in Adults Hospitalized With COVID-19 and Moderate or Severe Pneumonia: A Randomized Clinical Trial.\nImportance : Severe pneumonia with hyperinflammation and elevated interleukin-6\nis a common presentation of coronavirus disease 2019 (COVID-19).\nObjective : To determine whether tocilizumab (TCZ) improves outcomes of patients hospitalized with moderate-to-severe COVID-19 pneumonia.\nDesign, Setting, and Particpants : This cohort-embedded, investigator-initiated, multicenter, open-label, bayesian randomized clinical trial investigating patients with COVID-19 and moderate or severe pneumonia requiring at least 3 L/min of oxygen but without ventilation or admission to the intensive care unit was conducted between March 31, 2020, to April 18, 2020, with follow-up through 28 days.\nPatients were recruited from 9 university hospitals in France.\nAnalyses were performed on an intention-to-treat basis with no correction for multiplicity for secondary outcomes.\nInterventions : Patients were randomly assigned to receive TCZ, 8 mg/kg, intravenously plus usual care on day 1 and on day 3 if clinically indicated (TCZ group) or to receive usual care alone (UC group).\nUsual care included antibiotic agents, antiviral agents, corticosteroids, vasopressor support, and anticoagulants.\nMain Outcomes and Measures : Primary outcomes were scores higher than 5 on the World Health Organization 10-point Clinical Progression Scale (WHO-CPS) on day 4 and survival without need of ventilation (including noninvasive ventilation) at day 14.\nSecondary outcomes were clinical status assessed with the WHO-CPS scores at day 7 and day 14, overall survival, time to discharge, time to oxygen supply independency, biological factors such as C-reactive protein level, and adverse events.\nResults : Of 131 patients, 64 patients were randomly assigned to the TCZ group and 67 to UC group; 1 patient in the TCZ group withdrew consent and was not included in the analysis.\nOf the 130 patients, 42 were women (32%), and median (interquartile range) age was 64 (57.1-74.3) years.\nIn the TCZ group, 12 patients had a WHO-CPS score greater than 5 at day 4 vs 19 in the UC group (median posterior absolute risk difference [ARD] -9.0%; 90% credible interval [CrI], -21.0 to 3.1), with a posterior probability of negative ARD of 89.0% not achieving the 95% predefined efficacy threshold.\nAt day 14, 12% (95% CI -28% to 4%) fewer patients needed noninvasive ventilation (NIV) or mechanical ventilation (MV) or died in the TCZ group than in the UC group (24% vs 36%, median posterior hazard ratio [HR] 0.58; 90% CrI, 0.33-1.00), with a posterior probability of HR less than 1 of 95.0%, achieving the predefined efficacy threshold.\nThe HR for MV or death was 0.58 (90% CrI, 0.30 to 1.09).\nAt day 28, 7 patients had died in the TCZ group and 8 in the UC group (adjusted HR, 0.92; 95% CI 0.33-2.53).\nSerious adverse events occurred in 20 (32%) patients in the TCZ group and 29 (43%) in the UC group (P\u2009=\u2009.21).\nConclusions and Relevance : In this randomized clinical trial of patients with COVID-19 and pneumonia requiring oxygen support but not admitted to the intensive care unit, TCZ did not reduce WHO-CPS scores lower than 5 at day 4 but might have reduced the risk of NIV, MV, or death by day 14.\nNo difference on day 28 mortality was found.\nFurther studies are necessary for confirming these preliminary results.\nTrial Registration : ClinicalTrials.gov Identifier: NCT04331808.\n", "Evidence Map": {"Enrollment": [{"term": "COVID-19", "negation": "affirmed", "UMLS": {}, "start": 64, "end": 72}, {"term": "Moderate or Severe Pneumonia", "negation": "affirmed", "UMLS": {}, "start": 77, "end": 105}, {"term": "Severe pneumonia", "negation": "affirmed", "UMLS": {}, "start": 13, "end": 29}, {"term": "hospitalized", "negation": "affirmed", "UMLS": {}, "start": 83, "end": 95}, {"term": "moderate-to-severe", "negation": "affirmed", "UMLS": {}, "start": 101, "end": 119}, {"term": "COVID-19", "negation": "affirmed", "UMLS": {}, "start": 175, "end": 183}, {"term": "moderate or severe pneumonia", "negation": "affirmed", "UMLS": {}, "start": 188, "end": 216}, {"term": "ventilation", "negation": "negated", "UMLS": {}, "start": 268, "end": 279}, {"term": "admission to the intensive care unit", "negation": "negated", "UMLS": {}, "start": 283, "end": 319}, {"term": "women", "negation": "affirmed", "UMLS": {}, "start": 30, "end": 35}, {"term": "COVID-19", "negation": "affirmed", "UMLS": {}, "start": 79, "end": 87}, {"term": "pneumonia", "negation": "affirmed", "UMLS": {}, "start": 92, "end": 101}, {"term": "oxygen support", "negation": "affirmed", "UMLS": {}, "start": 112, "end": 126}, {"term": "admitted to the intensive care unit", "negation": "negated", "UMLS": {}, "start": 135, "end": 170}], "Comparison Results": [], "Study Arm 1 Results": [], "Study Arm 2 Results": [], "Hypothesis": []}, "Sentence-level breakdown": [{"Section": "TITLE", "Text": "Effect of Tocilizumab vs Usual Care in Adults Hospitalized With COVID-19 and Moderate or Severe Pneumonia : A Randomized Clinical Trial .", "Evidence Elements": {"Participant": [{"term": "COVID-19", "negation": "affirmed", "UMLS": {}, "start": 64, "end": 72}, {"term": "Moderate or Severe Pneumonia", "negation": "affirmed", "UMLS": {}, "start": 77, "end": 105}], "Intervention": [{"term": "Tocilizumab", "negation": "affirmed", "UMLS": {}, "start": 10, "end": 21, "has_chemical": [{"text": "tocilizumab", "maps_to": "C1609165:tocilizumab", "start": 0, "end": 11}], "has_relation": "N/A"}, {"term": "Usual Care", "negation": "affirmed", "UMLS": {}, "start": 25, "end": 35, "has_relation": "N/A"}], "Outcome": [], "Observation": [], "Count": []}, "Evidence Propositions": []}, {"Section": "UNKNOWN", "Text": "Importance : Severe pneumonia with hyperinflammation and elevated interleukin-6", "Evidence Elements": {"Participant": [{"term": "Severe pneumonia", "negation": "affirmed", "UMLS": {}, "start": 13, "end": 29}], "Intervention": [], "Outcome": [{"term": "hyperinflammation", "negation": "affirmed", "UMLS": {}, "start": 35, "end": 52}, {"term": "interleukin-6", "negation": "affirmed", "UMLS": {}, "start": 66, "end": 79}], "Observation": [{"term": "elevated", "negation": "affirmed", "UMLS": {}, "start": 57, "end": 65}], "Count": []}, "Evidence Propositions": []}, {"Section": "UNKNOWN", "Text": "is a common presentation of coronavirus disease 2019 ( COVID-19 ) .", "Evidence Elements": {"Participant": [], "Intervention": [], "Outcome": [], "Observation": [], "Count": []}, "Evidence Propositions": []}, {"Section": "UNKNOWN", "Text": "Objective : To determine whether tocilizumab ( TCZ ) improves outcomes of patients hospitalized with moderate-to-severe COVID-19 pneumonia .", "Evidence Elements": {"Participant": [{"term": "hospitalized", "negation": "affirmed", "UMLS": {}, "start": 83, "end": 95}, {"term": "moderate-to-severe", "negation": "affirmed", "UMLS": {}, "start": 101, "end": 119}], "Intervention": [{"term": "tocilizumab ( TCZ )", "negation": "affirmed", "UMLS": {}, "start": 33, "end": 52, "has_chemical": [{"text": "tocilizumab", "maps_to": "C1609165:tocilizumab", "start": 0, "end": 11}], "has_relation": "N/A"}], "Outcome": [{"term": "outcomes", "negation": "affirmed", "UMLS": {}, "start": 62, "end": 70}], "Observation": [{"term": "improves", "negation": "affirmed", "UMLS": {}, "start": 53, "end": 61}], "Count": []}, "Evidence Propositions": []}, {"Section": "UNKNOWN", "Text": "Design , Setting , and Particpants : This cohort-embedded , investigator-initiated , multicenter , open-label , bayesian randomized clinical trial investigating patients with COVID-19 and moderate or severe pneumonia requiring at least 3 L / min of oxygen but without ventilation or admission to the intensive care unit was conducted between March 31 , 2020 , to April 18 , 2020 , with follow-up through 28 days .", "Evidence Elements": {"Participant": [{"term": "COVID-19", "negation": "affirmed", "UMLS": {}, "start": 175, "end": 183}, {"term": "moderate or severe pneumonia", "negation": "affirmed", "UMLS": {}, "start": 188, "end": 216}, {"term": "ventilation", "negation": "negated", "UMLS": {}, "start": 268, "end": 279}, {"term": "admission to the intensive care unit", "negation": "negated", "UMLS": {}, "start": 283, "end": 319}], "Intervention": [], "Outcome": [], "Observation": [], "Count": []}, "Evidence Propositions": []}, {"Section": "UNKNOWN", "Text": "Patients were recruited from 9 university hospitals in France .", "Evidence Elements": {"Participant": [], "Intervention": [], "Outcome": [], "Observation": [], "Count": []}, "Evidence Propositions": []}, {"Section": "UNKNOWN", "Text": "Analyses were performed on an intention-to-treat basis with no correction for multiplicity for secondary outcomes .", "Evidence Elements": {"Participant": [], "Intervention": [], "Outcome": [], "Observation": [], "Count": []}, "Evidence Propositions": []}, {"Section": "UNKNOWN", "Text": "Interventions : Patients were randomly assigned to receive TCZ , 8 mg / kg , intravenously plus usual care on day 1 and on day 3 if clinically indicated ( TCZ group ) or to receive usual care alone ( UC group ) .", "Evidence Elements": {"Participant": [], "Intervention": [{"term": "TCZ", "negation": "affirmed", "UMLS": {}, "start": 59, "end": 62, "has_chemical": [{"text": "tocilizumab", "maps_to": "C1609165:tocilizumab", "start": 0, "end": 11}], "has_relation": "N/A"}, {"term": "intravenously plus usual care", "negation": "affirmed", "UMLS": {}, "start": 77, "end": 106, "has_relation": "N/A"}, {"term": "usual", "negation": "affirmed", "UMLS": {}, "start": 96, "end": 101, "has_relation": "N/A"}], "Outcome": [], "Observation": [], "Count": []}, "Evidence Propositions": []}, {"Section": "UNKNOWN", "Text": "Usual care included antibiotic agents , antiviral agents , corticosteroids , vasopressor support , and anticoagulants .", "Evidence Elements": {"Participant": [], "Intervention": [{"term": "Usual care", "negation": "affirmed", "UMLS": {}, "start": 0, "end": 10, "has_relation": "N/A"}, {"term": "agents", "negation": "affirmed", "UMLS": {}, "start": 31, "end": 37, "has_relation": "N/A"}, {"term": "agents", "negation": "affirmed", "UMLS": {}, "start": 31, "end": 37, "has_relation": "N/A"}], "Outcome": [], "Observation": [], "Count": []}, "Evidence Propositions": []}, {"Section": "UNKNOWN", "Text": "Main Outcomes and Measures : Primary outcomes were scores higher than 5 on the World Health Organization 10-point Clinical Progression Scale ( WHO-CPS ) on day 4 and survival without need of ventilation ( including noninvasive ventilation ) at day 14 .", "Evidence Elements": {"Participant": [], "Intervention": [], "Outcome": [{"term": "scores higher than 5 on the World Health Organization 10-point Clinical Progression Scale ( WHO-CPS )", "negation": "affirmed", "UMLS": {}, "start": 51, "end": 152}, {"term": "survival without need of ventilation", "negation": "affirmed", "UMLS": {}, "start": 166, "end": 202}, {"term": "ventilation", "negation": "negated", "UMLS": {}, "start": 191, "end": 202}], "Observation": [], "Count": []}, "Evidence Propositions": []}, {"Section": "UNKNOWN", "Text": "Secondary outcomes were clinical status assessed with the WHO-CPS scores at day 7 and day 14 , overall survival , time to discharge , time to oxygen supply independency , biological factors such as C-reactive protein level , and adverse events .", "Evidence Elements": {"Participant": [], "Intervention": [], "Outcome": [{"term": "clinical status", "negation": "affirmed", "UMLS": {}, "start": 24, "end": 39}, {"term": "WHO-CPS scores", "negation": "affirmed", "UMLS": {}, "start": 58, "end": 72}, {"term": "overall survival", "negation": "affirmed", "UMLS": {}, "start": 95, "end": 111}, {"term": "time to discharge", "negation": "affirmed", "UMLS": {}, "start": 114, "end": 131}, {"term": "time to oxygen supply independency", "negation": "affirmed", "UMLS": {}, "start": 134, "end": 168}, {"term": "biological factors", "negation": "affirmed", "UMLS": {}, "start": 171, "end": 189}, {"term": "C-reactive protein", "negation": "affirmed", "UMLS": {}, "start": 198, "end": 216}], "Observation": [], "Count": []}, "Evidence Propositions": []}, {"Section": "UNKNOWN", "Text": "Results : Of 131 patients , 64 patients were randomly assigned to the TCZ group and 67 to UC group ; 1 patient in the TCZ group withdrew consent and was not included in the analysis .", "Evidence Elements": {"Participant": [], "Intervention": [{"term": "TCZ", "negation": "affirmed", "UMLS": {}, "start": 70, "end": 73, "has_chemical": [{"text": "tocilizumab", "maps_to": "C1609165:tocilizumab", "start": 0, "end": 11}], "has_relation": "N/A"}, {"term": "UC", "negation": "affirmed", "UMLS": {}, "start": 90, "end": 92, "has_relation": "N/A"}, {"term": "TCZ", "negation": "affirmed", "UMLS": {}, "start": 70, "end": 73, "has_chemical": [{"text": "tocilizumab", "maps_to": "C1609165:tocilizumab", "start": 0, "end": 11}], "has_relation": "N/A"}], "Outcome": [{"term": "withdrew consent", "negation": "affirmed", "UMLS": {}, "start": 128, "end": 144}], "Observation": [], "Count": [{"term": "1 patient", "negation": "affirmed", "UMLS": {}, "start": 15, "end": 24}]}, "Evidence Propositions": [{"Intervention": {"term": "TCZ", "has_chemical": [{"text": "tocilizumab", "maps_to": "C1609165:tocilizumab", "start": 0, "end": 11}], "has_relation": "N/A"}, "Observation": "", "Count": "1 patient", "Outcome": "withdrew consent"}]}, {"Section": "UNKNOWN", "Text": "Of the 130 patients , 42 were women ( 32 % ) , and median ( interquartile range ) age was 64 ( 57.1-74.3 ) years .", "Evidence Elements": {"Participant": [{"term": "women", "negation": "affirmed", "UMLS": {}, "start": 30, "end": 35}], "Intervention": [], "Outcome": [], "Observation": [], "Count": []}, "Evidence Propositions": []}, {"Section": "UNKNOWN", "Text": "In the TCZ group , 12 patients had a WHO-CPS score greater than 5 at day 4 vs 19 in the UC group ( median posterior absolute risk difference [ ARD ] -9.0 % ; 90 % credible interval [ CrI ] , -21.0 to 3.1 ) , with a posterior probability of negative ARD of 89.0 % not achieving the 95 % predefined efficacy threshold .", "Evidence Elements": {"Participant": [], "Intervention": [{"term": "TCZ", "negation": "affirmed", "UMLS": {}, "start": 7, "end": 10, "has_chemical": [{"text": "tocilizumab", "maps_to": "C1609165:tocilizumab", "start": 0, "end": 11}], "has_relation": "N/A"}, {"term": "UC", "negation": "affirmed", "UMLS": {}, "start": 88, "end": 90, "has_relation": "N/A"}], "Outcome": [{"term": "WHO-CPS score greater than 5", "negation": "affirmed", "UMLS": {}, "start": 37, "end": 65}, {"term": "median posterior absolute risk difference [ ARD ]", "negation": "affirmed", "UMLS": {}, "start": 99, "end": 148}, {"term": "posterior probability", "negation": "affirmed", "UMLS": {}, "start": 215, "end": 236}], "Observation": [], "Count": [{"term": "12 patients", "negation": "affirmed", "UMLS": {}, "start": 19, "end": 30}, {"term": "19", "negation": "affirmed", "UMLS": {}, "start": 78, "end": 80}]}, "Evidence Propositions": [{"Intervention": {"term": "TCZ", "has_chemical": [{"text": "tocilizumab", "maps_to": "C1609165:tocilizumab", "start": 0, "end": 11}], "has_relation": "N/A"}, "Observation": "", "Count": "12 patients", "Outcome": "WHO-CPS score greater than 5"}, {"Intervention": {"term": "TCZ", "has_chemical": [{"text": "tocilizumab", "maps_to": "C1609165:tocilizumab", "start": 0, "end": 11}], "has_relation": "N/A"}, "Observation": "", "Count": "12 patients", "Outcome": "median posterior absolute risk difference [ ARD ]"}, {"Intervention": {"term": "UC", "has_relation": "N/A"}, "Observation": "", "Count": "19", "Outcome": "WHO-CPS score greater than 5"}]}, {"Section": "UNKNOWN", "Text": "At day 14 , 12 % ( 95 % CI-28 % to 4 % ) fewer patients needed noninvasive ventilation ( NIV ) or mechanical ventilation ( MV ) or died in the TCZ group than in the UC group ( 24 % vs 36 % , median posterior hazard ratio [ HR ] 0.58 ; 90 % CrI , 0.33-1.00 ) , with a posterior probability of HR less than 1 of 95.0 % , achieving the predefined efficacy threshold .", "Evidence Elements": {"Participant": [], "Intervention": [{"term": "TCZ", "negation": "affirmed", "UMLS": {}, "start": 143, "end": 146, "has_chemical": [{"text": "tocilizumab", "maps_to": "C1609165:tocilizumab", "start": 0, "end": 11}], "has_relation": "N/A"}, {"term": "UC", "negation": "affirmed", "UMLS": {}, "start": 165, "end": 167, "has_relation": "N/A"}], "Outcome": [{"term": "noninvasive ventilation ( NIV )", "negation": "affirmed", "UMLS": {}, "start": 63, "end": 94}, {"term": "mechanical ventilation ( MV )", "negation": "affirmed", "UMLS": {}, "start": 98, "end": 127}, {"term": "died", "negation": "affirmed", "UMLS": {}, "start": 131, "end": 135}, {"term": "median posterior hazard ratio [ HR", "negation": "affirmed", "UMLS": {}, "start": 191, "end": 225}], "Observation": [{"term": "24 %", "negation": "affirmed", "UMLS": {}, "start": 176, "end": 180}], "Count": [{"term": "12 %", "negation": "affirmed", "UMLS": {}, "start": 12, "end": 16}, {"term": "fewer patients", "negation": "affirmed", "UMLS": {}, "start": 41, "end": 55}, {"term": "36 %", "negation": "affirmed", "UMLS": {}, "start": 184, "end": 188}]}, "Evidence Propositions": [{"Intervention": {"term": "TCZ", "has_chemical": [{"text": "tocilizumab", "maps_to": "C1609165:tocilizumab", "start": 0, "end": 11}], "has_relation": "N/A"}, "Observation": "24 %", "Outcome": "died", "Count": ""}, {"Intervention": [{"term": "TCZ", "has_chemical": [{"text": "tocilizumab", "maps_to": "C1609165:tocilizumab", "start": 0, "end": 11}], "has_relation": "N/A"}], "Observation": "", "Count": "fewer patients", "Outcome": "noninvasive ventilation ( NIV )"}, {"Intervention": [{"term": "TCZ", "has_chemical": [{"text": "tocilizumab", "maps_to": "C1609165:tocilizumab", "start": 0, "end": 11}], "has_relation": "N/A"}], "Observation": "", "Count": "fewer patients", "Outcome": "mechanical ventilation ( MV )"}, {"Intervention": [{"term": "TCZ", "has_chemical": [{"text": "tocilizumab", "maps_to": "C1609165:tocilizumab", "start": 0, "end": 11}], "has_relation": "N/A"}], "Observation": "", "Count": "fewer patients", "Outcome": "died"}, {"Intervention": {"term": "UC", "has_relation": "N/A"}, "Observation": "", "Count": "36 %", "Outcome": "died"}]}, {"Section": "UNKNOWN", "Text": "The HR for MV or death was 0.58 ( 90 % CrI , 0.30 to 1.09 ) .", "Evidence Elements": {"Participant": [], "Intervention": [], "Outcome": [{"term": "HR for MV or death", "negation": "affirmed", "UMLS": {}, "start": 4, "end": 22}], "Observation": [{"term": "0.58", "negation": "affirmed", "UMLS": {}, "start": 27, "end": 31}], "Count": []}, "Evidence Propositions": []}, {"Section": "UNKNOWN", "Text": "At day 28 , 7 patients had died in the TCZ group and 8 in the UC group ( adjusted HR , 0.92 ; 95 % CI 0.33-2.53 ) .", "Evidence Elements": {"Participant": [], "Intervention": [{"term": "TCZ", "negation": "affirmed", "UMLS": {}, "start": 39, "end": 42, "has_chemical": [{"text": "tocilizumab", "maps_to": "C1609165:tocilizumab", "start": 0, "end": 11}], "has_relation": "N/A"}, {"term": "UC", "negation": "affirmed", "UMLS": {}, "start": 62, "end": 64, "has_relation": "N/A"}], "Outcome": [{"term": "died", "negation": "affirmed", "UMLS": {}, "start": 27, "end": 31}], "Observation": [], "Count": [{"term": "7 patients", "negation": "affirmed", "UMLS": {}, "start": 12, "end": 22}, {"term": "8", "negation": "affirmed", "UMLS": {}, "start": 8, "end": 9}]}, "Evidence Propositions": [{"Intervention": {"term": "TCZ", "has_chemical": [{"text": "tocilizumab", "maps_to": "C1609165:tocilizumab", "start": 0, "end": 11}], "has_relation": "N/A"}, "Observation": "", "Count": "7 patients", "Outcome": "died"}]}, {"Section": "UNKNOWN", "Text": "Serious adverse events occurred in 20 ( 32 % ) patients in the TCZ group and 29 ( 43 % ) in the UC group ( P = .21 ) .", "Evidence Elements": {"Participant": [], "Intervention": [{"term": "TCZ", "negation": "affirmed", "UMLS": {}, "start": 63, "end": 66, "has_chemical": [{"text": "tocilizumab", "maps_to": "C1609165:tocilizumab", "start": 0, "end": 11}], "has_relation": "N/A"}], "Outcome": [{"term": "Serious adverse events", "negation": "affirmed", "UMLS": {}, "start": 0, "end": 22}], "Observation": [], "Count": [{"term": "20 ( 32 % ) patients", "negation": "affirmed", "UMLS": {}, "start": 35, "end": 55}, {"term": "29 ( 43 % )", "negation": "affirmed", "UMLS": {}, "start": 77, "end": 88}]}, "Evidence Propositions": [{"Intervention": {"term": "TCZ", "has_chemical": [{"text": "tocilizumab", "maps_to": "C1609165:tocilizumab", "start": 0, "end": 11}], "has_relation": "N/A"}, "Observation": "", "Count": "20 ( 32 % ) patients", "Outcome": "Serious adverse events"}]}, {"Section": "UNKNOWN", "Text": "Conclusions and Relevance : In this randomized clinical trial of patients with COVID-19 and pneumonia requiring oxygen support but not admitted to the intensive care unit , TCZ did not reduce WHO-CPS scores lower than 5 at day 4 but might have reduced the risk of NIV , MV , or death by day 14 .", "Evidence Elements": {"Participant": [{"term": "COVID-19", "negation": "affirmed", "UMLS": {}, "start": 79, "end": 87}, {"term": "pneumonia", "negation": "affirmed", "UMLS": {}, "start": 92, "end": 101}, {"term": "oxygen support", "negation": "affirmed", "UMLS": {}, "start": 112, "end": 126}, {"term": "admitted to the intensive care unit", "negation": "negated", "UMLS": {}, "start": 135, "end": 170}], "Intervention": [{"term": "TCZ", "negation": "negated", "UMLS": {}, "start": 173, "end": 176, "has_chemical": [{"text": "tocilizumab", "maps_to": "C1609165:tocilizumab", "start": 0, "end": 11}], "has_relation": "N/A"}], "Outcome": [{"term": "WHO-CPS scores lower than", "negation": "affirmed", "UMLS": {}, "start": 192, "end": 217}, {"term": "risk of NIV , MV , or death", "negation": "affirmed", "UMLS": {}, "start": 256, "end": 283}], "Observation": [{"term": "reduce", "negation": "negated", "UMLS": {}, "start": 185, "end": 191}, {"term": "reduced", "negation": "affirmed", "UMLS": {}, "start": 244, "end": 251}], "Count": []}, "Evidence Propositions": [{"Intervention": {"term": "TCZ", "has_chemical": [{"text": "tocilizumab", "maps_to": "C1609165:tocilizumab", "start": 0, "end": 11}], "has_relation": "N/A"}, "Observation": "reduced", "Outcome": "risk of NIV , MV , or death", "Count": ""}]}, {"Section": "UNKNOWN", "Text": "No difference on day 28 mortality was found .", "Evidence Elements": {"Participant": [], "Intervention": [], "Outcome": [{"term": "mortality", "negation": "negated", "UMLS": {}, "start": 24, "end": 33}], "Observation": [{"term": "difference", "negation": "negated", "UMLS": {}, "start": 3, "end": 13}], "Count": []}, "Evidence Propositions": [{"Intervention": [], "Observation": "difference", "Outcome": "mortality", "Count": ""}]}, {"Section": "UNKNOWN", "Text": "Further studies are necessary for confirming these preliminary results .", "Evidence Elements": {"Participant": [], "Intervention": [], "Outcome": [], "Observation": [], "Count": []}, "Evidence Propositions": []}, {"Section": "UNKNOWN", "Text": "Trial Registration : ClinicalTrials.gov Identifier : NCT04331808 .", "Evidence Elements": {"Participant": [], "Intervention": [], "Outcome": [], "Observation": [], "Count": []}, "Evidence Propositions": []}]}