{"doc_id": "33080005", "type of study": "Therapy", "title": "", "abstract": "Effect of Tocilizumab vs Standard Care on Clinical Worsening in Patients Hospitalized With COVID-19 Pneumonia: A Randomized Clinical Trial.\nImportance : The coronavirus disease 2019 (COVID-19) pandemic is threatening billions of people worldwide.\nTocilizumab has shown promising results in retrospective studies in patients with COVID-19 pneumonia with a good safety profile.\nObjective : To evaluate the effect of early tocilizumab administration vs standard therapy in preventing clinical worsening in patients hospitalized with COVID-19 pneumonia.\nDesign, Setting, and Participants : Prospective, open-label, randomized clinical trial\nthat randomized patients hospitalized between March 31 and June 11, 2020, with COVID-19 pneumonia to receive tocilizumab or standard of care in 24 hospitals in Italy. Cases of COVID-19 were confirmed by polymerase chain reaction method with nasopharyngeal swab.\nEligibility criteria included COVID-19 pneumonia documented by radiologic imaging, partial pressure of arterial oxygen to fraction of inspired oxygen (Pao2/Fio2) ratio between 200 and 300 mm Hg, and an inflammatory phenotype defined by fever and elevated C-reactive protein.\nInterventions : Patients in the experimental arm received intravenous tocilizumab within 8 hours from randomization (8 mg/kg up to a maximum of 800 mg), followed by a second dose after 12 hours.\nPatients in the control arm received supportive care following the protocols of each clinical center until clinical worsening and then could receive tocilizumab as a rescue therapy.\nMain Outcome and Measures : The primary composite outcome was defined as entry into the intensive care unit with invasive mechanical ventilation, death from all causes, or clinical aggravation documented by the finding of a Pao2/Fio2 ratio less than 150 mm Hg, whichever came first.\nResults : A total of 126 patients were randomized (60 to the tocilizumab group; 66 to the control group).\nThe median (interquartile range) age was 60.0 (53.0-72.0) years, and the majority of patients were male (77 of 126, 61.1%).\nThree patients withdrew from the study, leaving 123 patients available for the intention-to-treat analyses.\nSeventeen patients of 60 (28.3%) in the tocilizumab arm and 17 of 63 (27.0%) in the standard care group showed clinical worsening within 14 days since randomization (rate ratio, 1.05; 95% CI, 0.59-1.86).\nTwo patients in the experimental group and 1 in the control group died before 30 days from randomization, and 6 and 5 patients were intubated in the 2 groups, respectively.\nThe trial was prematurely interrupted after an interim analysis for futility.\nConclusions and Relevance : In this randomized clinical trial of hospitalized adult patients with COVID-19 pneumonia and Pao2/Fio2 ratio between 200 and 300 mm Hg who received tocilizumab, no benefit on disease progression was observed compared with standard care.\nFurther blinded, placebo-controlled randomized clinical trials are needed to confirm the results and to evaluate possible applications of tocilizumab in different stages of the disease.\nTrial Registration : ClinicalTrials.gov Identifier: NCT04346355; EudraCT Identifier: 2020-001386-37.\n", "Evidence Map": {"Enrollment": [{"term": "Hospitalized", "negation": "affirmed", "UMLS": {}, "start": 73, "end": 85}, {"term": "COVID-19 Pneumonia", "negation": "affirmed", "UMLS": {}, "start": 91, "end": 109}, {"term": "COVID-19 pneumonia", "negation": "affirmed", "UMLS": {}, "start": 82, "end": 100}, {"term": "hospitalized", "negation": "affirmed", "UMLS": {}, "start": 136, "end": 148}, {"term": "COVID-19 pneumonia", "negation": "affirmed", "UMLS": {}, "start": 154, "end": 172}, {"term": "hospitalized", "negation": "affirmed", "UMLS": {}, "start": 25, "end": 37}, {"term": "COVID-19 pneumonia", "negation": "affirmed", "UMLS": {}, "start": 81, "end": 99}, {"term": "COVID-19", "negation": "affirmed", "UMLS": {}, "start": 81, "end": 89}, {"term": "COVID-19 pneumonia", "negation": "affirmed", "UMLS": {}, "start": 30, "end": 48}, {"term": "radiologic imaging", "negation": "affirmed", "UMLS": {}, "start": 63, "end": 81}, {"term": "partial pressure of arterial oxygen to fraction of inspired oxygen (", "negation": "affirmed", "UMLS": {}, "start": 84, "end": 152}, {"term": "Fio2 ) ratio between 200 and 300 mm Hg", "negation": "affirmed", "UMLS": {}, "start": 160, "end": 198}, {"term": "inflammatory phenotype", "negation": "affirmed", "UMLS": {}, "start": 208, "end": 230}, {"term": "fever", "negation": "affirmed", "UMLS": {}, "start": 242, "end": 247}, {"term": "Fio2 ratio less than 150 mm Hg", "negation": "affirmed", "UMLS": {}, "start": 233, "end": 263}, {"term": "hospitalized adult patients", "negation": "affirmed", "UMLS": {}, "start": 65, "end": 92}, {"term": "COVID-19 pneumonia", "negation": "affirmed", "UMLS": {}, "start": 98, "end": 116}, {"term": "Fio2 ratio", "negation": "affirmed", "UMLS": {}, "start": 128, "end": 138}], "Comparison Results": [], "Study Arm 1 Results": [], "Study Arm 2 Results": [], "Hypothesis": []}, "Sentence-level breakdown": [{"Section": "TITLE", "Text": "Effect of Tocilizumab vs Standard Care on Clinical Worsening in Patients Hospitalized With COVID-19 Pneumonia : A Randomized Clinical Trial .", "Evidence Elements": {"Participant": [{"term": "Hospitalized", "negation": "affirmed", "UMLS": {}, "start": 73, "end": 85}, {"term": "COVID-19 Pneumonia", "negation": "affirmed", "UMLS": {}, "start": 91, "end": 109}], "Intervention": [{"term": "Tocilizumab", "negation": "affirmed", "UMLS": {}, "start": 10, "end": 21, "has_chemical": [{"text": "tocilizumab", "maps_to": "C1609165:tocilizumab", "start": 0, "end": 11}], "has_relation": "N/A"}, {"term": "Standard Care", "negation": "affirmed", "UMLS": {}, "start": 25, "end": 38, "has_relation": "N/A"}], "Outcome": [{"term": "Clinical Worsening", "negation": "affirmed", "UMLS": {}, "start": 42, "end": 60}], "Observation": [], "Count": []}, "Evidence Propositions": []}, {"Section": "UNKNOWN", "Text": "Importance : The coronavirus disease 2019 ( COVID-19) pandemic is threatening billions of people worldwide .", "Evidence Elements": {"Participant": [], "Intervention": [], "Outcome": [], "Observation": [], "Count": []}, "Evidence Propositions": []}, {"Section": "UNKNOWN", "Text": "Tocilizumab has shown promising results in retrospective studies in patients with COVID-19 pneumonia with a good safety profile .", "Evidence Elements": {"Participant": [{"term": "COVID-19 pneumonia", "negation": "affirmed", "UMLS": {}, "start": 82, "end": 100}], "Intervention": [{"term": "Tocilizumab", "negation": "affirmed", "UMLS": {}, "start": 0, "end": 11, "has_chemical": [{"text": "tocilizumab", "maps_to": "C1609165:tocilizumab", "start": 0, "end": 11}], "has_relation": "N/A"}], "Outcome": [{"term": "safety", "negation": "affirmed", "UMLS": {}, "start": 113, "end": 119}], "Observation": [{"term": "promising", "negation": "affirmed", "UMLS": {}, "start": 22, "end": 31}, {"term": "good", "negation": "affirmed", "UMLS": {}, "start": 108, "end": 112}], "Count": []}, "Evidence Propositions": []}, {"Section": "UNKNOWN", "Text": "Objective : To evaluate the effect of early tocilizumab administration vs standard therapy in preventing clinical worsening in patients hospitalized with COVID-19 pneumonia .", "Evidence Elements": {"Participant": [{"term": "hospitalized", "negation": "affirmed", "UMLS": {}, "start": 136, "end": 148}, {"term": "COVID-19 pneumonia", "negation": "affirmed", "UMLS": {}, "start": 154, "end": 172}], "Intervention": [{"term": "early tocilizumab administration", "negation": "affirmed", "UMLS": {}, "start": 38, "end": 70, "has_chemical": [{"text": "early tocilizumab", "maps_to": "C1609165:tocilizumab", "start": 0, "end": 17}], "has_relation": "N/A"}, {"term": "standard therapy", "negation": "affirmed", "UMLS": {}, "start": 74, "end": 90, "has_procedure": [{"text": "standard therapy", "maps_to": "C2936643:standard therapy", "start": 0, "end": 16}], "has_relation": "N/A"}], "Outcome": [{"term": "clinical worsening", "negation": "affirmed", "UMLS": {}, "start": 105, "end": 123}], "Observation": [{"term": "preventing", "negation": "affirmed", "UMLS": {}, "start": 94, "end": 104}], "Count": []}, "Evidence Propositions": []}, {"Section": "UNKNOWN", "Text": "Design , Setting , and Participants : Prospective , open-label , randomized clinical trial", "Evidence Elements": {"Participant": [], "Intervention": [], "Outcome": [], "Observation": [], "Count": []}, "Evidence Propositions": []}, {"Section": "UNKNOWN", "Text": "that randomized patients hospitalized between March 31 and June 11 , 2020 , with COVID-19 pneumonia to receive tocilizumab or standard of care in 24 hospitals in Italy . Cases of COVID-19 were confirmed by polymerase chain reaction method with nasopharyngeal swab .", "Evidence Elements": {"Participant": [{"term": "hospitalized", "negation": "affirmed", "UMLS": {}, "start": 25, "end": 37}, {"term": "COVID-19 pneumonia", "negation": "affirmed", "UMLS": {}, "start": 81, "end": 99}, {"term": "COVID-19", "negation": "affirmed", "UMLS": {}, "start": 81, "end": 89}], "Intervention": [{"term": "tocilizumab", "negation": "affirmed", "UMLS": {}, "start": 111, "end": 122, "has_chemical": [{"text": "tocilizumab", "maps_to": "C1609165:tocilizumab", "start": 0, "end": 11}], "has_relation": "N/A"}, {"term": "standard of care", "negation": "affirmed", "UMLS": {}, "start": 126, "end": 142, "has_procedure": [{"text": "standard of care", "maps_to": "C2936643:standard of care", "start": 0, "end": 16}], "has_relation": "N/A"}], "Outcome": [], "Observation": [], "Count": []}, "Evidence Propositions": []}, {"Section": "UNKNOWN", "Text": "Eligibility criteria included COVID-19 pneumonia documented by radiologic imaging , partial pressure of arterial oxygen to fraction of inspired oxygen ( Pao2 / Fio2 ) ratio between 200 and 300 mm Hg , and an inflammatory phenotype defined by fever and elevated C-reactive protein .", "Evidence Elements": {"Participant": [{"term": "COVID-19 pneumonia", "negation": "affirmed", "UMLS": {}, "start": 30, "end": 48}, {"term": "radiologic imaging", "negation": "affirmed", "UMLS": {}, "start": 63, "end": 81}, {"term": "partial pressure of arterial oxygen to fraction of inspired oxygen (", "negation": "affirmed", "UMLS": {}, "start": 84, "end": 152}, {"term": "Fio2 ) ratio between 200 and 300 mm Hg", "negation": "affirmed", "UMLS": {}, "start": 160, "end": 198}, {"term": "inflammatory phenotype", "negation": "affirmed", "UMLS": {}, "start": 208, "end": 230}, {"term": "fever", "negation": "affirmed", "UMLS": {}, "start": 242, "end": 247}], "Intervention": [], "Outcome": [], "Observation": [], "Count": []}, "Evidence Propositions": []}, {"Section": "UNKNOWN", "Text": "Interventions : Patients in the experimental arm received intravenous tocilizumab within 8 hours from randomization ( 8 mg / kg up to a maximum of 800 mg ) , followed by a second dose after 12 hours .", "Evidence Elements": {"Participant": [], "Intervention": [{"term": "intravenous tocilizumab", "negation": "affirmed", "UMLS": {}, "start": 58, "end": 81, "has_chemical": [{"text": "tocilizumab", "maps_to": "C1609165:tocilizumab", "start": 12, "end": 23, "has_route": ["intravenous"]}], "has_relation": "N/A"}], "Outcome": [], "Observation": [], "Count": []}, "Evidence Propositions": []}, {"Section": "UNKNOWN", "Text": "Patients in the control arm received supportive care following the protocols of each clinical center until clinical worsening and then could receive tocilizumab as a rescue therapy .", "Evidence Elements": {"Participant": [], "Intervention": [{"term": "supportive care", "negation": "affirmed", "UMLS": {}, "start": 37, "end": 52, "has_procedure": [{"text": "supportive care", "maps_to": "C0344211:supportive care", "start": 0, "end": 15}], "has_relation": "N/A"}, {"term": "tocilizumab", "negation": "affirmed", "UMLS": {}, "start": 149, "end": 160, "has_chemical": [{"text": "tocilizumab", "maps_to": "C1609165:tocilizumab", "start": 0, "end": 11}], "has_relation": "N/A"}], "Outcome": [{"term": "clinical worsening", "negation": "affirmed", "UMLS": {}, "start": 107, "end": 125}], "Observation": [], "Count": []}, "Evidence Propositions": []}, {"Section": "UNKNOWN", "Text": "Main Outcome and Measures : The primary composite outcome was defined as entry into the intensive care unit with invasive mechanical ventilation , death from all causes , or clinical aggravation documented by the finding of a Pao2 / Fio2 ratio less than 150 mm Hg , whichever came first .", "Evidence Elements": {"Participant": [{"term": "Fio2 ratio less than 150 mm Hg", "negation": "affirmed", "UMLS": {}, "start": 233, "end": 263}], "Intervention": [], "Outcome": [{"term": "entry into the intensive care unit with invasive mechanical ventilation", "negation": "affirmed", "UMLS": {}, "start": 73, "end": 144}, {"term": "death from all causes", "negation": "affirmed", "UMLS": {}, "start": 147, "end": 168}, {"term": "clinical aggravation", "negation": "affirmed", "UMLS": {}, "start": 174, "end": 194}], "Observation": [], "Count": []}, "Evidence Propositions": []}, {"Section": "UNKNOWN", "Text": "Results : A total of 126 patients were randomized ( 60 to the tocilizumab group ; 66 to the control group ) .", "Evidence Elements": {"Participant": [], "Intervention": [{"term": "tocilizumab", "negation": "affirmed", "UMLS": {}, "start": 62, "end": 73, "has_chemical": [{"text": "tocilizumab", "maps_to": "C1609165:tocilizumab", "start": 0, "end": 11}], "has_relation": "N/A"}], "Outcome": [], "Observation": [], "Count": []}, "Evidence Propositions": []}, {"Section": "UNKNOWN", "Text": "The median ( interquartile range ) age was 60.0 ( 53.0-72.0 ) years , and the majority of patients were male ( 77 of 126 , 61.1 % ) .", "Evidence Elements": {"Participant": [], "Intervention": [], "Outcome": [], "Observation": [], "Count": []}, "Evidence Propositions": []}, {"Section": "UNKNOWN", "Text": "Three patients withdrew from the study , leaving 123 patients available for the intention-to-treat analyses .", "Evidence Elements": {"Participant": [], "Intervention": [], "Outcome": [{"term": "withdrew from the study", "negation": "affirmed", "UMLS": {}, "start": 15, "end": 38}], "Observation": [], "Count": [{"term": "Three patients", "negation": "affirmed", "UMLS": {}, "start": 0, "end": 14}, {"term": "123 patients", "negation": "affirmed", "UMLS": {}, "start": 49, "end": 61}]}, "Evidence Propositions": []}, {"Section": "UNKNOWN", "Text": "Seventeen patients of 60 ( 28.3 % ) in the tocilizumab arm and 17 of 63 ( 27.0 % ) in the standard care group showed clinical worsening within 14 days since randomization ( rate ratio , 1.05 ; 95 % CI , 0.59-1.86 ) .", "Evidence Elements": {"Participant": [], "Intervention": [{"term": "tocilizumab", "negation": "affirmed", "UMLS": {}, "start": 43, "end": 54, "has_chemical": [{"text": "tocilizumab", "maps_to": "C1609165:tocilizumab", "start": 0, "end": 11}], "has_relation": "N/A"}, {"term": "standard care", "negation": "affirmed", "UMLS": {}, "start": 90, "end": 103, "has_relation": "N/A"}], "Outcome": [{"term": "clinical worsening", "negation": "affirmed", "UMLS": {}, "start": 117, "end": 135}], "Observation": [], "Count": [{"term": "Seventeen patients of 60 ( 28.3 % )", "negation": "affirmed", "UMLS": {}, "start": 0, "end": 35}, {"term": "17 of 63 ( 27.0 % )", "negation": "affirmed", "UMLS": {}, "start": 63, "end": 82}]}, "Evidence Propositions": [{"Intervention": {"term": "tocilizumab", "has_chemical": [{"text": "tocilizumab", "maps_to": "C1609165:tocilizumab", "start": 0, "end": 11}], "has_relation": "N/A"}, "Observation": "", "Count": "Seventeen patients of 60 ( 28.3 % )", "Outcome": "clinical worsening"}, {"Intervention": {"term": "standard care", "has_relation": "N/A"}, "Observation": "", "Count": "17 of 63 ( 27.0 % )", "Outcome": "clinical worsening"}]}, {"Section": "UNKNOWN", "Text": "Two patients in the experimental group and 1 in the control group died before 30 days from randomization , and 6 and 5 patients were intubated in the 2 groups , respectively .", "Evidence Elements": {"Participant": [], "Intervention": [{"term": "experimental", "negation": "affirmed", "UMLS": {}, "start": 20, "end": 32, "has_relation": "N/A"}, {"term": "control", "negation": "affirmed", "UMLS": {}, "start": 52, "end": 59, "has_relation": "N/A"}, {"term": "2 groups", "negation": "affirmed", "UMLS": {}, "start": 150, "end": 158, "has_relation": "N/A"}], "Outcome": [{"term": "died", "negation": "affirmed", "UMLS": {}, "start": 66, "end": 70}, {"term": "intubated", "negation": "affirmed", "UMLS": {}, "start": 133, "end": 142}], "Observation": [], "Count": [{"term": "Two patients", "negation": "affirmed", "UMLS": {}, "start": 0, "end": 12}, {"term": "1", "negation": "affirmed", "UMLS": {}, "start": 43, "end": 44}, {"term": "6 and 5 patients", "negation": "affirmed", "UMLS": {}, "start": 111, "end": 127}]}, "Evidence Propositions": [{"Intervention": {"term": "experimental", "has_relation": "N/A"}, "Observation": "", "Count": "Two patients", "Outcome": "died"}, {"Intervention": {"term": "control", "has_relation": "N/A"}, "Observation": "", "Count": "1", "Outcome": "died"}, {"Intervention": {"term": "2 groups", "has_relation": "N/A"}, "Observation": "", "Count": "6 and 5 patients", "Outcome": "intubated"}]}, {"Section": "UNKNOWN", "Text": "The trial was prematurely interrupted after an interim analysis for futility .", "Evidence Elements": {"Participant": [], "Intervention": [], "Outcome": [], "Observation": [], "Count": []}, "Evidence Propositions": []}, {"Section": "UNKNOWN", "Text": "Conclusions and Relevance : In this randomized clinical trial of hospitalized adult patients with COVID-19 pneumonia and Pao2 / Fio2 ratio between 200 and 300 mm Hg who received tocilizumab , no benefit on disease progression was observed compared with standard care .", "Evidence Elements": {"Participant": [{"term": "hospitalized adult patients", "negation": "affirmed", "UMLS": {}, "start": 65, "end": 92}, {"term": "COVID-19 pneumonia", "negation": "affirmed", "UMLS": {}, "start": 98, "end": 116}, {"term": "Fio2 ratio", "negation": "affirmed", "UMLS": {}, "start": 128, "end": 138}], "Intervention": [{"term": "tocilizumab", "negation": "affirmed", "UMLS": {}, "start": 178, "end": 189, "has_chemical": [{"text": "tocilizumab", "maps_to": "C1609165:tocilizumab", "start": 0, "end": 11}], "has_relation": "N/A"}, {"term": "standard", "negation": "negated", "UMLS": {}, "start": 253, "end": 261, "has_relation": "N/A"}], "Outcome": [{"term": "disease progression", "negation": "negated", "UMLS": {}, "start": 206, "end": 225}], "Observation": [{"term": "benefit", "negation": "negated", "UMLS": {}, "start": 195, "end": 202}], "Count": []}, "Evidence Propositions": [{"Intervention": {"term": "tocilizumab", "has_chemical": [{"text": "tocilizumab", "maps_to": "C1609165:tocilizumab", "start": 0, "end": 11}], "has_relation": "N/A"}, "Observation": "benefit", "Outcome": "disease progression", "Count": ""}, {"Intervention": {"term": "standard", "has_relation": "N/A"}, "Observation": "benefit", "Outcome": "disease progression", "Count": ""}]}, {"Section": "UNKNOWN", "Text": "Further blinded , placebo-controlled randomized clinical trials are needed to confirm the results and to evaluate possible applications of tocilizumab in different stages of the disease .", "Evidence Elements": {"Participant": [], "Intervention": [], "Outcome": [], "Observation": [], "Count": []}, "Evidence Propositions": []}, {"Section": "UNKNOWN", "Text": "Trial Registration : ClinicalTrials.gov Identifier : NCT04346355 ; EudraCT Identifier : 2020-001386-37 .", "Evidence Elements": {"Participant": [], "Intervention": [], "Outcome": [], "Observation": [], "Count": []}, "Evidence Propositions": []}]}