{"doc_id": "33092632", "type of study": "Therapy", "title": "", "abstract": "\"Early transfusion of convalescent plasma in older patients with COVID-19 to prevent disease progression: A structured summary of a study protocol for a randomised controlled trial\".\nThe primary objective is to demonstrate that COVID-19 convalescent plasma (CCP) prevents progression to severe pneumonia in elderly COVID-19 pneumonia patients with chronic comorbidities.\nSecondary objectives are to demonstrate that CCP decreases the viral load in nasopharyngeal swabs and increases the anti-SARS-CoV-2 antibody titre in recipients.\nTRIAL DESIGN : This is a randomized, open-label, parallel group, phase II/III study with a superiority framework.\nThe trial starts with a screening phase II designed with two-tailed alpha=0.2.\nIn case of positive results, the trial will proceed in a formally comparative phase III (alpha=0.05).\nAdult patients with confirmed or suspected COVID-19 who are at risk according to CDC definition are eligible.\nInclusion criteria are all the following: age \u2265 65; pneumonia at CT scan; PaO2/FiO2 \u2265300 mmHg; presence of one or more comorbidities; signed informed consent.\nExclusion criteria are one of the following: age < 65; PaO2/FiO2 < 300 mmHg; pending cardiopulmonary arrest; refusal to blood product transfusions; severe IgA deficiency; any life-threatening comorbidity or any other medical condition which, in the opinion of the investigator, makes the patient unsuitable for inclusion.\nThe trial is being conducted at three reference COVID-19 centres in the middle of Italy.\nINTERVENTION AND COMPARATOR : Intervention: COVID-19 Convalescent Plasma (CCP) in addition to standard therapy.\nPatients receive three doses (200 ml/day on 3 consecutive days) of ABO matched CCP.\nComparator: Standard therapy MAIN OUTCOMES: A. Primary outcome for Phase II: Proportion of patients without progression in severity of pulmonary disease, defined as worsening of 2 points in the ordinal scale of WHO by day 14.\nB. Primary outcome for Phase III: Proportion of patients without progression in severity of pulmonary disease, defined as worsening of 2 points in the ordinal scale of WHO by day 14.\nSecondary outcomes for Phase III: Decreased viral load on nasopharyngeal swab at days 6, 9 and 14; Decreased viremia at days 6 and 9; Increased antibody titer against SARS-CoV2 at days 30 and 60; Proportion of patients with negative of SARS-CoV2 nasopharyngeal swab at day 30; Length of hospital stay; Mortality rate at day 28; Total plasma related adverse event (day 60); Total non-plasma related adverse events (day 60); Severe adverse events (SAE) (day 60).\nTreatment allocation is randomized with a ratio 1:1 in both phase II and phase III.\nRandomization sequences will be generated at Fondazione Policlinico Gemelli IRCCS through the RedCap web application.\nRandomized stratification is performed according to age (under/over 80 years), and sex.\nBLINDING (MASKING) : None, this is an open-label trial.\nNUMBERS TO BE RANDOMISED (SAMPLE SIZE) :\nPhase II: 114 patients (57 per arm).\nPhase III: 182 patients (91 per arm) TRIAL STATUS: The trial recruitment started on May 27, 2020.\nThe anticipated date of recruitment completion is April 30, 2021.\nThe protocol version is 2 (May 10, 2020).\nTRIAL REGISTRATION : The trial has been registered on ClinicalTrials.gov (May 5, 2020).\nThe Identifier number is NCT04374526 FULL PROTOCOL: The full protocol is attached as an additional file, accessible from the Trials website (Additional file 1).\nIn the interest in expediting dissemination of this material, the familiar formatting has been eliminated; this Letter serves as a summary of the key elements of the full protocol.\n", "Evidence Map": {"Enrollment": [{"term": "older", "negation": "affirmed", "UMLS": {}, "start": 46, "end": 51}, {"term": "COVID-19", "negation": "affirmed", "UMLS": {}, "start": 66, "end": 74}, {"term": "elderly COVID-19 pneumonia", "negation": "affirmed", "UMLS": {}, "start": 126, "end": 152}, {"term": "Adult", "negation": "affirmed", "UMLS": {}, "start": 0, "end": 5}, {"term": "confirmed or suspected COVID-19", "negation": "affirmed", "UMLS": {}, "start": 20, "end": 51}, {"term": "at risk", "negation": "affirmed", "UMLS": {}, "start": 60, "end": 67}, {"term": "pneumonia", "negation": "affirmed", "UMLS": {}, "start": 54, "end": 63}, {"term": "one or more", "negation": "affirmed", "UMLS": {}, "start": 113, "end": 124}, {"term": "pending cardiopulmonary arrest", "negation": "affirmed", "UMLS": {}, "start": 82, "end": 112}, {"term": "refusal to blood product transfusions", "negation": "affirmed", "UMLS": {}, "start": 115, "end": 152}, {"term": "severe IgA deficiency", "negation": "affirmed", "UMLS": {}, "start": 155, "end": 176}, {"term": "life-threatening comorbidity", "negation": "affirmed", "UMLS": {}, "start": 183, "end": 211}, {"term": "condition", "negation": "affirmed", "UMLS": {}, "start": 233, "end": 242}], "Comparison Results": [], "Study Arm 1 Results": [], "Study Arm 2 Results": [], "Hypothesis": []}, "Sentence-level breakdown": [{"Section": "TITLE", "Text": "\" Early transfusion of convalescent plasma in older patients with COVID-19 to prevent disease progression : A structured summary of a study protocol for a randomised controlled trial \" .", "Evidence Elements": {"Participant": [{"term": "older", "negation": "affirmed", "UMLS": {}, "start": 46, "end": 51}, {"term": "COVID-19", "negation": "affirmed", "UMLS": {}, "start": 66, "end": 74}], "Intervention": [{"term": "Early transfusion of convalescent plasma", "negation": "affirmed", "UMLS": {}, "start": 2, "end": 42, "has_procedure": [{"text": "early transfusion", "maps_to": "C0005841:transfusion", "start": 0, "end": 17}], "has_relation": "N/A"}], "Outcome": [{"term": "disease progression", "negation": "affirmed", "UMLS": {}, "start": 86, "end": 105}], "Observation": [{"term": "prevent", "negation": "affirmed", "UMLS": {}, "start": 78, "end": 85}], "Count": []}, "Evidence Propositions": []}, {"Section": "OBJECTIVES", "Text": "The primary objective is to demonstrate that COVID-19 convalescent plasma ( CCP ) prevents progression to severe pneumonia in elderly COVID-19 pneumonia patients with chronic comorbidities .", "Evidence Elements": {"Participant": [{"term": "elderly COVID-19 pneumonia", "negation": "affirmed", "UMLS": {}, "start": 126, "end": 152}], "Intervention": [{"term": "COVID-19 convalescent plasma ( CCP )", "negation": "affirmed", "UMLS": {}, "start": 45, "end": 81, "has_relation": "N/A"}], "Outcome": [{"term": "progression to severe pneumonia", "negation": "affirmed", "UMLS": {}, "start": 91, "end": 122}], "Observation": [{"term": "prevents", "negation": "affirmed", "UMLS": {}, "start": 82, "end": 90}], "Count": []}, "Evidence Propositions": []}, {"Section": "OBJECTIVES", "Text": "Secondary objectives are to demonstrate that CCP decreases the viral load in nasopharyngeal swabs and increases the anti-SARS-CoV-2 antibody titre in recipients .", "Evidence Elements": {"Participant": [], "Intervention": [{"term": "CCP", "negation": "affirmed", "UMLS": {}, "start": 45, "end": 48, "has_relation": "N/A"}], "Outcome": [{"term": "viral load", "negation": "affirmed", "UMLS": {}, "start": 63, "end": 73}, {"term": "anti-SARS-CoV-2 antibody titre", "negation": "affirmed", "UMLS": {}, "start": 116, "end": 146}], "Observation": [{"term": "decreases", "negation": "affirmed", "UMLS": {}, "start": 49, "end": 58}, {"term": "increases", "negation": "affirmed", "UMLS": {}, "start": 102, "end": 111}], "Count": []}, "Evidence Propositions": []}, {"Section": "UNKNOWN", "Text": "TRIAL DESIGN : This is a randomized , open-label , parallel group , phase II / III study with a superiority framework .", "Evidence Elements": {"Participant": [], "Intervention": [], "Outcome": [], "Observation": [], "Count": []}, "Evidence Propositions": []}, {"Section": "UNKNOWN", "Text": "The trial starts with a screening phase II designed with two-tailed alpha=0.2 .", "Evidence Elements": {"Participant": [], "Intervention": [], "Outcome": [], "Observation": [], "Count": []}, "Evidence Propositions": []}, {"Section": "UNKNOWN", "Text": "In case of positive results , the trial will proceed in a formally comparative phase III ( alpha=0.05 ) .", "Evidence Elements": {"Participant": [], "Intervention": [], "Outcome": [], "Observation": [], "Count": []}, "Evidence Propositions": []}, {"Section": "PARTICIPANTS", "Text": "Adult patients with confirmed or suspected COVID-19 who are at risk according to CDC definition are eligible .", "Evidence Elements": {"Participant": [{"term": "Adult", "negation": "affirmed", "UMLS": {}, "start": 0, "end": 5}, {"term": "confirmed or suspected COVID-19", "negation": "affirmed", "UMLS": {}, "start": 20, "end": 51}, {"term": "at risk", "negation": "affirmed", "UMLS": {}, "start": 60, "end": 67}], "Intervention": [], "Outcome": [], "Observation": [], "Count": []}, "Evidence Propositions": []}, {"Section": "PARTICIPANTS", "Text": "Inclusion criteria are all the following : age \u2265 65 ; pneumonia at CT scan ; PaO2 / FiO2 \u2265300 mmHg ; presence of one or more comorbidities ; signed informed consent .", "Evidence Elements": {"Participant": [{"term": "pneumonia", "negation": "affirmed", "UMLS": {}, "start": 54, "end": 63}, {"term": "one or more", "negation": "affirmed", "UMLS": {}, "start": 113, "end": 124}], "Intervention": [], "Outcome": [], "Observation": [], "Count": []}, "Evidence Propositions": []}, {"Section": "PARTICIPANTS", "Text": "Exclusion criteria are one of the following : age < 65 ; PaO2 / FiO2 < 300 mmHg ; pending cardiopulmonary arrest ; refusal to blood product transfusions ; severe IgA deficiency ; any life-threatening comorbidity or any other medical condition which , in the opinion of the investigator , makes the patient unsuitable for inclusion .", "Evidence Elements": {"Participant": [{"term": "pending cardiopulmonary arrest", "negation": "affirmed", "UMLS": {}, "start": 82, "end": 112}, {"term": "refusal to blood product transfusions", "negation": "affirmed", "UMLS": {}, "start": 115, "end": 152}, {"term": "severe IgA deficiency", "negation": "affirmed", "UMLS": {}, "start": 155, "end": 176}, {"term": "life-threatening comorbidity", "negation": "affirmed", "UMLS": {}, "start": 183, "end": 211}, {"term": "condition", "negation": "affirmed", "UMLS": {}, "start": 233, "end": 242}], "Intervention": [], "Outcome": [], "Observation": [], "Count": []}, "Evidence Propositions": []}, {"Section": "PARTICIPANTS", "Text": "The trial is being conducted at three reference COVID-19 centres in the middle of Italy .", "Evidence Elements": {"Participant": [], "Intervention": [], "Outcome": [], "Observation": [], "Count": []}, "Evidence Propositions": []}, {"Section": "UNKNOWN", "Text": "INTERVENTION AND COMPARATOR : Intervention : COVID-19 Convalescent Plasma ( CCP ) in addition to standard therapy .", "Evidence Elements": {"Participant": [], "Intervention": [{"term": "Convalescent Plasma ( CCP ) in addition", "negation": "affirmed", "UMLS": {}, "start": 54, "end": 93, "has_relation": "N/A"}], "Outcome": [], "Observation": [], "Count": []}, "Evidence Propositions": []}, {"Section": "UNKNOWN", "Text": "Patients receive three doses ( 200 ml / day on 3 consecutive days ) of ABO matched CCP .", "Evidence Elements": {"Participant": [], "Intervention": [{"term": "three doses", "negation": "affirmed", "UMLS": {}, "start": 17, "end": 28, "has_relation": "N/A"}, {"term": ") of ABO", "negation": "affirmed", "UMLS": {}, "start": 66, "end": 74, "has_relation": "N/A"}], "Outcome": [], "Observation": [], "Count": []}, "Evidence Propositions": []}, {"Section": "UNKNOWN", "Text": "Comparator : Standard therapy MAIN OUTCOMES : A . Primary outcome for Phase II : Proportion of patients without progression in severity of pulmonary disease , defined as worsening of 2 points in the ordinal scale of WHO by day 14 .", "Evidence Elements": {"Participant": [], "Intervention": [{"term": "Standard therapy", "negation": "affirmed", "UMLS": {}, "start": 13, "end": 29, "has_procedure": [{"text": "standard therapy", "maps_to": "C2936643:standard therapy", "start": 0, "end": 16}], "has_relation": "N/A"}], "Outcome": [{"term": "Proportion of patients without progression in severity of pulmonary disease", "negation": "affirmed", "UMLS": {}, "start": 81, "end": 156}, {"term": "worsening of 2 points in the ordinal scale", "negation": "negated", "UMLS": {}, "start": 170, "end": 212}], "Observation": [], "Count": []}, "Evidence Propositions": []}, {"Section": "UNKNOWN", "Text": "B . Primary outcome for Phase III : Proportion of patients without progression in severity of pulmonary disease , defined as worsening of 2 points in the ordinal scale of WHO by day 14 .", "Evidence Elements": {"Participant": [], "Intervention": [], "Outcome": [{"term": "Proportion of patients without progression in severity of pulmonary disease", "negation": "affirmed", "UMLS": {}, "start": 36, "end": 111}, {"term": "worsening of 2 points in the ordinal scale of WHO", "negation": "affirmed", "UMLS": {}, "start": 125, "end": 174}], "Observation": [], "Count": []}, "Evidence Propositions": []}, {"Section": "UNKNOWN", "Text": "Secondary outcomes for Phase III : Decreased viral load on nasopharyngeal swab at days 6 , 9 and 14 ; Decreased viremia at days 6 and 9 ; Increased antibody titer against SARS-CoV2 at days 30 and 60 ; Proportion of patients with negative of SARS-CoV2 nasopharyngeal swab at day 30 ; Length of hospital stay ; Mortality rate at day 28 ; Total plasma related adverse event ( day 60 ) ; Total non-plasma related adverse events ( day 60 ) ; Severe adverse events ( SAE ) ( day 60 ) .", "Evidence Elements": {"Participant": [], "Intervention": [], "Outcome": [{"term": "viral load on nasopharyngeal swab", "negation": "affirmed", "UMLS": {}, "start": 45, "end": 78}, {"term": "viremia", "negation": "affirmed", "UMLS": {}, "start": 112, "end": 119}, {"term": "antibody titer against SARS-CoV2", "negation": "affirmed", "UMLS": {}, "start": 148, "end": 180}, {"term": "Proportion of patients with negative of SARS-CoV2 nasopharyngeal swab at day 30", "negation": "affirmed", "UMLS": {}, "start": 201, "end": 280}, {"term": "Length of hospital stay", "negation": "affirmed", "UMLS": {}, "start": 283, "end": 306}, {"term": "Mortality rate at day 28", "negation": "affirmed", "UMLS": {}, "start": 309, "end": 333}, {"term": "Total plasma related adverse event ( day 60 )", "negation": "affirmed", "UMLS": {}, "start": 336, "end": 381}, {"term": "Total non-plasma", "negation": "affirmed", "UMLS": {}, "start": 384, "end": 400}], "Observation": [{"term": "Decreased", "negation": "affirmed", "UMLS": {}, "start": 35, "end": 44}, {"term": "Decreased", "negation": "affirmed", "UMLS": {}, "start": 35, "end": 44}, {"term": "Increased", "negation": "affirmed", "UMLS": {}, "start": 138, "end": 147}], "Count": []}, "Evidence Propositions": []}, {"Section": "RANDOMISATION", "Text": "Treatment allocation is randomized with a ratio 1:1 in both phase II and phase III .", "Evidence Elements": {"Participant": [], "Intervention": [], "Outcome": [], "Observation": [], "Count": []}, "Evidence Propositions": []}, {"Section": "RANDOMISATION", "Text": "Randomization sequences will be generated at Fondazione Policlinico Gemelli IRCCS through the RedCap web application .", "Evidence Elements": {"Participant": [], "Intervention": [], "Outcome": [], "Observation": [], "Count": []}, "Evidence Propositions": []}, {"Section": "RANDOMISATION", "Text": "Randomized stratification is performed according to age ( under / over 80 years ) , and sex .", "Evidence Elements": {"Participant": [], "Intervention": [], "Outcome": [], "Observation": [], "Count": []}, "Evidence Propositions": []}, {"Section": "UNKNOWN", "Text": "BLINDING ( MASKING ) : None , this is an open-label trial .", "Evidence Elements": {"Participant": [], "Intervention": [], "Outcome": [], "Observation": [], "Count": []}, "Evidence Propositions": []}, {"Section": "UNKNOWN", "Text": "NUMBERS TO BE RANDOMISED ( SAMPLE SIZE ) :", "Evidence Elements": {"Participant": [], "Intervention": [], "Outcome": [], "Observation": [], "Count": []}, "Evidence Propositions": []}, {"Section": "UNKNOWN", "Text": "Phase II : 114 patients ( 57 per arm ) .", "Evidence Elements": {"Participant": [], "Intervention": [], "Outcome": [], "Observation": [], "Count": []}, "Evidence Propositions": []}, {"Section": "UNKNOWN", "Text": "Phase III : 182 patients ( 91 per arm ) TRIAL STATUS : The trial recruitment started on May 27 , 2020 .", "Evidence Elements": {"Participant": [], "Intervention": [], "Outcome": [], "Observation": [], "Count": []}, "Evidence Propositions": []}, {"Section": "UNKNOWN", "Text": "The anticipated date of recruitment completion is April 30, 2021 .", "Evidence Elements": {"Participant": [], "Intervention": [], "Outcome": [], "Observation": [], "Count": []}, "Evidence Propositions": []}, {"Section": "UNKNOWN", "Text": "The protocol version is 2 ( May 10 , 2020 ) .", "Evidence Elements": {"Participant": [], "Intervention": [], "Outcome": [], "Observation": [], "Count": []}, "Evidence Propositions": []}, {"Section": "UNKNOWN", "Text": "TRIAL REGISTRATION : The trial has been registered on ClinicalTrials.gov ( May 5 , 2020 ) .", "Evidence Elements": {"Participant": [], "Intervention": [], "Outcome": [], "Observation": [], "Count": []}, "Evidence Propositions": []}, {"Section": "UNKNOWN", "Text": "The Identifier number is NCT04374526 FULL PROTOCOL : The full protocol is attached as an additional file , accessible from the Trials website ( Additional file 1 ) .", "Evidence Elements": {"Participant": [], "Intervention": [], "Outcome": [], "Observation": [], "Count": []}, "Evidence Propositions": []}, {"Section": "UNKNOWN", "Text": "In the interest in expediting dissemination of this material , the familiar formatting has been eliminated ; this Letter serves as a summary of the key elements of the full protocol .", "Evidence Elements": {"Participant": [], "Intervention": [], "Outcome": [], "Observation": [], "Count": []}, "Evidence Propositions": []}]}