{"doc_id": "33119613", "type of study": "Therapy", "title": "", "abstract": "Effect of disease duration in a randomized Phase III trial of rintatolimod, an immune modulator for Myalgic Encephalomyelitis/Chronic Fatigue Syndrome.\nRintatolimod is a selective TLR3 agonist, which has demonstrated clinical activity for ME/CFS in Phase II and Phase III double-blind, placebo-controlled, randomized, multi-site clinical trials.\nMETHODS AND FINDINGS : A hypothesis-based post-hoc analysis of the Intent to Treat (ITT) population diagnosed with ME/CFS from 12 independent clinical sites of a Phase III trial was performed to evaluate the effect of rintatolimod therapy based on disease duration.\nThe clinical activity of rintatolimod was evaluated by exercise treadmill tolerance (ETT) using a modified Bruce protocol.\nThe ITT population (n = 208) was divided into two subsets of symptom duration.\nPatients with symptom duration of 2-8 years were identified as the Target Subset (n = 75); the remainder (<2 year plus >8 year) were identified as the Non-Target Subset (n = 133).\nPlacebo-adjusted percentage improvements in exercise duration and the vertical rise for the Target Subset (n = 75) were more than twice that of the ITT population.\nThe Non-Target Subset (n = 133) failed to show any clinically significant ETT response to rintatolimod when compared to placebo.\nWithin the Target Subset, 51.2% of rintatolimod-treated patients improved their exercise duration by \u226525% (p = 0.003) despite reduced statistical power from division of the original ITT population into two subsets.\nCONCLUSION/SIGNIFICANCE : Analysis of ETT from a Phase III trial has identified within the ITT population, a subset of ME/CFS patients with \u22652 fold increased exercise response to rintatolimod.\nSubstantial improvement in physical performance was seen for the majority (51.2%) of these severely debilitated patients who improved exercise duration by \u226525%.\nThis magnitude of exercise improvement was associated with clinically significant enhancements in quality of life.\nThe data indicate that ME/CFS patients have a relatively short disease duration window (<8 years) to expect a significant response to rintatolimod under the dosing conditions utilized in this Phase III clinical trial.\nThese results may have direct relevance to the cognitive impairment and fatigue being experienced by patients clinically recovered from COVID-19 and free of detectable SARS-CoV-2.\nTRIAL REGISTRATION : ClinicalTrials.gov: NCT00215800.\n", "Evidence Map": {"Enrollment": [{"term": "Chronic Fatigue", "negation": "affirmed", "UMLS": {}, "start": 129, "end": 144}, {"term": "CFS", "negation": "affirmed", "UMLS": {}, "start": 122, "end": 125}, {"term": "symptom duration of 2-8 years", "negation": "affirmed", "UMLS": {}, "start": 14, "end": 43}, {"term": "CFS", "negation": "affirmed", "UMLS": {}, "start": 127, "end": 130}, {"term": "fold increased", "negation": "affirmed", "UMLS": {}, "start": 148, "end": 162}, {"term": "severely debilitated", "negation": "affirmed", "UMLS": {}, "start": 94, "end": 114}, {"term": "detectable", "negation": "negated", "UMLS": {}, "start": 157, "end": 167}], "Comparison Results": [], "Study Arm 1 Results": [], "Study Arm 2 Results": [], "Hypothesis": []}, "Sentence-level breakdown": [{"Section": "TITLE", "Text": "Effect of disease duration in a randomized Phase III trial of rintatolimod , an immune modulator for Myalgic Encephalomyelitis / Chronic Fatigue Syndrome .", "Evidence Elements": {"Participant": [{"term": "Chronic Fatigue", "negation": "affirmed", "UMLS": {}, "start": 129, "end": 144}], "Intervention": [{"term": "disease duration", "negation": "affirmed", "UMLS": {}, "start": 10, "end": 26, "has_relation": "N/A"}, {"term": "rintatolimod", "negation": "affirmed", "UMLS": {}, "start": 62, "end": 74, "has_chemical": [{"text": "rintatolimod", "maps_to": "C1434913:rintatolimod", "start": 0, "end": 12}], "has_relation": "N/A"}], "Outcome": [], "Observation": [], "Count": []}, "Evidence Propositions": []}, {"Section": "BACKGROUND", "Text": "Rintatolimod is a selective TLR3 agonist , which has demonstrated clinical activity for ME / CFS in Phase II and Phase III double-blind , placebo-controlled , randomized , multi-site clinical trials .", "Evidence Elements": {"Participant": [], "Intervention": [], "Outcome": [], "Observation": [], "Count": []}, "Evidence Propositions": []}, {"Section": "UNKNOWN", "Text": "METHODS AND FINDINGS : A hypothesis-based post-hoc analysis of the Intent to Treat ( ITT ) population diagnosed with ME / CFS from 12 independent clinical sites of a Phase III trial was performed to evaluate the effect of rintatolimod therapy based on disease duration .", "Evidence Elements": {"Participant": [{"term": "CFS", "negation": "affirmed", "UMLS": {}, "start": 122, "end": 125}], "Intervention": [{"term": "rintatolimod therapy", "negation": "affirmed", "UMLS": {}, "start": 222, "end": 242, "has_procedure": [{"text": "rintatolimod therapy", "maps_to": "C0087111:therapy", "start": 0, "end": 20}], "has_relation": "N/A"}], "Outcome": [], "Observation": [], "Count": []}, "Evidence Propositions": []}, {"Section": "UNKNOWN", "Text": "The clinical activity of rintatolimod was evaluated by exercise treadmill tolerance ( ETT ) using a modified Bruce protocol .", "Evidence Elements": {"Participant": [], "Intervention": [{"term": "rintatolimod", "negation": "affirmed", "UMLS": {}, "start": 25, "end": 37, "has_chemical": [{"text": "rintatolimod", "maps_to": "C1434913:rintatolimod", "start": 0, "end": 12}], "has_relation": "N/A"}], "Outcome": [{"term": "clinical activity", "negation": "affirmed", "UMLS": {}, "start": 4, "end": 21}, {"term": "exercise treadmill tolerance ( ETT )", "negation": "affirmed", "UMLS": {}, "start": 55, "end": 91}], "Observation": [], "Count": []}, "Evidence Propositions": []}, {"Section": "UNKNOWN", "Text": "The ITT population ( n = 208 ) was divided into two subsets of symptom duration .", "Evidence Elements": {"Participant": [], "Intervention": [], "Outcome": [], "Observation": [], "Count": []}, "Evidence Propositions": []}, {"Section": "UNKNOWN", "Text": "Patients with symptom duration of 2-8 years were identified as the Target Subset ( n = 75 ) ; the remainder ( < 2 year plus > 8 year ) were identified as the Non-Target Subset ( n = 133 ) .", "Evidence Elements": {"Participant": [{"term": "symptom duration of 2-8 years", "negation": "affirmed", "UMLS": {}, "start": 14, "end": 43}], "Intervention": [], "Outcome": [], "Observation": [], "Count": []}, "Evidence Propositions": []}, {"Section": "UNKNOWN", "Text": "Placebo-adjusted percentage improvements in exercise duration and the vertical rise for the Target Subset ( n = 75 ) were more than twice that of the ITT population .", "Evidence Elements": {"Participant": [], "Intervention": [], "Outcome": [{"term": "Placebo-adjusted percentage improvements in exercise duration", "negation": "affirmed", "UMLS": {}, "start": 0, "end": 61}, {"term": "vertical rise", "negation": "affirmed", "UMLS": {}, "start": 70, "end": 83}], "Observation": [{"term": "more than twice", "negation": "affirmed", "UMLS": {}, "start": 122, "end": 137}], "Count": []}, "Evidence Propositions": [{"Intervention": [], "Observation": "more than twice", "Outcome": "Placebo-adjusted percentage improvements in exercise duration", "Count": ""}, {"Intervention": [], "Observation": "more than twice", "Outcome": "vertical rise", "Count": ""}]}, {"Section": "UNKNOWN", "Text": "The Non-Target Subset ( n = 133 ) failed to show any clinically significant ETT response to rintatolimod when compared to placebo .", "Evidence Elements": {"Participant": [], "Intervention": [{"term": "rintatolimod", "negation": "affirmed", "UMLS": {}, "start": 92, "end": 104, "has_chemical": [{"text": "rintatolimod", "maps_to": "C1434913:rintatolimod", "start": 0, "end": 12}], "has_relation": "N/A"}], "Outcome": [{"term": "ETT response", "negation": "affirmed", "UMLS": {}, "start": 76, "end": 88}], "Observation": [{"term": "clinically significant", "negation": "affirmed", "UMLS": {}, "start": 53, "end": 75}], "Count": []}, "Evidence Propositions": []}, {"Section": "UNKNOWN", "Text": "Within the Target Subset , 51.2 % of rintatolimod-treated patients improved their exercise duration by \u226525 % ( p = 0.003 ) despite reduced statistical power from division of the original ITT population into two subsets .", "Evidence Elements": {"Participant": [], "Intervention": [{"term": "rintatolimod-treated", "negation": "affirmed", "UMLS": {}, "start": 37, "end": 57, "has_chemical": [{"text": "rintatolimod", "maps_to": "C1434913:rintatolimod", "start": 0, "end": 12}], "has_relation": "N/A"}], "Outcome": [{"term": "exercise duration", "negation": "affirmed", "UMLS": {}, "start": 82, "end": 99}], "Observation": [{"term": "improved", "negation": "affirmed", "UMLS": {}, "start": 67, "end": 75}, {"term": "\u226525 %", "negation": "affirmed", "UMLS": {}, "start": 103, "end": 108}, {"term": "reduced", "negation": "affirmed", "UMLS": {}, "start": 131, "end": 138}], "Count": [{"term": "51.2 %", "negation": "affirmed", "UMLS": {}, "start": 27, "end": 33}]}, "Evidence Propositions": [{"Intervention": {"term": "rintatolimod-treated", "has_chemical": [{"text": "rintatolimod", "maps_to": "C1434913:rintatolimod", "start": 0, "end": 12}], "has_relation": "N/A"}, "Observation": "improved", "Outcome": "exercise duration", "Count": ""}]}, {"Section": "UNKNOWN", "Text": "CONCLUSION / SIGNIFICANCE : Analysis of ETT from a Phase III trial has identified within the ITT population , a subset of ME / CFS patients with \u22652 fold increased exercise response to rintatolimod .", "Evidence Elements": {"Participant": [{"term": "CFS", "negation": "affirmed", "UMLS": {}, "start": 127, "end": 130}, {"term": "fold increased", "negation": "affirmed", "UMLS": {}, "start": 148, "end": 162}], "Intervention": [{"term": "ETT", "negation": "affirmed", "UMLS": {}, "start": 40, "end": 43, "has_procedure": [{"text": "exercise", "maps_to": "C0452240:exercises", "start": 0, "end": 8}], "has_relation": "N/A"}], "Outcome": [{"term": "exercise response", "negation": "affirmed", "UMLS": {}, "start": 163, "end": 180}], "Observation": [], "Count": []}, "Evidence Propositions": []}, {"Section": "UNKNOWN", "Text": "Substantial improvement in physical performance was seen for the majority ( 51.2 % ) of these severely debilitated patients who improved exercise duration by \u226525 % .", "Evidence Elements": {"Participant": [{"term": "severely debilitated", "negation": "affirmed", "UMLS": {}, "start": 94, "end": 114}], "Intervention": [], "Outcome": [{"term": "physical performance", "negation": "affirmed", "UMLS": {}, "start": 27, "end": 47}, {"term": "exercise", "negation": "affirmed", "UMLS": {}, "start": 137, "end": 145}], "Observation": [{"term": "Substantial improvement", "negation": "affirmed", "UMLS": {}, "start": 0, "end": 23}, {"term": "improved", "negation": "affirmed", "UMLS": {}, "start": 128, "end": 136}], "Count": [{"term": "majority ( 51.2 % )", "negation": "affirmed", "UMLS": {}, "start": 65, "end": 84}]}, "Evidence Propositions": []}, {"Section": "UNKNOWN", "Text": "This magnitude of exercise improvement was associated with clinically significant enhancements in quality of life .", "Evidence Elements": {"Participant": [], "Intervention": [{"term": "magnitude of exercise improvement", "negation": "affirmed", "UMLS": {}, "start": 5, "end": 38, "has_procedure": [{"text": "exercise", "maps_to": "C0452240:exercises", "start": 13, "end": 21}], "has_relation": "N/A"}], "Outcome": [{"term": "quality of life", "negation": "affirmed", "UMLS": {}, "start": 98, "end": 113}], "Observation": [{"term": "clinically significant enhancements", "negation": "affirmed", "UMLS": {}, "start": 59, "end": 94}], "Count": []}, "Evidence Propositions": [{"Intervention": {"term": "magnitude of exercise improvement", "has_procedure": [{"text": "exercise", "maps_to": "C0452240:exercises", "start": 13, "end": 21}], "has_relation": "N/A"}, "Observation": "clinically significant enhancements", "Outcome": "quality of life", "Count": ""}]}, {"Section": "UNKNOWN", "Text": "The data indicate that ME / CFS patients have a relatively short disease duration window ( < 8 years ) to expect a significant response to rintatolimod under the dosing conditions utilized in this Phase III clinical trial .", "Evidence Elements": {"Participant": [], "Intervention": [{"term": "CFS", "negation": "affirmed", "UMLS": {}, "start": 28, "end": 31, "has_relation": "N/A"}, {"term": "rintatolimod", "negation": "affirmed", "UMLS": {}, "start": 139, "end": 151, "has_chemical": [{"text": "rintatolimod", "maps_to": "C1434913:rintatolimod", "start": 0, "end": 12}], "has_relation": "N/A"}], "Outcome": [{"term": "response", "negation": "affirmed", "UMLS": {}, "start": 127, "end": 135}], "Observation": [{"term": "relatively short", "negation": "affirmed", "UMLS": {}, "start": 48, "end": 64}, {"term": "significant", "negation": "affirmed", "UMLS": {}, "start": 115, "end": 126}], "Count": []}, "Evidence Propositions": []}, {"Section": "UNKNOWN", "Text": "These results may have direct relevance to the cognitive impairment and fatigue being experienced by patients clinically recovered from COVID-19 and free of detectable SARS-CoV-2 .", "Evidence Elements": {"Participant": [{"term": "detectable", "negation": "negated", "UMLS": {}, "start": 157, "end": 167}], "Intervention": [], "Outcome": [{"term": "fatigue", "negation": "affirmed", "UMLS": {}, "start": 72, "end": 79}], "Observation": [], "Count": []}, "Evidence Propositions": []}, {"Section": "UNKNOWN", "Text": "TRIAL REGISTRATION : ClinicalTrials.gov : NCT00215800 .", "Evidence Elements": {"Participant": [], "Intervention": [], "Outcome": [], "Observation": [], "Count": []}, "Evidence Propositions": []}]}