{"doc_id": "33115536", "type of study": "Therapy", "title": "", "abstract": "Numbers, graphs and words - do we really understand the lab test results accessible via the patient portals?\nThe heavy reliance on remote patient care (RPC) during the COVID-19 health crisis may have expedited the emergence of digital health tools that can contribute to safely and effectively moving the locus of care from the hospital to the community.\nUnderstanding how laypersons interpret the personal health information accessible to them via electronic patient records (EPRs) is crucial to healthcare planning and the design of services.\nYet we still know little about how the format in which personal medical information is presented in the EPR (numerically, verbally, or graphically) affects individuals' understanding of the information, their assessment of its gravity, and the course of action they choose in response.\nWe employed an online questionnaire to assess respondents' reactions to 10 medical decision-making scenarios, where the same information was presented using different formats.\nIn each scenario, respondents were presented with real (anonymized) patient lab results using either numeric expressions, graphs, or verbal expressions.\nParticipants were asked to assess the gravity of the hypothetical patient's condition and the course of action they would follow if they were that patient.\nThe questionnaire was distributed to more than 300 participants, of whom 225 submitted usable responses.\nLaypersons were more likely to overestimate the gravity of the information when it was presented either numerically or graphically compared to the narrative format.\nHigh perceived gravity was most likely to produce an inclination to actively seek medical attention, even when unwarranted. \"Don't know\" responses were most likely to produce an inclination to either search the Internet or wait for the doctor to call.\nPOLICY RECOMMENDATIONS : We discuss the study's implications for the effective design of lab results in the patient portals.\nWe suggest (1) that graphs, tables, and charts would be easier to interpret if coupled with a brief verbal explanation; (2) that highlighting an overall level of urgency may be more helpful than indicating a diversion from the norm; and (3) that statements of results should include the type of follow-up required.\n", "Evidence Map": {"Enrollment": [{"term": "Laypersons", "negation": "affirmed", "UMLS": {}, "start": 0, "end": 10}], "Comparison Results": [], "Study Arm 1 Results": [], "Study Arm 2 Results": [], "Hypothesis": []}, "Sentence-level breakdown": [{"Section": "TITLE", "Text": "Numbers , graphs and words-do we really understand the lab test results accessible via the patient portals ?", "Evidence Elements": {"Participant": [], "Intervention": [], "Outcome": [], "Observation": [], "Count": []}, "Evidence Propositions": []}, {"Section": "BACKGROUND", "Text": "The heavy reliance on remote patient care ( RPC ) during the COVID-19 health crisis may have expedited the emergence of digital health tools that can contribute to safely and effectively moving the locus of care from the hospital to the community .", "Evidence Elements": {"Participant": [], "Intervention": [], "Outcome": [], "Observation": [], "Count": []}, "Evidence Propositions": []}, {"Section": "BACKGROUND", "Text": "Understanding how laypersons interpret the personal health information accessible to them via electronic patient records ( EPRs ) is crucial to healthcare planning and the design of services .", "Evidence Elements": {"Participant": [], "Intervention": [], "Outcome": [], "Observation": [], "Count": []}, "Evidence Propositions": []}, {"Section": "BACKGROUND", "Text": "Yet we still know little about how the format in which personal medical information is presented in the EPR ( numerically , verbally , or graphically ) affects individuals ' understanding of the information , their assessment of its gravity , and the course of action they choose in response .", "Evidence Elements": {"Participant": [], "Intervention": [], "Outcome": [], "Observation": [], "Count": []}, "Evidence Propositions": []}, {"Section": "METHODS", "Text": "We employed an online questionnaire to assess respondents ' reactions to 10 medical decision-making scenarios , where the same information was presented using different formats .", "Evidence Elements": {"Participant": [], "Intervention": [], "Outcome": [{"term": "reactions", "negation": "affirmed", "UMLS": {}, "start": 60, "end": 69}, {"term": "decision-making scenarios", "negation": "affirmed", "UMLS": {}, "start": 84, "end": 109}], "Observation": [], "Count": []}, "Evidence Propositions": []}, {"Section": "METHODS", "Text": "In each scenario , respondents were presented with real ( anonymized ) patient lab results using either numeric expressions , graphs , or verbal expressions .", "Evidence Elements": {"Participant": [], "Intervention": [{"term": "real ( anonymized ) patient lab results", "negation": "affirmed", "UMLS": {}, "start": 51, "end": 90, "has_relation": "N/A"}], "Outcome": [], "Observation": [], "Count": []}, "Evidence Propositions": []}, {"Section": "METHODS", "Text": "Participants were asked to assess the gravity of the hypothetical patient 's condition and the course of action they would follow if they were that patient .", "Evidence Elements": {"Participant": [], "Intervention": [{"term": "hypothetical patient", "negation": "affirmed", "UMLS": {}, "start": 53, "end": 73, "has_relation": "N/A"}, {"term": "condition", "negation": "affirmed", "UMLS": {}, "start": 77, "end": 86, "has_relation": "N/A"}], "Outcome": [{"term": "gravity", "negation": "affirmed", "UMLS": {}, "start": 38, "end": 45}, {"term": "course of action", "negation": "affirmed", "UMLS": {}, "start": 95, "end": 111}], "Observation": [], "Count": []}, "Evidence Propositions": []}, {"Section": "METHODS", "Text": "The questionnaire was distributed to more than 300 participants , of whom 225 submitted usable responses .", "Evidence Elements": {"Participant": [], "Intervention": [], "Outcome": [], "Observation": [], "Count": []}, "Evidence Propositions": []}, {"Section": "RESULTS", "Text": "Laypersons were more likely to overestimate the gravity of the information when it was presented either numerically or graphically compared to the narrative format .", "Evidence Elements": {"Participant": [{"term": "Laypersons", "negation": "affirmed", "UMLS": {}, "start": 0, "end": 10}], "Intervention": [], "Outcome": [{"term": "gravity of the information", "negation": "affirmed", "UMLS": {}, "start": 48, "end": 74}], "Observation": [{"term": "more likely", "negation": "affirmed", "UMLS": {}, "start": 16, "end": 27}, {"term": "overestimate", "negation": "affirmed", "UMLS": {}, "start": 31, "end": 43}], "Count": []}, "Evidence Propositions": [{"Intervention": [], "Observation": "more likely", "Outcome": "gravity of the information", "Count": ""}]}, {"Section": "RESULTS", "Text": "High perceived gravity was most likely to produce an inclination to actively seek medical attention , even when unwarranted . \" Don't know \" responses were most likely to produce an inclination to either search the Internet or wait for the doctor to call .", "Evidence Elements": {"Participant": [], "Intervention": [{"term": "High perceived gravity", "negation": "affirmed", "UMLS": {}, "start": 0, "end": 22, "has_relation": "N/A"}], "Outcome": [{"term": "actively seek medical attention", "negation": "affirmed", "UMLS": {}, "start": 68, "end": 99}, {"term": "\" Don't know \" responses", "negation": "affirmed", "UMLS": {}, "start": 126, "end": 150}, {"term": "search the Internet", "negation": "affirmed", "UMLS": {}, "start": 204, "end": 223}, {"term": "wait for", "negation": "affirmed", "UMLS": {}, "start": 227, "end": 235}], "Observation": [{"term": "most likely", "negation": "affirmed", "UMLS": {}, "start": 27, "end": 38}, {"term": "inclination", "negation": "affirmed", "UMLS": {}, "start": 53, "end": 64}, {"term": "most likely", "negation": "affirmed", "UMLS": {}, "start": 27, "end": 38}, {"term": "inclination", "negation": "affirmed", "UMLS": {}, "start": 53, "end": 64}], "Count": []}, "Evidence Propositions": [{"Intervention": [{"term": "High perceived gravity", "has_relation": "N/A"}], "Observation": "most likely", "Outcome": "", "Count": ""}, {"Intervention": {"term": "High perceived gravity", "has_relation": "N/A"}, "Observation": "inclination", "Outcome": "actively seek medical attention", "Count": ""}, {"Intervention": [], "Observation": "most likely", "Outcome": "\" Don't know \" responses", "Count": ""}, {"Intervention": [], "Observation": "most likely", "Outcome": "search the Internet", "Count": ""}, {"Intervention": [], "Observation": "most likely", "Outcome": "wait for", "Count": ""}]}, {"Section": "UNKNOWN", "Text": "POLICY RECOMMENDATIONS : We discuss the study 's implications for the effective design of lab results in the patient portals .", "Evidence Elements": {"Participant": [], "Intervention": [], "Outcome": [], "Observation": [], "Count": []}, "Evidence Propositions": []}, {"Section": "UNKNOWN", "Text": "We suggest ( 1 ) that graphs , tables , and charts would be easier to interpret if coupled with a brief verbal explanation ; ( 2 ) that highlighting an overall level of urgency may be more helpful than indicating a diversion from the norm ; and ( 3 ) that statements of results should include the type of follow-up required .", "Evidence Elements": {"Participant": [], "Intervention": [{"term": "highlighting an overall level of urgency", "negation": "affirmed", "UMLS": {}, "start": 136, "end": 176, "has_relation": "N/A"}, {"term": "diversion from the norm", "negation": "affirmed", "UMLS": {}, "start": 215, "end": 238, "has_procedure": [{"text": "diversion", "maps_to": "C0185033:diversion", "start": 0, "end": 9}], "has_relation": "N/A"}], "Outcome": [], "Observation": [{"term": "easier", "negation": "affirmed", "UMLS": {}, "start": 60, "end": 66}, {"term": "more helpful", "negation": "affirmed", "UMLS": {}, "start": 184, "end": 196}], "Count": []}, "Evidence Propositions": [{"Intervention": [], "Observation": "easier", "Outcome": "", "Count": ""}, {"Intervention": [{"term": "highlighting an overall level of urgency", "has_relation": "N/A"}, {"term": "diversion from the norm", "has_procedure": [{"text": "diversion", "maps_to": "C0185033:diversion", "start": 0, "end": 9}], "has_relation": "N/A"}], "Observation": "more helpful", "Outcome": "", "Count": ""}]}]}