{"doc_id": "33143327", "type of study": "Therapy", "title": "", "abstract": "Comparative Study of the Restorative Effects of Forest and Urban Videos during COVID-19 Lockdown: Intrinsic and Benchmark Values.\nThe prolonged lockdown imposed to contain the COrona VIrus Disease 19 COVID-19 pandemic prevented many people from direct contact with nature and greenspaces, raising alarms for a possible worsening of mental health.\nThis study investigated the effectiveness of a simple and affordable remedy for improving psychological well-being, based on audio-visual stimuli brought by a short computer video showing forest environments, with an urban video as a control.\nRandomly selected participants were assigned the forest or urban video, to look at and listen to early in the morning, and questionnaires to fill out.\nIn particular, the State-Trait Anxiety Inventory (STAI) Form Y collected in baseline condition and at the end of the study and the Part II of the Sheehan Patient Rated Anxiety Scale (SPRAS) collected every day immediately before and after watching the video.\nThe virtual exposure to forest environments showed effective to reduce perceived anxiety levels in people forced by lockdown in limited spaces and environmental deprivation.\nAlthough significant, the effects were observed only in the short term, highlighting the limitation of the virtual experiences.\nThe reported effects might also represent a benchmark to disentangle the determinants of health effects due to real forest experiences, for example, the inhalation of biogenic volatile organic compounds (BVOC).\n", "Evidence Map": {"Enrollment": [{"term": "COVID-19 Lockdown", "negation": "affirmed", "UMLS": {}, "start": 79, "end": 96}, {"term": "lockdown in limited spaces", "negation": "affirmed", "UMLS": {}, "start": 116, "end": 142}, {"term": "environmental deprivation", "negation": "affirmed", "UMLS": {}, "start": 147, "end": 172}], "Comparison Results": [], "Study Arm 1 Results": [], "Study Arm 2 Results": [], "Hypothesis": []}, "Sentence-level breakdown": [{"Section": "TITLE", "Text": "Comparative Study of the Restorative Effects of Forest and Urban Videos during COVID-19 Lockdown : Intrinsic and Benchmark Values .", "Evidence Elements": {"Participant": [{"term": "COVID-19 Lockdown", "negation": "affirmed", "UMLS": {}, "start": 79, "end": 96}], "Intervention": [{"term": "Forest and Urban Videos", "negation": "affirmed", "UMLS": {}, "start": 48, "end": 71, "has_chemical": [{"text": "urban", "maps_to": "C0724128:urban", "start": 11, "end": 16}], "has_relation": "N/A"}], "Outcome": [{"term": "Restorative Effects", "negation": "affirmed", "UMLS": {}, "start": 25, "end": 44}], "Observation": [], "Count": []}, "Evidence Propositions": []}, {"Section": "UNKNOWN", "Text": "The prolonged lockdown imposed to contain the COrona VIrus Disease 19 COVID-19 pandemic prevented many people from direct contact with nature and greenspaces , raising alarms for a possible worsening of mental health .", "Evidence Elements": {"Participant": [], "Intervention": [], "Outcome": [], "Observation": [], "Count": []}, "Evidence Propositions": []}, {"Section": "UNKNOWN", "Text": "This study investigated the effectiveness of a simple and affordable remedy for improving psychological well-being , based on audio-visual stimuli brought by a short computer video showing forest environments , with an urban video as a control .", "Evidence Elements": {"Participant": [], "Intervention": [{"term": "simple and affordable remedy", "negation": "affirmed", "UMLS": {}, "start": 47, "end": 75, "has_chemical": [{"text": "simple", "maps_to": "C0723323:simplet", "start": 0, "end": 6}], "has_relation": "N/A"}, {"term": "urban video", "negation": "affirmed", "UMLS": {}, "start": 219, "end": 230, "has_chemical": [{"text": "urban", "maps_to": "C0724128:urban", "start": 0, "end": 5}], "has_relation": "N/A"}], "Outcome": [{"term": "psychological well-being", "negation": "affirmed", "UMLS": {}, "start": 90, "end": 114}], "Observation": [{"term": "improving", "negation": "affirmed", "UMLS": {}, "start": 80, "end": 89}], "Count": []}, "Evidence Propositions": []}, {"Section": "UNKNOWN", "Text": "Randomly selected participants were assigned the forest or urban video , to look at and listen to early in the morning , and questionnaires to fill out .", "Evidence Elements": {"Participant": [], "Intervention": [{"term": "forest or urban video", "negation": "affirmed", "UMLS": {}, "start": 49, "end": 70, "has_chemical": [{"text": "urban", "maps_to": "C0724128:urban", "start": 10, "end": 15}], "has_relation": "N/A"}], "Outcome": [], "Observation": [], "Count": []}, "Evidence Propositions": []}, {"Section": "UNKNOWN", "Text": "In particular , the State-Trait Anxiety Inventory ( STAI ) Form Y collected in baseline condition and at the end of the study and the Part II of the Sheehan Patient Rated Anxiety Scale ( SPRAS ) collected every day immediately before and after watching the video .", "Evidence Elements": {"Participant": [], "Intervention": [], "Outcome": [{"term": "State-Trait Anxiety Inventory ( STAI ) Form Y", "negation": "affirmed", "UMLS": {}, "start": 20, "end": 65}, {"term": "Sheehan Patient Rated Anxiety Scale ( SPRAS )", "negation": "affirmed", "UMLS": {}, "start": 149, "end": 194}], "Observation": [], "Count": []}, "Evidence Propositions": []}, {"Section": "UNKNOWN", "Text": "The virtual exposure to forest environments showed effective to reduce perceived anxiety levels in people forced by lockdown in limited spaces and environmental deprivation .", "Evidence Elements": {"Participant": [{"term": "lockdown in limited spaces", "negation": "affirmed", "UMLS": {}, "start": 116, "end": 142}, {"term": "environmental deprivation", "negation": "affirmed", "UMLS": {}, "start": 147, "end": 172}], "Intervention": [{"term": "virtual exposure to forest environments", "negation": "affirmed", "UMLS": {}, "start": 4, "end": 43, "has_procedure": [{"text": "virtual", "maps_to": "C1553497:virtual", "start": 0, "end": 7}], "has_relation": "N/A"}], "Outcome": [{"term": "perceived anxiety levels", "negation": "affirmed", "UMLS": {}, "start": 71, "end": 95}], "Observation": [{"term": "reduce", "negation": "affirmed", "UMLS": {}, "start": 64, "end": 70}], "Count": []}, "Evidence Propositions": []}, {"Section": "UNKNOWN", "Text": "Although significant , the effects were observed only in the short term , highlighting the limitation of the virtual experiences .", "Evidence Elements": {"Participant": [], "Intervention": [], "Outcome": [{"term": "effects", "negation": "affirmed", "UMLS": {}, "start": 27, "end": 34}], "Observation": [], "Count": []}, "Evidence Propositions": []}, {"Section": "UNKNOWN", "Text": "The reported effects might also represent a benchmark to disentangle the determinants of health effects due to real forest experiences , for example , the inhalation of biogenic volatile organic compounds ( BVOC ) .", "Evidence Elements": {"Participant": [], "Intervention": [], "Outcome": [], "Observation": [], "Count": []}, "Evidence Propositions": []}]}