{"doc_id": "33162198", "type of study": "Therapy", "title": "", "abstract": "Motivating social distancing during the COVID-19 pandemic: An online experiment.\nMaintaining social distance during the COVID-19 pandemic can save lives.\nWe therefore set out to test communication strategies to promote social distancing.\nWe aimed to test two novel public health messages against a control message.\nThe first was designed to exploit the \"identifiable victim\" effect by highlighting the risk of transmission to identifiable vulnerable persons.\nThe second sought to counteract intuitive underestimation of exponential transmission.\nIn total, 500 Irish adults undertook a pre-registered, online experiment.\nThey were randomly assigned to a control group or one of two treatment groups.\nThe control group viewed a current poster that encouraged a 2-m separation between people.\nThe two treatment groups saw posters of similar design, but with narrative messages describing how an individual had infected a specific vulnerable person or multiple other people.\nLater questions measured intentions to undertake three specific types of social interaction over the coming days and the stated acceptability of three other types of social interaction.\nPilot work had identified these six behaviors as \"marginal\" - people were unsure whether they were advisable.\nParticipants in the treatment conditions were more cautious about undertaking the behaviors and less accepting of them.\nThis positive effect occurred despite participants rating the treatment posters as likely to be less effective and memorable than the control poster.\nMessages that invoke thoughts of infecting vulnerable people or large numbers of people can motivate social distancing and, hence, help to limit the spread of COVID-19.\nStated public evaluations (obtained via focus groups or surveys) may underestimate the actual effectiveness of such emotional messages.\nCopyright \u00a9 2020 The Authors.\nPublished by Elsevier Ltd.. All rights reserved.\n", "Evidence Map": {"Enrollment": [{"term": "COVID-19 pandemic", "negation": "affirmed", "UMLS": {}, "start": 40, "end": 57}, {"term": "COVID-19", "negation": "affirmed", "UMLS": {}, "start": 39, "end": 47}], "Comparison Results": [], "Study Arm 1 Results": [], "Study Arm 2 Results": [], "Hypothesis": []}, "Sentence-level breakdown": [{"Section": "TITLE", "Text": "Motivating social distancing during the COVID-19 pandemic : An online experiment .", "Evidence Elements": {"Participant": [{"term": "COVID-19 pandemic", "negation": "affirmed", "UMLS": {}, "start": 40, "end": 57}], "Intervention": [], "Outcome": [{"term": "Motivating social distancing", "negation": "affirmed", "UMLS": {}, "start": 0, "end": 28}], "Observation": [], "Count": []}, "Evidence Propositions": []}, {"Section": "RATIONALE", "Text": "Maintaining social distance during the COVID-19 pandemic can save lives .", "Evidence Elements": {"Participant": [{"term": "COVID-19", "negation": "affirmed", "UMLS": {}, "start": 39, "end": 47}], "Intervention": [], "Outcome": [{"term": "Maintaining social distance", "negation": "affirmed", "UMLS": {}, "start": 0, "end": 27}, {"term": "lives", "negation": "affirmed", "UMLS": {}, "start": 66, "end": 71}], "Observation": [{"term": "save", "negation": "affirmed", "UMLS": {}, "start": 61, "end": 65}], "Count": []}, "Evidence Propositions": []}, {"Section": "RATIONALE", "Text": "We therefore set out to test communication strategies to promote social distancing .", "Evidence Elements": {"Participant": [], "Intervention": [{"term": "communication strategies", "negation": "affirmed", "UMLS": {}, "start": 29, "end": 53, "has_activity": [{"text": "communication", "maps_to": "C0009452:communication", "start": 0, "end": 13}], "has_relation": "N/A"}], "Outcome": [{"term": "social distancing", "negation": "affirmed", "UMLS": {}, "start": 65, "end": 82}], "Observation": [], "Count": []}, "Evidence Propositions": []}, {"Section": "OBJECTIVE", "Text": "We aimed to test two novel public health messages against a control message .", "Evidence Elements": {"Participant": [], "Intervention": [{"term": "public health messages", "negation": "affirmed", "UMLS": {}, "start": 27, "end": 49, "has_procedure": [{"text": "public health", "maps_to": "C0699943:public health", "start": 0, "end": 13}], "has_relation": "N/A"}, {"term": "control message", "negation": "affirmed", "UMLS": {}, "start": 60, "end": 75, "has_relation": "N/A"}], "Outcome": [], "Observation": [], "Count": []}, "Evidence Propositions": []}, {"Section": "OBJECTIVE", "Text": "The first was designed to exploit the \" identifiable victim \" effect by highlighting the risk of transmission to identifiable vulnerable persons .", "Evidence Elements": {"Participant": [], "Intervention": [], "Outcome": [], "Observation": [], "Count": []}, "Evidence Propositions": []}, {"Section": "OBJECTIVE", "Text": "The second sought to counteract intuitive underestimation of exponential transmission .", "Evidence Elements": {"Participant": [], "Intervention": [], "Outcome": [{"term": "of exponential transmission", "negation": "affirmed", "UMLS": {}, "start": 58, "end": 85}], "Observation": [], "Count": []}, "Evidence Propositions": []}, {"Section": "METHOD", "Text": "In total , 500 Irish adults undertook a pre-registered , online experiment .", "Evidence Elements": {"Participant": [], "Intervention": [], "Outcome": [], "Observation": [], "Count": []}, "Evidence Propositions": []}, {"Section": "METHOD", "Text": "They were randomly assigned to a control group or one of two treatment groups .", "Evidence Elements": {"Participant": [], "Intervention": [{"term": "control", "negation": "affirmed", "UMLS": {}, "start": 33, "end": 40, "has_relation": "N/A"}, {"term": "one of two treatment", "negation": "affirmed", "UMLS": {}, "start": 50, "end": 70, "has_procedure": [{"text": "treatment", "maps_to": "C0087111:treatment", "start": 11, "end": 20, "has_count": ["two"]}], "has_relation": "N/A"}], "Outcome": [], "Observation": [], "Count": []}, "Evidence Propositions": []}, {"Section": "METHOD", "Text": "The control group viewed a current poster that encouraged a 2-m separation between people .", "Evidence Elements": {"Participant": [], "Intervention": [{"term": "control", "negation": "affirmed", "UMLS": {}, "start": 4, "end": 11, "has_relation": "N/A"}, {"term": "current poster", "negation": "affirmed", "UMLS": {}, "start": 27, "end": 41, "has_relation": "N/A"}, {"term": "people", "negation": "affirmed", "UMLS": {}, "start": 83, "end": 89, "has_relation": "N/A"}], "Outcome": [{"term": "2-m separation", "negation": "affirmed", "UMLS": {}, "start": 60, "end": 74}], "Observation": [], "Count": []}, "Evidence Propositions": []}, {"Section": "METHOD", "Text": "The two treatment groups saw posters of similar design , but with narrative messages describing how an individual had infected a specific vulnerable person or multiple other people .", "Evidence Elements": {"Participant": [], "Intervention": [{"term": "two treatment", "negation": "affirmed", "UMLS": {}, "start": 4, "end": 17, "has_procedure": [{"text": "treatment", "maps_to": "C0087111:treatment", "start": 4, "end": 13, "has_count": ["two"]}], "has_relation": "N/A"}], "Outcome": [], "Observation": [], "Count": []}, "Evidence Propositions": []}, {"Section": "METHOD", "Text": "Later questions measured intentions to undertake three specific types of social interaction over the coming days and the stated acceptability of three other types of social interaction .", "Evidence Elements": {"Participant": [], "Intervention": [{"term": "other types of social interaction", "negation": "affirmed", "UMLS": {}, "start": 151, "end": 184, "has_relation": "N/A"}], "Outcome": [{"term": "intentions to undertake three specific types of social interaction", "negation": "affirmed", "UMLS": {}, "start": 25, "end": 91}, {"term": "stated acceptability", "negation": "affirmed", "UMLS": {}, "start": 121, "end": 141}], "Observation": [], "Count": []}, "Evidence Propositions": []}, {"Section": "METHOD", "Text": "Pilot work had identified these six behaviors as \" marginal \"-people were unsure whether they were advisable .", "Evidence Elements": {"Participant": [], "Intervention": [], "Outcome": [], "Observation": [], "Count": []}, "Evidence Propositions": []}, {"Section": "RESULTS", "Text": "Participants in the treatment conditions were more cautious about undertaking the behaviors and less accepting of them .", "Evidence Elements": {"Participant": [], "Intervention": [{"term": "treatment", "negation": "affirmed", "UMLS": {}, "start": 20, "end": 29, "has_procedure": [{"text": "treatment", "maps_to": "C0087111:treatment", "start": 0, "end": 9}], "has_relation": "N/A"}], "Outcome": [{"term": "undertaking the behaviors", "negation": "affirmed", "UMLS": {}, "start": 66, "end": 91}], "Observation": [{"term": "more cautious", "negation": "affirmed", "UMLS": {}, "start": 46, "end": 59}, {"term": "less accepting of them", "negation": "affirmed", "UMLS": {}, "start": 96, "end": 118}], "Count": []}, "Evidence Propositions": [{"Intervention": [{"term": "treatment", "has_procedure": [{"text": "treatment", "maps_to": "C0087111:treatment", "start": 0, "end": 9}], "has_relation": "N/A"}], "Observation": "more cautious", "Outcome": "undertaking the behaviors", "Count": ""}, {"Intervention": [{"term": "treatment", "has_procedure": [{"text": "treatment", "maps_to": "C0087111:treatment", "start": 0, "end": 9}], "has_relation": "N/A"}], "Observation": "less accepting of them", "Outcome": "", "Count": ""}]}, {"Section": "RESULTS", "Text": "This positive effect occurred despite participants rating the treatment posters as likely to be less effective and memorable than the control poster .", "Evidence Elements": {"Participant": [], "Intervention": [{"term": "treatment posters", "negation": "affirmed", "UMLS": {}, "start": 62, "end": 79, "has_procedure": [{"text": "treatment", "maps_to": "C0087111:treatment", "start": 0, "end": 9}], "has_relation": "N/A"}, {"term": "control poster", "negation": "affirmed", "UMLS": {}, "start": 134, "end": 148, "has_relation": "N/A"}], "Outcome": [{"term": "effect", "negation": "affirmed", "UMLS": {}, "start": 14, "end": 20}], "Observation": [{"term": "positive", "negation": "affirmed", "UMLS": {}, "start": 5, "end": 13}, {"term": "less effective", "negation": "affirmed", "UMLS": {}, "start": 96, "end": 110}, {"term": "memorable", "negation": "affirmed", "UMLS": {}, "start": 115, "end": 124}], "Count": []}, "Evidence Propositions": [{"Intervention": [{"term": "treatment posters", "has_procedure": [{"text": "treatment", "maps_to": "C0087111:treatment", "start": 0, "end": 9}], "has_relation": "N/A"}, {"term": "control poster", "has_relation": "N/A"}], "Observation": "less effective", "Outcome": "", "Count": ""}]}, {"Section": "CONCLUSIONS", "Text": "Messages that invoke thoughts of infecting vulnerable people or large numbers of people can motivate social distancing and , hence , help to limit the spread of COVID-19 .", "Evidence Elements": {"Participant": [], "Intervention": [], "Outcome": [], "Observation": [], "Count": []}, "Evidence Propositions": []}, {"Section": "CONCLUSIONS", "Text": "Stated public evaluations ( obtained via focus groups or surveys ) may underestimate the actual effectiveness of such emotional messages .", "Evidence Elements": {"Participant": [], "Intervention": [], "Outcome": [], "Observation": [], "Count": []}, "Evidence Propositions": []}, {"Section": "UNKNOWN", "Text": "Copyright \u00a9 2020 The Authors .", "Evidence Elements": {"Participant": [], "Intervention": [], "Outcome": [], "Observation": [], "Count": []}, "Evidence Propositions": []}, {"Section": "UNKNOWN", "Text": "Published by Elsevier Ltd . . All rights reserved .", "Evidence Elements": {"Participant": [], "Intervention": [], "Outcome": [], "Observation": [], "Count": []}, "Evidence Propositions": []}]}