{"doc_id": "33243284", "type of study": "Therapy", "title": "", "abstract": "Evaluating the efficacy and safety of the myrtle (Myrtus communis) in treatment and prognosis of patients suspected to novel coronavirus disease (COVID-19): study protocol for a randomized controlled trial.\nSince December 2019, the outbreak of coronavirus pneumonia was observed in China and quickly propagate in all of the world.\nNowadays, many trials are underway on this disease in which the efficacy of various therapeutic remedies including chemical or natural agents as well as different non-pharmacological methods such as acupuncture are evaluated.\nThis study aims at investigating the effect of M. communis fruit for treatment of COVID-19 disease.\nWe are performing an open-label randomized controlled trial on outpatients clinically suspected to COVID-19 disease in the age range of 18-65\u2009years old with mild to moderate symptoms and without respiratory distress.\nPatients in both groups (M. communis and control) receive conventional therapy, but those in M. communis group get M. communis preparation in addition to conventional therapy.\nIntervention will continue for 5\u2009days and the study outcomes including clinical status as well as mortality rate and adverse effects will be measured up to 14\u2009days.\nThe protocol describes the design of an ongoing randomized controlled trial to establish the evidence for the usage of water extract of M. communis fruit in clinically suspected COVID-19 disease and identify any safety concerns.\nTRIAL REGISTRATION : The trial has been registered at the Iranian Registry of Clinical Trials website under the code\u00a0IRCT20180923041093N3 on March 28th, 2020 ( https://www.irct.ir/trial/46721 ).\nThe results will be disseminated through manuscript publications and presentations to scientific meetings.\n", "Evidence Map": {"Enrollment": [{"term": "suspected to novel coronavirus disease ( COVID-19 )", "negation": "affirmed", "UMLS": {}, "start": 108, "end": 159}, {"term": "COVID-19 disease", "negation": "affirmed", "UMLS": {}, "start": 82, "end": 98}, {"term": "outpatients", "negation": "affirmed", "UMLS": {}, "start": 63, "end": 74}, {"term": "COVID-19 disease", "negation": "affirmed", "UMLS": {}, "start": 99, "end": 115}, {"term": "mild to moderate symptoms", "negation": "affirmed", "UMLS": {}, "start": 157, "end": 182}, {"term": "respiratory distress", "negation": "negated", "UMLS": {}, "start": 195, "end": 215}, {"term": "suspected COVID-19 disease", "negation": "affirmed", "UMLS": {}, "start": 168, "end": 194}], "Comparison Results": [], "Study Arm 1 Results": [], "Study Arm 2 Results": [], "Hypothesis": []}, "Sentence-level breakdown": [{"Section": "TITLE", "Text": "Evaluating the efficacy and safety of the myrtle ( Myrtus communis ) in treatment and prognosis of patients suspected to novel coronavirus disease ( COVID-19 ) : study protocol for a randomized controlled trial .", "Evidence Elements": {"Participant": [{"term": "suspected to novel coronavirus disease ( COVID-19 )", "negation": "affirmed", "UMLS": {}, "start": 108, "end": 159}], "Intervention": [{"term": "myrtle ( Myrtus communis )", "negation": "affirmed", "UMLS": {}, "start": 42, "end": 68, "has_relation": "N/A"}], "Outcome": [{"term": "efficacy", "negation": "affirmed", "UMLS": {}, "start": 15, "end": 23}, {"term": "safety", "negation": "affirmed", "UMLS": {}, "start": 28, "end": 34}, {"term": "treatment", "negation": "affirmed", "UMLS": {}, "start": 72, "end": 81}, {"term": "prognosis", "negation": "affirmed", "UMLS": {}, "start": 86, "end": 95}], "Observation": [], "Count": []}, "Evidence Propositions": []}, {"Section": "BACKGROUND", "Text": "Since December 2019 , the outbreak of coronavirus pneumonia was observed in China and quickly propagate in all of the world .", "Evidence Elements": {"Participant": [], "Intervention": [], "Outcome": [], "Observation": [], "Count": []}, "Evidence Propositions": []}, {"Section": "BACKGROUND", "Text": "Nowadays , many trials are underway on this disease in which the efficacy of various therapeutic remedies including chemical or natural agents as well as different non-pharmacological methods such as acupuncture are evaluated .", "Evidence Elements": {"Participant": [], "Intervention": [], "Outcome": [], "Observation": [], "Count": []}, "Evidence Propositions": []}, {"Section": "BACKGROUND", "Text": "This study aims at investigating the effect of M. communis fruit for treatment of COVID-19 disease .", "Evidence Elements": {"Participant": [{"term": "COVID-19 disease", "negation": "affirmed", "UMLS": {}, "start": 82, "end": 98}], "Intervention": [{"term": "M. communis fruit", "negation": "affirmed", "UMLS": {}, "start": 47, "end": 64, "has_relation": "N/A"}], "Outcome": [], "Observation": [], "Count": []}, "Evidence Propositions": []}, {"Section": "METHODS", "Text": "We are performing an open-label randomized controlled trial on outpatients clinically suspected to COVID-19 disease in the age range of 18-65 years old with mild to moderate symptoms and without respiratory distress .", "Evidence Elements": {"Participant": [{"term": "outpatients", "negation": "affirmed", "UMLS": {}, "start": 63, "end": 74}, {"term": "COVID-19 disease", "negation": "affirmed", "UMLS": {}, "start": 99, "end": 115}, {"term": "mild to moderate symptoms", "negation": "affirmed", "UMLS": {}, "start": 157, "end": 182}, {"term": "respiratory distress", "negation": "negated", "UMLS": {}, "start": 195, "end": 215}], "Intervention": [], "Outcome": [], "Observation": [], "Count": []}, "Evidence Propositions": []}, {"Section": "METHODS", "Text": "Patients in both groups ( M. communis and control ) receive conventional therapy , but those in M. communis group get M. communis preparation in addition to conventional therapy .", "Evidence Elements": {"Participant": [], "Intervention": [{"term": "both groups", "negation": "affirmed", "UMLS": {}, "start": 12, "end": 23, "has_relation": "N/A"}, {"term": "communis", "negation": "affirmed", "UMLS": {}, "start": 29, "end": 37, "has_relation": "N/A"}, {"term": "conventional therapy", "negation": "affirmed", "UMLS": {}, "start": 60, "end": 80, "has_procedure": [{"text": "conventional therapy", "maps_to": "C2945704:conventional therapy", "start": 0, "end": 20}], "has_relation": "N/A"}, {"term": "M. communis", "negation": "affirmed", "UMLS": {}, "start": 26, "end": 37, "has_relation": "N/A"}, {"term": "M. communis preparation in addition", "negation": "affirmed", "UMLS": {}, "start": 118, "end": 153, "has_chemical": [{"text": "m. communis preparation", "maps_to": "C0071888:h preparation", "start": 0, "end": 23}], "has_relation": "N/A"}], "Outcome": [], "Observation": [], "Count": []}, "Evidence Propositions": []}, {"Section": "METHODS", "Text": "Intervention will continue for 5 days and the study outcomes including clinical status as well as mortality rate and adverse effects will be measured up to 14 days .", "Evidence Elements": {"Participant": [], "Intervention": [], "Outcome": [{"term": "outcomes", "negation": "affirmed", "UMLS": {}, "start": 52, "end": 60}, {"term": "clinical status", "negation": "affirmed", "UMLS": {}, "start": 71, "end": 86}, {"term": "mortality rate", "negation": "affirmed", "UMLS": {}, "start": 98, "end": 112}, {"term": "adverse effects", "negation": "affirmed", "UMLS": {}, "start": 117, "end": 132}], "Observation": [], "Count": []}, "Evidence Propositions": []}, {"Section": "DISCUSSION", "Text": "The protocol describes the design of an ongoing randomized controlled trial to establish the evidence for the usage of water extract of M. communis fruit in clinically suspected COVID-19 disease and identify any safety concerns .", "Evidence Elements": {"Participant": [{"term": "suspected COVID-19 disease", "negation": "affirmed", "UMLS": {}, "start": 168, "end": 194}], "Intervention": [{"term": "water extract of M. communis fruit", "negation": "affirmed", "UMLS": {}, "start": 119, "end": 153, "has_chemical": [{"text": "water extract", "maps_to": "C1705851:extract", "start": 0, "end": 13}], "has_relation": "N/A"}], "Outcome": [{"term": "safety concerns", "negation": "affirmed", "UMLS": {}, "start": 212, "end": 227}], "Observation": [], "Count": []}, "Evidence Propositions": []}, {"Section": "UNKNOWN", "Text": "TRIAL REGISTRATION : The trial has been registered at the Iranian Registry of Clinical Trials website under the code IRCT20180923041093N3 on March 28th , 2020 ( https:/ / www . irct.ir / trial / 46721 ) .", "Evidence Elements": {"Participant": [], "Intervention": [], "Outcome": [], "Observation": [], "Count": []}, "Evidence Propositions": []}, {"Section": "UNKNOWN", "Text": "The results will be disseminated through manuscript publications and presentations to scientific meetings .", "Evidence Elements": {"Participant": [], "Intervention": [], "Outcome": [], "Observation": [], "Count": []}, "Evidence Propositions": []}]}