{"doc_id": "33245129", "type of study": "Therapy", "title": "", "abstract": "Tubaramure, a Food-Assisted Integrated Health and Nutrition Program, Reduces Child Wasting in Burundi: A Cluster-Randomized Controlled Intervention Trial.\nLittle is known about the impact of food-assisted maternal and child health programs (FA-MCHN) on child wasting.\nWe assessed the impact of Tubaramure, a FA-MCHN program in Burundi, on child (0 to 24\u00a0months) wasting and the differential impacts by socio-economic characteristics and age.\nThe program targeted women and their children during the first 1000 days and included 1) food rations, 2) strengthening and promotion of use of health services, and 3) behavior change communication (BCC).\nWe conducted a 4-arm, cluster-randomized, controlled trial (2010-2012).\nClusters were defined as \"collines\" (communities).\nImpact was estimated using repeated cross-sectional data (n = \u223c2620 children in each round).\nTreatment arms received household and individual (mother or child in the first 1000 days) food rations (corn-soy blend and micronutrient-fortified vegetable oil) from pregnancy to 24\u00a0months (T24 arm), from pregnancy to 18\u00a0months (T18), or from birth to 24\u00a0months (TNFP).\nAll beneficiaries received the same BCC for the first 1000 days.\nThe control arm received no rations or BCC.\nWasting (weight-for-length Z-score <2 SD) increased from baseline to follow-up in the control group (from 6.5% to 8%), but Tubaramure had a significant (P <\u00a00.05) protective effect on wasting [treatment arms combined, -3.3 percentage points (pp); T18, -4.5 pp] and on the weight-for-length z-score (treatment arms combined, +0.15; T24, +0.20; T18, +0.17).\nThe effects were limited to children whose mother and household head had no education, and who lived in the poorest households.\nThe largest effect was found in children 6 to 12\u00a0months of age: the group with the highest wasting prevalence.\nFA-MCHN programs in highly food-insecure regions can protect the most disadvantaged children from wasting.\nThese findings are particularly relevant in the context of the economic crisis due to the coronavirus disease 2019 pandemic, which is expected to dramatically increase child wasting.\n\u00a9 The Author(s) 2020.\nPublished by Oxford University Press on behalf of the American Society for Nutrition.\n", "Evidence Map": {"Enrollment": [{"term": "women", "negation": "affirmed", "UMLS": {}, "start": 21, "end": 26}, {"term": "children", "negation": "affirmed", "UMLS": {}, "start": 37, "end": 45}, {"term": "children", "negation": "affirmed", "UMLS": {}, "start": 28, "end": 36}, {"term": "poorest", "negation": "affirmed", "UMLS": {}, "start": 109, "end": 116}, {"term": "children 6 to", "negation": "affirmed", "UMLS": {}, "start": 32, "end": 45}, {"term": "most disadvantaged children", "negation": "affirmed", "UMLS": {}, "start": 65, "end": 92}], "Comparison Results": [], "Study Arm 1 Results": [], "Study Arm 2 Results": [], "Hypothesis": []}, "Sentence-level breakdown": [{"Section": "TITLE", "Text": "Tubaramure , a Food-Assisted Integrated Health and Nutrition Program , Reduces Child Wasting in Burundi : A Cluster-Randomized Controlled Intervention Trial .", "Evidence Elements": {"Participant": [], "Intervention": [{"term": "Tubaramure", "negation": "affirmed", "UMLS": {}, "start": 0, "end": 10, "has_relation": "N/A"}], "Outcome": [{"term": "Child Wasting", "negation": "affirmed", "UMLS": {}, "start": 79, "end": 92}, {"term": "Burundi", "negation": "affirmed", "UMLS": {}, "start": 96, "end": 103}], "Observation": [{"term": "Reduces", "negation": "affirmed", "UMLS": {}, "start": 71, "end": 78}], "Count": []}, "Evidence Propositions": []}, {"Section": "BACKGROUND", "Text": "Little is known about the impact of food-assisted maternal and child health programs ( FA-MCHN ) on child wasting .", "Evidence Elements": {"Participant": [], "Intervention": [], "Outcome": [], "Observation": [], "Count": []}, "Evidence Propositions": []}, {"Section": "OBJECTIVES", "Text": "We assessed the impact of Tubaramure , a FA-MCHN program in Burundi , on child ( 0 to 24 months ) wasting and the differential impacts by socio-economic characteristics and age .", "Evidence Elements": {"Participant": [], "Intervention": [{"term": "Tubaramure", "negation": "affirmed", "UMLS": {}, "start": 26, "end": 36, "has_relation": "N/A"}], "Outcome": [{"term": "child ( 0 to 24 months ) wasting", "negation": "affirmed", "UMLS": {}, "start": 73, "end": 105}], "Observation": [{"term": "differential impacts", "negation": "affirmed", "UMLS": {}, "start": 114, "end": 134}], "Count": []}, "Evidence Propositions": []}, {"Section": "OBJECTIVES", "Text": "The program targeted women and their children during the first 1000 days and included 1 ) food rations , 2 ) strengthening and promotion of use of health services , and 3 ) behavior change communication ( BCC ) .", "Evidence Elements": {"Participant": [{"term": "women", "negation": "affirmed", "UMLS": {}, "start": 21, "end": 26}, {"term": "children", "negation": "affirmed", "UMLS": {}, "start": 37, "end": 45}], "Intervention": [{"term": "food rations", "negation": "affirmed", "UMLS": {}, "start": 90, "end": 102, "has_chemical": [{"text": "food", "maps_to": "C3540798:food", "start": 0, "end": 4}], "has_relation": "N/A"}, {"term": "strengthening", "negation": "affirmed", "UMLS": {}, "start": 109, "end": 122, "has_relation": "N/A"}, {"term": "promotion of use of health services", "negation": "affirmed", "UMLS": {}, "start": 127, "end": 162, "has_procedure": [{"text": "health services", "maps_to": "C0018747:health services", "start": 20, "end": 35}], "has_activity": [{"text": "promotion", "maps_to": "C0033414:promotion", "start": 0, "end": 9}], "has_relation": "N/A"}], "Outcome": [], "Observation": [], "Count": []}, "Evidence Propositions": []}, {"Section": "METHODS", "Text": "We conducted a 4-arm , cluster-randomized , controlled trial ( 2010-2012 ) .", "Evidence Elements": {"Participant": [], "Intervention": [], "Outcome": [], "Observation": [], "Count": []}, "Evidence Propositions": []}, {"Section": "METHODS", "Text": "Clusters were defined as \" collines \" ( communities ) .", "Evidence Elements": {"Participant": [], "Intervention": [], "Outcome": [], "Observation": [], "Count": []}, "Evidence Propositions": []}, {"Section": "METHODS", "Text": "Impact was estimated using repeated cross-sectional data ( n = [UNK] children in each round ) .", "Evidence Elements": {"Participant": [], "Intervention": [], "Outcome": [{"term": "Impact", "negation": "affirmed", "UMLS": {}, "start": 0, "end": 6}], "Observation": [], "Count": []}, "Evidence Propositions": []}, {"Section": "METHODS", "Text": "Treatment arms received household and individual ( mother or child in the first 1000 days ) food rations ( corn-soy blend and micronutrient-fortified vegetable oil ) from pregnancy to 24 months ( T24 arm ) , from pregnancy to 18 months ( T18 ) , or from birth to 24 months ( TNFP ) .", "Evidence Elements": {"Participant": [], "Intervention": [{"term": "household and individual ( mother or child in the first", "negation": "affirmed", "UMLS": {}, "start": 24, "end": 79, "has_relation": "N/A"}, {"term": ") food rations ( corn-soy blend and micronutrient-fortified vegetable oil", "negation": "affirmed", "UMLS": {}, "start": 90, "end": 163, "has_chemical": [{"text": "food", "maps_to": "C3540798:food", "start": 0, "end": 4}, {"text": "corn soy", "maps_to": "C2756587:soy", "start": 13, "end": 21}, {"text": "micronutrient", "maps_to": "C0282575:micronutrients", "start": 32, "end": 45}, {"text": "vegetable oil", "maps_to": "C0042438:vegetable oil", "start": 56, "end": 69, "has_form": ["oil"]}], "has_relation": "N/A"}], "Outcome": [], "Observation": [], "Count": []}, "Evidence Propositions": []}, {"Section": "METHODS", "Text": "All beneficiaries received the same BCC for the first 1000 days .", "Evidence Elements": {"Participant": [], "Intervention": [], "Outcome": [], "Observation": [], "Count": []}, "Evidence Propositions": []}, {"Section": "METHODS", "Text": "The control arm received no rations or BCC .", "Evidence Elements": {"Participant": [], "Intervention": [{"term": "rations or BCC", "negation": "negated", "UMLS": {}, "start": 28, "end": 42, "has_activity": [{"text": "behavior change communication", "maps_to": "C0009452:communication", "start": 11, "end": 40}], "has_relation": "N/A"}], "Outcome": [], "Observation": [], "Count": []}, "Evidence Propositions": []}, {"Section": "RESULTS", "Text": "Wasting ( weight-for-length Z-score < 2 SD ) increased from baseline to follow-up in the control group ( from 6.5 % to 8 % ) , but Tubaramure had a significant ( P < 0.05 ) protective effect on wasting [ treatment arms combined , -3.3 percentage points ( pp ) ; T18 , -4.5 pp ] and on the weight-for-length z-score ( treatment arms combined , +0.15 ; T24 , +0.20 ; T18 , +0.17 ) .", "Evidence Elements": {"Participant": [], "Intervention": [{"term": "control", "negation": "affirmed", "UMLS": {}, "start": 89, "end": 96, "has_relation": "N/A"}, {"term": "Tubaramure", "negation": "affirmed", "UMLS": {}, "start": 131, "end": 141, "has_relation": "N/A"}], "Outcome": [{"term": "Wasting ( weight-for-length Z-score", "negation": "affirmed", "UMLS": {}, "start": 0, "end": 35}, {"term": "wasting", "negation": "affirmed", "UMLS": {}, "start": 194, "end": 201}], "Observation": [{"term": "increased", "negation": "affirmed", "UMLS": {}, "start": 45, "end": 54}, {"term": "from 6.5 % to 8 %", "negation": "affirmed", "UMLS": {}, "start": 105, "end": 122}, {"term": "significant ( P < 0.05 ) protective effect", "negation": "affirmed", "UMLS": {}, "start": 148, "end": 190}, {"term": "-3.3 percentage points ( pp )", "negation": "affirmed", "UMLS": {}, "start": 230, "end": 259}], "Count": []}, "Evidence Propositions": [{"Intervention": {"term": "control", "has_relation": "N/A"}, "Observation": "increased", "Outcome": "Wasting ( weight-for-length Z-score", "Count": ""}, {"Intervention": {"term": "control", "has_relation": "N/A"}, "Observation": "from 6.5 % to 8 %", "Outcome": "Wasting ( weight-for-length Z-score", "Count": ""}, {"Intervention": {"term": "Tubaramure", "has_relation": "N/A"}, "Observation": "significant ( P < 0.05 ) protective effect", "Outcome": "wasting", "Count": ""}, {"Intervention": {"term": "Tubaramure", "has_relation": "N/A"}, "Observation": "-3.3 percentage points ( pp )", "Outcome": "wasting", "Count": ""}]}, {"Section": "RESULTS", "Text": "The effects were limited to children whose mother and household head had no education , and who lived in the poorest households .", "Evidence Elements": {"Participant": [{"term": "children", "negation": "affirmed", "UMLS": {}, "start": 28, "end": 36}, {"term": "poorest", "negation": "affirmed", "UMLS": {}, "start": 109, "end": 116}], "Intervention": [], "Outcome": [], "Observation": [{"term": "limited", "negation": "affirmed", "UMLS": {}, "start": 17, "end": 24}], "Count": []}, "Evidence Propositions": []}, {"Section": "RESULTS", "Text": "The largest effect was found in children 6 to 12 months of age : the group with the highest wasting prevalence .", "Evidence Elements": {"Participant": [{"term": "children 6 to", "negation": "affirmed", "UMLS": {}, "start": 32, "end": 45}], "Intervention": [], "Outcome": [{"term": "effect", "negation": "affirmed", "UMLS": {}, "start": 12, "end": 18}, {"term": "wasting", "negation": "affirmed", "UMLS": {}, "start": 92, "end": 99}], "Observation": [{"term": "largest", "negation": "affirmed", "UMLS": {}, "start": 4, "end": 11}, {"term": "highest", "negation": "affirmed", "UMLS": {}, "start": 84, "end": 91}], "Count": []}, "Evidence Propositions": []}, {"Section": "CONCLUSIONS", "Text": "FA-MCHN programs in highly food-insecure regions can protect the most disadvantaged children from wasting .", "Evidence Elements": {"Participant": [{"term": "most disadvantaged children", "negation": "affirmed", "UMLS": {}, "start": 65, "end": 92}], "Intervention": [{"term": "FA-MCHN programs", "negation": "affirmed", "UMLS": {}, "start": 0, "end": 16, "has_relation": "N/A"}], "Outcome": [{"term": "wasting", "negation": "affirmed", "UMLS": {}, "start": 98, "end": 105}], "Observation": [{"term": "protect", "negation": "affirmed", "UMLS": {}, "start": 53, "end": 60}], "Count": []}, "Evidence Propositions": [{"Intervention": {"term": "FA-MCHN programs", "has_relation": "N/A"}, "Observation": "protect", "Outcome": "wasting", "Count": ""}]}, {"Section": "CONCLUSIONS", "Text": "These findings are particularly relevant in the context of the economic crisis due to the coronavirus disease 2019 pandemic , which is expected to dramatically increase child wasting .", "Evidence Elements": {"Participant": [], "Intervention": [], "Outcome": [], "Observation": [], "Count": []}, "Evidence Propositions": []}, {"Section": "UNKNOWN", "Text": "\u00a9 The Author (s ) 2020 .", "Evidence Elements": {"Participant": [], "Intervention": [], "Outcome": [], "Observation": [], "Count": []}, "Evidence Propositions": []}, {"Section": "UNKNOWN", "Text": "Published by Oxford University Press on behalf of the American Society for Nutrition .", "Evidence Elements": {"Participant": [], "Intervention": [], "Outcome": [], "Observation": [], "Count": []}, "Evidence Propositions": []}]}