{"doc_id": "33264337", "type of study": "Therapy", "title": "", "abstract": "A multicenter, randomized, open-label, controlled trial to evaluate the efficacy and tolerability of hydroxychloroquine and a retrospective study in adult patients with mild to moderate coronavirus disease 2019 (COVID-19).\nIn this study, we evaluated the efficacy of hydroxychloroquine (HCQ) against coronavirus disease 2019 (COVID-19) via a randomized controlled trial (RCT) and a retrospective study.\nSubjects admitted to 11 designated public hospitals in Taiwan between April 1 and May 31, 2020, with COVID-19 diagnosis confirmed by pharyngeal real-time RT-PCR for SARS-CoV-2, were randomized at a 2:1 ratio and stratified by mild or moderate illness.\nHCQ (400 mg twice for 1 d or HCQ 200 mg twice daily for 6 days) was administered.\nBoth the study and control group received standard of care (SOC).\nPharyngeal swabs and sputum were collected every other day.\nThe proportion and time to negative viral PCR were assessed on day 14.\nIn the retrospective study, medical records were reviewed for patients admitted before March 31, 2020.\nThere were 33 and 37 cases in the RCT and retrospective study, respectively.\nIn the RCT, the median times to negative rRT-PCR from randomization to hospital day 14 were 5 days (95% CI; 1, 9 days) and 10 days (95% CI; 2, 12 days) for the HCQ and SOC groups, respectively (p = 0.40).\nOn day 14, 81.0% (17/21) and 75.0% (9/12) of the subjects in the HCQ and SOC groups, respectively, had undetected virus (p = 0.36).\nIn the retrospective study, 12 (42.9%) in the HCQ group and 5 (55.6%) in the control group had negative rRT-PCR results on hospital day 14 (p = 0.70).\nNeither study demonstrated that HCQ shortened viral shedding in mild to moderate COVID-19 subjects.\n", "Evidence Map": {"Enrollment": [{"term": "adult", "negation": "affirmed", "UMLS": {}, "start": 152, "end": 157}, {"term": "mild to moderate coronavirus", "negation": "affirmed", "UMLS": {}, "start": 172, "end": 200}, {"term": "coronavirus disease 2019 ( COVID-19 )", "negation": "affirmed", "UMLS": {}, "start": 80, "end": 117}, {"term": "COVID-19 diagnosis", "negation": "affirmed", "UMLS": {}, "start": 103, "end": 121}, {"term": "SARS-CoV-2", "negation": "affirmed", "UMLS": {}, "start": 167, "end": 177}, {"term": "mild to moderate COVID-19", "negation": "affirmed", "UMLS": {}, "start": 64, "end": 89}], "Comparison Results": [], "Study Arm 1 Results": [], "Study Arm 2 Results": [], "Hypothesis": []}, "Sentence-level breakdown": [{"Section": "TITLE", "Text": "A multicenter , randomized , open-label , controlled trial to evaluate the efficacy and tolerability of hydroxychloroquine and a retrospective study in adult patients with mild to moderate coronavirus disease 2019 ( COVID-19 ) .", "Evidence Elements": {"Participant": [{"term": "adult", "negation": "affirmed", "UMLS": {}, "start": 152, "end": 157}, {"term": "mild to moderate coronavirus", "negation": "affirmed", "UMLS": {}, "start": 172, "end": 200}], "Intervention": [{"term": "hydroxychloroquine", "negation": "affirmed", "UMLS": {}, "start": 104, "end": 122, "has_chemical": [{"text": "hydroxychloroquine", "maps_to": "C0020336:hydroxychloroquine", "start": 0, "end": 18}], "has_relation": "N/A"}], "Outcome": [{"term": "efficacy", "negation": "affirmed", "UMLS": {}, "start": 75, "end": 83}, {"term": "tolerability", "negation": "affirmed", "UMLS": {}, "start": 88, "end": 100}], "Observation": [], "Count": []}, "Evidence Propositions": []}, {"Section": "OBJECTIVE", "Text": "In this study , we evaluated the efficacy of hydroxychloroquine ( HCQ ) against coronavirus disease 2019 ( COVID-19 ) via a randomized controlled trial ( RCT ) and a retrospective study .", "Evidence Elements": {"Participant": [{"term": "coronavirus disease 2019 ( COVID-19 )", "negation": "affirmed", "UMLS": {}, "start": 80, "end": 117}], "Intervention": [{"term": "hydroxychloroquine ( HCQ )", "negation": "affirmed", "UMLS": {}, "start": 45, "end": 71, "has_chemical": [{"text": "hydroxychloroquine", "maps_to": "C0020336:hydroxychloroquine", "start": 0, "end": 18}], "has_relation": "N/A"}], "Outcome": [], "Observation": [], "Count": []}, "Evidence Propositions": []}, {"Section": "METHODS", "Text": "Subjects admitted to 11 designated public hospitals in Taiwan between April 1 and May 31 , 2020 , with COVID-19 diagnosis confirmed by pharyngeal real-time RT-PCR for SARS-CoV-2 , were randomized at a 2:1 ratio and stratified by mild or moderate illness .", "Evidence Elements": {"Participant": [{"term": "COVID-19 diagnosis", "negation": "affirmed", "UMLS": {}, "start": 103, "end": 121}, {"term": "SARS-CoV-2", "negation": "affirmed", "UMLS": {}, "start": 167, "end": 177}], "Intervention": [], "Outcome": [], "Observation": [], "Count": []}, "Evidence Propositions": []}, {"Section": "METHODS", "Text": "HCQ ( 400 mg twice for 1 d or HCQ 200 mg twice daily for 6 days ) was administered .", "Evidence Elements": {"Participant": [], "Intervention": [{"term": "HCQ", "negation": "affirmed", "UMLS": {}, "start": 0, "end": 3, "has_chemical": [{"text": "hydroxychloroquine", "maps_to": "C0020336:hydroxychloroquine", "start": 0, "end": 18}], "has_relation": "N/A"}, {"term": "HCQ", "negation": "affirmed", "UMLS": {}, "start": 0, "end": 3, "has_chemical": [{"text": "hydroxychloroquine", "maps_to": "C0020336:hydroxychloroquine", "start": 0, "end": 18}], "has_relation": "N/A"}], "Outcome": [], "Observation": [], "Count": []}, "Evidence Propositions": []}, {"Section": "METHODS", "Text": "Both the study and control group received standard of care ( SOC ) .", "Evidence Elements": {"Participant": [], "Intervention": [{"term": "standard of care (", "negation": "affirmed", "UMLS": {}, "start": 42, "end": 60, "has_procedure": [{"text": "standard of care", "maps_to": "C2936643:standard of care", "start": 0, "end": 16}], "has_relation": "N/A"}], "Outcome": [], "Observation": [], "Count": []}, "Evidence Propositions": []}, {"Section": "METHODS", "Text": "Pharyngeal swabs and sputum were collected every other day .", "Evidence Elements": {"Participant": [], "Intervention": [], "Outcome": [{"term": "Pharyngeal swabs", "negation": "affirmed", "UMLS": {}, "start": 0, "end": 16}, {"term": "sputum", "negation": "affirmed", "UMLS": {}, "start": 21, "end": 27}], "Observation": [], "Count": []}, "Evidence Propositions": []}, {"Section": "METHODS", "Text": "The proportion and time to negative viral PCR were assessed on day 14 .", "Evidence Elements": {"Participant": [], "Intervention": [], "Outcome": [{"term": "proportion and time to negative viral PCR", "negation": "affirmed", "UMLS": {}, "start": 4, "end": 45}], "Observation": [], "Count": []}, "Evidence Propositions": []}, {"Section": "METHODS", "Text": "In the retrospective study , medical records were reviewed for patients admitted before March 31 , 2020 .", "Evidence Elements": {"Participant": [], "Intervention": [], "Outcome": [], "Observation": [], "Count": []}, "Evidence Propositions": []}, {"Section": "RESULTS", "Text": "There were 33 and 37 cases in the RCT and retrospective study , respectively .", "Evidence Elements": {"Participant": [], "Intervention": [], "Outcome": [], "Observation": [], "Count": []}, "Evidence Propositions": []}, {"Section": "RESULTS", "Text": "In the RCT , the median times to negative rRT-PCR from randomization to hospital day 14 were 5 days ( 95 % CI ; 1,9 days ) and 10 days ( 95 % CI ; 2,12 days ) for the HCQ and SOC groups , respectively ( p=0.40 ) .", "Evidence Elements": {"Participant": [], "Intervention": [{"term": "HCQ", "negation": "affirmed", "UMLS": {}, "start": 167, "end": 170, "has_chemical": [{"text": "hydroxychloroquine", "maps_to": "C0020336:hydroxychloroquine", "start": 0, "end": 18}], "has_relation": "N/A"}], "Outcome": [{"term": "median times to negative rRT-PCR from randomization to hospital day 14", "negation": "affirmed", "UMLS": {}, "start": 17, "end": 87}], "Observation": [{"term": "5 days", "negation": "affirmed", "UMLS": {}, "start": 93, "end": 99}, {"term": "10 days", "negation": "affirmed", "UMLS": {}, "start": 127, "end": 134}], "Count": []}, "Evidence Propositions": [{"Intervention": {"term": "HCQ", "has_chemical": [{"text": "hydroxychloroquine", "maps_to": "C0020336:hydroxychloroquine", "start": 0, "end": 18}], "has_relation": "N/A"}, "Observation": "5 days", "Outcome": "median times to negative rRT-PCR from randomization to hospital day 14", "Count": ""}, {"Intervention": {"term": "HCQ", "has_chemical": [{"text": "hydroxychloroquine", "maps_to": "C0020336:hydroxychloroquine", "start": 0, "end": 18}], "has_relation": "N/A"}, "Observation": "10 days", "Outcome": "median times to negative rRT-PCR from randomization to hospital day 14", "Count": ""}]}, {"Section": "RESULTS", "Text": "On day 14 , 81.0 % ( 17 / 21 ) and 75.0 % ( 9 / 12 ) of the subjects in the HCQ and SOC groups , respectively , had undetected virus ( p = 0.36 ) .", "Evidence Elements": {"Participant": [], "Intervention": [{"term": "HCQ", "negation": "affirmed", "UMLS": {}, "start": 76, "end": 79, "has_chemical": [{"text": "hydroxychloroquine", "maps_to": "C0020336:hydroxychloroquine", "start": 0, "end": 18}], "has_relation": "N/A"}, {"term": "SOC", "negation": "affirmed", "UMLS": {}, "start": 84, "end": 87, "has_procedure": [{"text": "standard of care", "maps_to": "C2936643:standard of care", "start": 0, "end": 16}], "has_relation": "N/A"}], "Outcome": [], "Observation": [], "Count": [{"term": "81.0 % (", "negation": "affirmed", "UMLS": {}, "start": 12, "end": 20}, {"term": "21 )", "negation": "affirmed", "UMLS": {}, "start": 26, "end": 30}, {"term": "75.0 % (", "negation": "affirmed", "UMLS": {}, "start": 35, "end": 43}, {"term": "12 ) of the subjects", "negation": "affirmed", "UMLS": {}, "start": 48, "end": 68}]}, "Evidence Propositions": []}, {"Section": "RESULTS", "Text": "In the retrospective study , 12 ( 42.9 % ) in the HCQ group and 5 ( 55.6 % ) in the control group had negative rRT-PCR results on hospital day 14 ( p = 0.70 ) .", "Evidence Elements": {"Participant": [], "Intervention": [{"term": "HCQ", "negation": "affirmed", "UMLS": {}, "start": 50, "end": 53, "has_chemical": [{"text": "hydroxychloroquine", "maps_to": "C0020336:hydroxychloroquine", "start": 0, "end": 18}], "has_relation": "N/A"}, {"term": "control", "negation": "affirmed", "UMLS": {}, "start": 84, "end": 91, "has_relation": "N/A"}], "Outcome": [{"term": "rRT-PCR results", "negation": "affirmed", "UMLS": {}, "start": 111, "end": 126}], "Observation": [{"term": "negative", "negation": "affirmed", "UMLS": {}, "start": 102, "end": 110}], "Count": [{"term": "12 ( 42.9 % )", "negation": "affirmed", "UMLS": {}, "start": 29, "end": 42}, {"term": "5 ( 55.6 % )", "negation": "affirmed", "UMLS": {}, "start": 64, "end": 76}]}, "Evidence Propositions": []}, {"Section": "CONCLUSIONS", "Text": "Neither study demonstrated that HCQ shortened viral shedding in mild to moderate COVID-19 subjects .", "Evidence Elements": {"Participant": [{"term": "mild to moderate COVID-19", "negation": "affirmed", "UMLS": {}, "start": 64, "end": 89}], "Intervention": [{"term": "HCQ", "negation": "affirmed", "UMLS": {}, "start": 32, "end": 35, "has_chemical": [{"text": "hydroxychloroquine", "maps_to": "C0020336:hydroxychloroquine", "start": 0, "end": 18}], "has_relation": "N/A"}], "Outcome": [{"term": "viral shedding", "negation": "affirmed", "UMLS": {}, "start": 46, "end": 60}], "Observation": [{"term": "shortened", "negation": "affirmed", "UMLS": {}, "start": 36, "end": 45}], "Count": []}, "Evidence Propositions": []}]}