{"doc_id": "33284679", "type of study": "Therapy", "title": "", "abstract": "Hydroxychloroquine as Postexposure Prophylaxis to Prevent Severe Acute Respiratory Syndrome Coronavirus 2 Infection A Randomized Trial.\nEffective prevention against coronavirus disease 2019 (COVID-19), caused by severe acute respiratory syndrome coronavirus 2 (SARS-CoV-2), is currently limited to nonpharmaceutical strategies.\nLaboratory and observational data suggested that hydroxychloroquine had biological activity against SARS-CoV-2, potentially permitting its use for prevention.\nTo test hydroxychloroquine as postexposure prophylaxis for SARS-CoV-2 infection.\nHousehold-randomized, double-blind, controlled trial of hydroxychloroquine postexposure prophylaxis.\n(ClinicalTrials.gov: NCT04328961).\nNational U.S. multicenter study.\nClose contacts recently exposed (<96 hours) to persons with diagnosed SARS-CoV-2 infection.\nHydroxychloroquine (400 mg/d for 3 days followed by 200 mg/d for 11 days) or ascorbic acid (500 mg/d followed by 250 mg/d) as a placebo-equivalent control.\nParticipants self-collected mid-turbinate swabs daily (days 1 to 14) for SARS-CoV-2 polymerase chain reaction (PCR) testing.\nThe primary outcome was PCR-confirmed incident SARS-CoV-2 infection among persons who were SARS-CoV-2 negative at enrollment.\nBetween March and August 2020, 671 households were randomly assigned: 337 (407 participants) to the hydroxychloroquine group and 334 (422 participants) to the control group.\nRetention at day 14 was 91%, and 10\u2009724 of 11\u2009606 (92%) expected swabs were tested.\nAmong the 689 (89%) participants who were SARS-CoV-2 negative at baseline, there was no difference between the hydroxychloroquine and control groups in SARS-CoV-2 acquisition by day 14 (53 versus 45 events; adjusted hazard ratio, 1.10 [95% CI, 0.73 to 1.66]; P\u2009> 0.20).\nThe frequency of participants experiencing adverse events was higher in the hydroxychloroquine group than the control group (66 [16.2%] versus 46 [10.9%], respectively; P\u2009= 0.026).\nThe delay between exposure, and then baseline testing and the first dose of hydroxychloroquine or ascorbic acid, was a median of 2 days.\nThis rigorous randomized controlled trial among persons with recent exposure excluded a clinically meaningful effect of hydroxychloroquine as postexposure prophylaxis to prevent SARS-CoV-2 infection.\nPRIMARY FUNDING SOURCE : Bill & Melinda Gates Foundation.\n", "Evidence Map": {"Enrollment": [{"term": "Severe Acute Respiratory Syndrome Coronavirus 2 Infection", "negation": "affirmed", "UMLS": {}, "start": 58, "end": 115}, {"term": "SARS-CoV-2 infection", "negation": "affirmed", "UMLS": {}, "start": 59, "end": 79}, {"term": "SARS-CoV-2 negative", "negation": "affirmed", "UMLS": {}, "start": 91, "end": 110}, {"term": "SARS-CoV-2 negative", "negation": "affirmed", "UMLS": {}, "start": 45, "end": 64}, {"term": "recent exposure", "negation": "affirmed", "UMLS": {}, "start": 61, "end": 76}], "Comparison Results": [], "Study Arm 1 Results": [], "Study Arm 2 Results": [], "Hypothesis": []}, "Sentence-level breakdown": [{"Section": "TITLE", "Text": "Hydroxychloroquine as Postexposure Prophylaxis to Prevent Severe Acute Respiratory Syndrome Coronavirus 2 Infection A Randomized Trial .", "Evidence Elements": {"Participant": [{"term": "Severe Acute Respiratory Syndrome Coronavirus 2 Infection", "negation": "affirmed", "UMLS": {}, "start": 58, "end": 115}], "Intervention": [{"term": "Hydroxychloroquine", "negation": "affirmed", "UMLS": {}, "start": 0, "end": 18, "has_chemical": [{"text": "hydroxychloroquine", "maps_to": "C0020336:hydroxychloroquine", "start": 0, "end": 18}], "has_relation": "N/A"}], "Outcome": [], "Observation": [], "Count": []}, "Evidence Propositions": []}, {"Section": "BACKGROUND", "Text": "Effective prevention against coronavirus disease 2019 ( COVID-19 ) , caused by severe acute respiratory syndrome coronavirus 2 ( SARS-CoV-2 ) , is currently limited to nonpharmaceutical strategies .", "Evidence Elements": {"Participant": [], "Intervention": [], "Outcome": [], "Observation": [], "Count": []}, "Evidence Propositions": []}, {"Section": "BACKGROUND", "Text": "Laboratory and observational data suggested that hydroxychloroquine had biological activity against SARS-CoV-2 , potentially permitting its use for prevention .", "Evidence Elements": {"Participant": [], "Intervention": [{"term": "hydroxychloroquine", "negation": "affirmed", "UMLS": {}, "start": 49, "end": 67, "has_chemical": [{"text": "hydroxychloroquine", "maps_to": "C0020336:hydroxychloroquine", "start": 0, "end": 18}], "has_relation": "N/A"}], "Outcome": [{"term": "SARS-CoV-2", "negation": "affirmed", "UMLS": {}, "start": 100, "end": 110}], "Observation": [{"term": "biological activity", "negation": "affirmed", "UMLS": {}, "start": 72, "end": 91}], "Count": []}, "Evidence Propositions": [{"Intervention": {"term": "hydroxychloroquine", "has_chemical": [{"text": "hydroxychloroquine", "maps_to": "C0020336:hydroxychloroquine", "start": 0, "end": 18}], "has_relation": "N/A"}, "Observation": "biological activity", "Outcome": "SARS-CoV-2", "Count": ""}]}, {"Section": "OBJECTIVE", "Text": "To test hydroxychloroquine as postexposure prophylaxis for SARS-CoV-2 infection .", "Evidence Elements": {"Participant": [{"term": "SARS-CoV-2 infection", "negation": "affirmed", "UMLS": {}, "start": 59, "end": 79}], "Intervention": [{"term": "hydroxychloroquine", "negation": "affirmed", "UMLS": {}, "start": 8, "end": 26, "has_chemical": [{"text": "hydroxychloroquine", "maps_to": "C0020336:hydroxychloroquine", "start": 0, "end": 18}], "has_relation": "N/A"}], "Outcome": [], "Observation": [], "Count": []}, "Evidence Propositions": []}, {"Section": "DESIGN", "Text": "Household-randomized , double-blind , controlled trial of hydroxychloroquine postexposure prophylaxis .", "Evidence Elements": {"Participant": [], "Intervention": [{"term": "hydroxychloroquine", "negation": "affirmed", "UMLS": {}, "start": 58, "end": 76, "has_chemical": [{"text": "hydroxychloroquine", "maps_to": "C0020336:hydroxychloroquine", "start": 0, "end": 18}], "has_relation": "N/A"}], "Outcome": [], "Observation": [], "Count": []}, "Evidence Propositions": []}, {"Section": "DESIGN", "Text": "( ClinicalTrials.gov : NCT04328961 ) .", "Evidence Elements": {"Participant": [], "Intervention": [], "Outcome": [], "Observation": [], "Count": []}, "Evidence Propositions": []}, {"Section": "SETTING", "Text": "National U.S . multicenter study .", "Evidence Elements": {"Participant": [], "Intervention": [], "Outcome": [], "Observation": [], "Count": []}, "Evidence Propositions": []}, {"Section": "PARTICIPANTS", "Text": "Close contacts recently exposed ( < 96 hours ) to persons with diagnosed SARS-CoV-2 infection .", "Evidence Elements": {"Participant": [], "Intervention": [], "Outcome": [], "Observation": [], "Count": []}, "Evidence Propositions": []}, {"Section": "INTERVENTION", "Text": "Hydroxychloroquine ( 400 mg / d for 3 days followed by 200 mg / d for 11 days ) or ascorbic acid ( 500 mg / d followed by 250 mg / d ) as a placebo-equivalent control .", "Evidence Elements": {"Participant": [], "Intervention": [{"term": "Hydroxychloroquine", "negation": "affirmed", "UMLS": {}, "start": 0, "end": 18, "has_chemical": [{"text": "hydroxychloroquine", "maps_to": "C0020336:hydroxychloroquine", "start": 0, "end": 18}], "has_relation": "N/A"}, {"term": "ascorbic acid", "negation": "affirmed", "UMLS": {}, "start": 83, "end": 96, "has_chemical": [{"text": "ascorbic acid", "maps_to": "C0003968:ascorbic acid", "start": 0, "end": 13}], "has_relation": "N/A"}], "Outcome": [], "Observation": [], "Count": []}, "Evidence Propositions": []}, {"Section": "MEASUREMENTS", "Text": "Participants self-collected mid-turbinate swabs daily ( days 1 to 14 ) for SARS-CoV-2 polymerase chain reaction ( PCR ) testing .", "Evidence Elements": {"Participant": [], "Intervention": [], "Outcome": [{"term": "SARS-CoV-2 polymerase chain reaction", "negation": "affirmed", "UMLS": {}, "start": 75, "end": 111}], "Observation": [], "Count": []}, "Evidence Propositions": []}, {"Section": "MEASUREMENTS", "Text": "The primary outcome was PCR-confirmed incident SARS-CoV-2 infection among persons who were SARS-CoV-2 negative at enrollment .", "Evidence Elements": {"Participant": [{"term": "SARS-CoV-2 negative", "negation": "affirmed", "UMLS": {}, "start": 91, "end": 110}], "Intervention": [], "Outcome": [{"term": "PCR-confirmed incident SARS-CoV-2 infection", "negation": "affirmed", "UMLS": {}, "start": 24, "end": 67}], "Observation": [], "Count": []}, "Evidence Propositions": []}, {"Section": "RESULTS", "Text": "Between March and August 2020 , 671 households were randomly assigned : 337 ( 407 participants ) to the hydroxychloroquine group and 334 ( 422 participants ) to the control group .", "Evidence Elements": {"Participant": [], "Intervention": [{"term": "hydroxychloroquine", "negation": "affirmed", "UMLS": {}, "start": 104, "end": 122, "has_chemical": [{"text": "hydroxychloroquine", "maps_to": "C0020336:hydroxychloroquine", "start": 0, "end": 18}], "has_relation": "N/A"}], "Outcome": [], "Observation": [], "Count": []}, "Evidence Propositions": []}, {"Section": "RESULTS", "Text": "Retention at day 14 was 91 % , and 10 724 of 11 606 ( 92 % ) expected swabs were tested .", "Evidence Elements": {"Participant": [], "Intervention": [], "Outcome": [{"term": "Retention", "negation": "affirmed", "UMLS": {}, "start": 0, "end": 9}], "Observation": [{"term": "91 %", "negation": "affirmed", "UMLS": {}, "start": 24, "end": 28}], "Count": [{"term": "10 724 of 11 606 ( 92 %", "negation": "affirmed", "UMLS": {}, "start": 35, "end": 58}]}, "Evidence Propositions": []}, {"Section": "RESULTS", "Text": "Among the 689 ( 89 % ) participants who were SARS-CoV-2 negative at baseline , there was no difference between the hydroxychloroquine and control groups in SARS-CoV-2 acquisition by day 14 ( 53 versus 45 events ; adjusted hazard ratio , 1.10 [ 95 % CI , 0.73 to 1.66 ] ; P > 0.20 ) .", "Evidence Elements": {"Participant": [{"term": "SARS-CoV-2 negative", "negation": "affirmed", "UMLS": {}, "start": 45, "end": 64}], "Intervention": [{"term": "hydroxychloroquine", "negation": "negated", "UMLS": {}, "start": 115, "end": 133, "has_chemical": [{"text": "hydroxychloroquine", "maps_to": "C0020336:hydroxychloroquine", "start": 0, "end": 18}], "has_relation": "N/A"}, {"term": "control", "negation": "negated", "UMLS": {}, "start": 138, "end": 145, "has_relation": "N/A"}], "Outcome": [{"term": "SARS-CoV-2 acquisition", "negation": "negated", "UMLS": {}, "start": 156, "end": 178}], "Observation": [{"term": "difference", "negation": "negated", "UMLS": {}, "start": 92, "end": 102}, {"term": "53", "negation": "negated", "UMLS": {}, "start": 191, "end": 193}, {"term": "45 events", "negation": "negated", "UMLS": {}, "start": 201, "end": 210}], "Count": []}, "Evidence Propositions": [{"Intervention": [{"term": "hydroxychloroquine", "has_chemical": [{"text": "hydroxychloroquine", "maps_to": "C0020336:hydroxychloroquine", "start": 0, "end": 18}], "has_relation": "N/A"}, {"term": "control", "has_relation": "N/A"}], "Observation": "difference", "Outcome": "SARS-CoV-2 acquisition", "Count": ""}, {"Intervention": {"term": "hydroxychloroquine", "has_chemical": [{"text": "hydroxychloroquine", "maps_to": "C0020336:hydroxychloroquine", "start": 0, "end": 18}], "has_relation": "N/A"}, "Observation": "53", "Outcome": "SARS-CoV-2 acquisition", "Count": ""}, {"Intervention": {"term": "control", "has_relation": "N/A"}, "Observation": "45 events", "Outcome": "SARS-CoV-2 acquisition", "Count": ""}]}, {"Section": "RESULTS", "Text": "The frequency of participants experiencing adverse events was higher in the hydroxychloroquine group than the control group ( 66 [ 16.2 % ] versus 46 [ 10.9 % ] , respectively ; P = 0.026 ) .", "Evidence Elements": {"Participant": [], "Intervention": [{"term": "hydroxychloroquine", "negation": "affirmed", "UMLS": {}, "start": 76, "end": 94, "has_chemical": [{"text": "hydroxychloroquine", "maps_to": "C0020336:hydroxychloroquine", "start": 0, "end": 18}], "has_relation": "N/A"}, {"term": "control", "negation": "affirmed", "UMLS": {}, "start": 110, "end": 117, "has_relation": "N/A"}], "Outcome": [{"term": "frequency of participants experiencing adverse events", "negation": "affirmed", "UMLS": {}, "start": 4, "end": 57}], "Observation": [{"term": "higher", "negation": "affirmed", "UMLS": {}, "start": 62, "end": 68}, {"term": "66 [ 16.2 % ]", "negation": "affirmed", "UMLS": {}, "start": 126, "end": 139}], "Count": [{"term": "46 [", "negation": "affirmed", "UMLS": {}, "start": 147, "end": 151}]}, "Evidence Propositions": [{"Intervention": [{"term": "hydroxychloroquine", "has_chemical": [{"text": "hydroxychloroquine", "maps_to": "C0020336:hydroxychloroquine", "start": 0, "end": 18}], "has_relation": "N/A"}, {"term": "control", "has_relation": "N/A"}], "Observation": "higher", "Outcome": "frequency of participants experiencing adverse events", "Count": ""}, {"Intervention": {"term": "hydroxychloroquine", "has_chemical": [{"text": "hydroxychloroquine", "maps_to": "C0020336:hydroxychloroquine", "start": 0, "end": 18}], "has_relation": "N/A"}, "Observation": "66 [ 16.2 % ]", "Outcome": "frequency of participants experiencing adverse events", "Count": ""}, {"Intervention": {"term": "control", "has_relation": "N/A"}, "Observation": "", "Count": "46 [", "Outcome": "frequency of participants experiencing adverse events"}]}, {"Section": "LIMITATION", "Text": "The delay between exposure , and then baseline testing and the first dose of hydroxychloroquine or ascorbic acid , was a median of 2 days .", "Evidence Elements": {"Participant": [], "Intervention": [{"term": "hydroxychloroquine", "negation": "affirmed", "UMLS": {}, "start": 77, "end": 95, "has_chemical": [{"text": "hydroxychloroquine", "maps_to": "C0020336:hydroxychloroquine", "start": 0, "end": 18}], "has_relation": "N/A"}, {"term": "ascorbic acid", "negation": "affirmed", "UMLS": {}, "start": 99, "end": 112, "has_chemical": [{"text": "ascorbic acid", "maps_to": "C0003968:ascorbic acid", "start": 0, "end": 13}], "has_relation": "N/A"}], "Outcome": [{"term": "delay", "negation": "affirmed", "UMLS": {}, "start": 4, "end": 9}], "Observation": [], "Count": []}, "Evidence Propositions": []}, {"Section": "CONCLUSION", "Text": "This rigorous randomized controlled trial among persons with recent exposure excluded a clinically meaningful effect of hydroxychloroquine as postexposure prophylaxis to prevent SARS-CoV-2 infection .", "Evidence Elements": {"Participant": [{"term": "recent exposure", "negation": "affirmed", "UMLS": {}, "start": 61, "end": 76}], "Intervention": [{"term": "hydroxychloroquine", "negation": "affirmed", "UMLS": {}, "start": 120, "end": 138, "has_chemical": [{"text": "hydroxychloroquine", "maps_to": "C0020336:hydroxychloroquine", "start": 0, "end": 18}], "has_relation": "N/A"}], "Outcome": [{"term": "SARS-CoV-2 infection", "negation": "affirmed", "UMLS": {}, "start": 178, "end": 198}], "Observation": [{"term": "clinically meaningful effect", "negation": "affirmed", "UMLS": {}, "start": 88, "end": 116}], "Count": []}, "Evidence Propositions": [{"Intervention": {"term": "hydroxychloroquine", "has_chemical": [{"text": "hydroxychloroquine", "maps_to": "C0020336:hydroxychloroquine", "start": 0, "end": 18}], "has_relation": "N/A"}, "Observation": "clinically meaningful effect", "Outcome": "SARS-CoV-2 infection", "Count": ""}]}, {"Section": "UNKNOWN", "Text": "PRIMARY FUNDING SOURCE : Bill & Melinda Gates Foundation .", "Evidence Elements": {"Participant": [], "Intervention": [], "Outcome": [], "Observation": [], "Count": []}, "Evidence Propositions": []}]}