{"doc_id": "33293201", "type of study": "Therapy", "title": "", "abstract": "The effect of Emotional Freedom Techniques on nurses' stress, anxiety, and burnout levels during the COVID-19 pandemic: A randomized controlled trial.\nBACKGROUND AND OBJECTIVE : Infectious disease outbreaks pose psychological challenges to the general population, and especially to healthcare workers.\nNurses who work with COVID-19 patients are particularly vulnerable to emotions such as fear and anxiety, due to fatigue, discomfort, and helplessness related to their high intensity work.\nThis study aims to investigate the efficacy of a brief online form of Emotional Freedom Techniques (EFT) in the prevention of stress, anxiety, and burnout in nurses involved in the treatment of COVID patients.\nThe study is a randomized controlled trial.\nIt complies with the guidelines prescribed by the Consolidated Standards of Reporting Trials (CONSORT) checklist.\nIt was conducted in a COVID-19 department at a university hospital in Turkey.\nWe recruited nurses who care for patients infected with COVID-19 and randomly allocated them into an intervention group (n\u00a0=\u00a035) and a no-treatment control group (n\u00a0=\u00a037).\nThe intervention group received one guided online group EFT session.\nReductions in stress (p < .001), anxiety (p < .001), and burnout (p < .001) reached high levels of statistical significance for the intervention group.\nThe control group showed no statistically significant changes on these measures (p > .05).\nA single online group EFT session reduced stress, anxiety, and burnout levels in nurses treating COVID-19.\nCopyright \u00a9 2020 Elsevier Inc. All rights reserved.\n", "Evidence Map": {"Enrollment": [{"term": "nurses", "negation": "affirmed", "UMLS": {}, "start": 46, "end": 52}, {"term": "COVID-19 pandemic", "negation": "affirmed", "UMLS": {}, "start": 104, "end": 121}, {"term": "nurses", "negation": "affirmed", "UMLS": {}, "start": 162, "end": 168}, {"term": "COVID-19", "negation": "affirmed", "UMLS": {}, "start": 56, "end": 64}, {"term": "nurses", "negation": "affirmed", "UMLS": {}, "start": 83, "end": 89}], "Comparison Results": [], "Study Arm 1 Results": [], "Study Arm 2 Results": [], "Hypothesis": []}, "Sentence-level breakdown": [{"Section": "TITLE", "Text": "The effect of Emotional Freedom Techniques on nurses ' stress , anxiety , and burnout levels during the COVID-19 pandemic : A randomized controlled trial .", "Evidence Elements": {"Participant": [{"term": "nurses", "negation": "affirmed", "UMLS": {}, "start": 46, "end": 52}, {"term": "COVID-19 pandemic", "negation": "affirmed", "UMLS": {}, "start": 104, "end": 121}], "Intervention": [{"term": "Emotional Freedom Techniques", "negation": "affirmed", "UMLS": {}, "start": 14, "end": 42, "has_relation": "N/A"}], "Outcome": [{"term": "stress", "negation": "affirmed", "UMLS": {}, "start": 55, "end": 61}, {"term": "anxiety", "negation": "affirmed", "UMLS": {}, "start": 64, "end": 71}, {"term": "burnout levels", "negation": "affirmed", "UMLS": {}, "start": 78, "end": 92}], "Observation": [], "Count": []}, "Evidence Propositions": []}, {"Section": "UNKNOWN", "Text": "BACKGROUND AND OBJECTIVE : Infectious disease outbreaks pose psychological challenges to the general population , and especially to healthcare workers .", "Evidence Elements": {"Participant": [], "Intervention": [], "Outcome": [], "Observation": [], "Count": []}, "Evidence Propositions": []}, {"Section": "UNKNOWN", "Text": "Nurses who work with COVID-19 patients are particularly vulnerable to emotions such as fear and anxiety , due to fatigue , discomfort , and helplessness related to their high intensity work .", "Evidence Elements": {"Participant": [], "Intervention": [], "Outcome": [], "Observation": [], "Count": []}, "Evidence Propositions": []}, {"Section": "UNKNOWN", "Text": "This study aims to investigate the efficacy of a brief online form of Emotional Freedom Techniques ( EFT ) in the prevention of stress , anxiety , and burnout in nurses involved in the treatment of COVID patients .", "Evidence Elements": {"Participant": [{"term": "nurses", "negation": "affirmed", "UMLS": {}, "start": 162, "end": 168}], "Intervention": [{"term": "brief online form of Emotional Freedom Techniques ( EFT )", "negation": "affirmed", "UMLS": {}, "start": 49, "end": 106, "has_relation": "N/A"}], "Outcome": [{"term": "stress", "negation": "affirmed", "UMLS": {}, "start": 128, "end": 134}, {"term": "anxiety", "negation": "affirmed", "UMLS": {}, "start": 137, "end": 144}, {"term": "burnout", "negation": "affirmed", "UMLS": {}, "start": 151, "end": 158}], "Observation": [{"term": "prevention", "negation": "affirmed", "UMLS": {}, "start": 114, "end": 124}], "Count": []}, "Evidence Propositions": [{"Intervention": {"term": "brief online form of Emotional Freedom Techniques ( EFT )", "has_relation": "N/A"}, "Observation": "prevention", "Outcome": "stress", "Count": ""}, {"Intervention": {"term": "brief online form of Emotional Freedom Techniques ( EFT )", "has_relation": "N/A"}, "Observation": "prevention", "Outcome": "anxiety", "Count": ""}, {"Intervention": {"term": "brief online form of Emotional Freedom Techniques ( EFT )", "has_relation": "N/A"}, "Observation": "prevention", "Outcome": "burnout", "Count": ""}]}, {"Section": "METHODS", "Text": "The study is a randomized controlled trial .", "Evidence Elements": {"Participant": [], "Intervention": [], "Outcome": [], "Observation": [], "Count": []}, "Evidence Propositions": []}, {"Section": "METHODS", "Text": "It complies with the guidelines prescribed by the Consolidated Standards of Reporting Trials ( CONSORT ) checklist .", "Evidence Elements": {"Participant": [], "Intervention": [], "Outcome": [], "Observation": [], "Count": []}, "Evidence Propositions": []}, {"Section": "METHODS", "Text": "It was conducted in a COVID-19 department at a university hospital in Turkey .", "Evidence Elements": {"Participant": [], "Intervention": [], "Outcome": [], "Observation": [], "Count": []}, "Evidence Propositions": []}, {"Section": "METHODS", "Text": "We recruited nurses who care for patients infected with COVID-19 and randomly allocated them into an intervention group ( n = 35 ) and a no-treatment control group ( n = 37 ) .", "Evidence Elements": {"Participant": [{"term": "COVID-19", "negation": "affirmed", "UMLS": {}, "start": 56, "end": 64}], "Intervention": [{"term": "intervention", "negation": "affirmed", "UMLS": {}, "start": 101, "end": 113, "has_procedure": [{"text": "intervention", "maps_to": "C0886296:intervention", "start": 0, "end": 12}], "has_relation": "N/A"}, {"term": "no-treatment control", "negation": "affirmed", "UMLS": {}, "start": 137, "end": 157, "has_procedure": [{"text": "treatment", "maps_to": "C0087111:treatment", "start": 3, "end": 12}], "has_relation": "N/A"}], "Outcome": [], "Observation": [], "Count": []}, "Evidence Propositions": []}, {"Section": "METHODS", "Text": "The intervention group received one guided online group EFT session .", "Evidence Elements": {"Participant": [], "Intervention": [{"term": "intervention", "negation": "affirmed", "UMLS": {}, "start": 4, "end": 16, "has_procedure": [{"text": "intervention", "maps_to": "C0886296:intervention", "start": 0, "end": 12}], "has_relation": "N/A"}, {"term": "guided online group EFT session", "negation": "affirmed", "UMLS": {}, "start": 36, "end": 67, "has_relation": "N/A"}], "Outcome": [], "Observation": [], "Count": []}, "Evidence Propositions": []}, {"Section": "RESULTS", "Text": "Reductions in stress ( p < .001 ) , anxiety ( p < .001 ) , and burnout ( p < .001 ) reached high levels of statistical significance for the intervention group .", "Evidence Elements": {"Participant": [], "Intervention": [], "Outcome": [{"term": "stress", "negation": "affirmed", "UMLS": {}, "start": 14, "end": 20}, {"term": "anxiety", "negation": "affirmed", "UMLS": {}, "start": 36, "end": 43}, {"term": "burnout", "negation": "affirmed", "UMLS": {}, "start": 63, "end": 70}], "Observation": [{"term": "Reductions", "negation": "affirmed", "UMLS": {}, "start": 0, "end": 10}, {"term": "high", "negation": "affirmed", "UMLS": {}, "start": 92, "end": 96}], "Count": []}, "Evidence Propositions": []}, {"Section": "RESULTS", "Text": "The control group showed no statistically significant changes on these measures ( p > .05 ) .", "Evidence Elements": {"Participant": [], "Intervention": [{"term": "control", "negation": "affirmed", "UMLS": {}, "start": 4, "end": 11, "has_relation": "N/A"}], "Outcome": [{"term": "these measures", "negation": "negated", "UMLS": {}, "start": 65, "end": 79}], "Observation": [{"term": "statistically significant changes", "negation": "negated", "UMLS": {}, "start": 28, "end": 61}], "Count": []}, "Evidence Propositions": [{"Intervention": {"term": "control", "has_relation": "N/A"}, "Observation": "statistically significant changes", "Outcome": "these measures", "Count": ""}]}, {"Section": "CONCLUSIONS", "Text": "A single online group EFT session reduced stress , anxiety , and burnout levels in nurses treating COVID-19 .", "Evidence Elements": {"Participant": [{"term": "nurses", "negation": "affirmed", "UMLS": {}, "start": 83, "end": 89}], "Intervention": [{"term": "online group EFT session", "negation": "affirmed", "UMLS": {}, "start": 9, "end": 33, "has_relation": "N/A"}], "Outcome": [{"term": "stress", "negation": "affirmed", "UMLS": {}, "start": 42, "end": 48}, {"term": "anxiety", "negation": "affirmed", "UMLS": {}, "start": 51, "end": 58}, {"term": "burnout levels", "negation": "affirmed", "UMLS": {}, "start": 65, "end": 79}], "Observation": [{"term": "reduced", "negation": "affirmed", "UMLS": {}, "start": 34, "end": 41}], "Count": []}, "Evidence Propositions": []}, {"Section": "UNKNOWN", "Text": "Copyright \u00a9 2020 Elsevier Inc . All rights reserved .", "Evidence Elements": {"Participant": [], "Intervention": [], "Outcome": [], "Observation": [], "Count": []}, "Evidence Propositions": []}]}