{"doc_id": "33321405", "type of study": "Therapy", "title": "", "abstract": "Why public health framing matters: An experimental study of the effects of COVID-19 framing on prejudice and xenophobia in the United States.\nThe COVID-19 pandemic has triggered a notable increase in the expression of prejudicial and xenophobic attitudes that threaten the wellbeing of minority groups and contribute to the overall public health toll of the virus.\nHowever, while there is evidence documenting the growth in discrimination and xenophobia, little is known about how the COVID-19 outbreak is activating the expression of such negative attitudes.\nThe goal of the current paper therefore was to investigate what aspects of the COVID-19 pandemic may be contributing to this rise in expressions of prejudice and xenophobia.\nMore specifically, this study used an experimental design to assess the effects of using stigmatized language to describe the virus as well as the threat to physical health and economic wellbeing posed by the virus on COVID-19 prejudice.\nData were collected from a national sample of 1451 adults residing within the United States.\nResults from 2\u00a0\u00d7\u00a02 x 2 between-subjects analyses of covariance demonstrated that emphasizing the connection between China and COVID-19, rather than framing the virus neutrally, increased negative attitudes toward Asian Americans, beliefs that resources should be prioritized for Americans rather than immigrants, and general xenophobia.\nEmphasizing the severity of the economic impact of the virus also increased beliefs that Asian Americans are a threat to resources and general xenophobia.\nIn contrast, messages which emphasized the serious health risks of COVID-19 did not increase bias toward Asian Americans or xenophobia.\nOur findings suggest that specific types of public health messaging related to infectious diseases, especially framing the virus in terms of its country of origin or its likely economic impact, may elicit prejudice and xenophobia.\nPublic health campaigns that emphasize the severity of the virus, however, are not likely to trigger the same negative attitudes.\nImplications for public health responses to health crises are discussed.\nCopyright \u00a9 2020 Elsevier Ltd. All rights reserved.\n", "Evidence Map": {"Enrollment": [{"term": "Americans", "negation": "negated", "UMLS": {}, "start": 221, "end": 230}, {"term": "immigrants", "negation": "negated", "UMLS": {}, "start": 304, "end": 314}], "Comparison Results": [], "Study Arm 1 Results": [], "Study Arm 2 Results": [], "Hypothesis": []}, "Sentence-level breakdown": [{"Section": "TITLE", "Text": "Why public health framing matters : An experimental study of the effects of COVID-19 framing on prejudice and xenophobia in the United States .", "Evidence Elements": {"Participant": [], "Intervention": [{"term": "public health framing", "negation": "affirmed", "UMLS": {}, "start": 4, "end": 25, "has_procedure": [{"text": "public health", "maps_to": "C0699943:public health", "start": 0, "end": 13}], "has_relation": "N/A"}, {"term": "COVID-19 framing", "negation": "affirmed", "UMLS": {}, "start": 76, "end": 92, "has_relation": "N/A"}], "Outcome": [{"term": "prejudice", "negation": "affirmed", "UMLS": {}, "start": 96, "end": 105}, {"term": "xenophobia", "negation": "affirmed", "UMLS": {}, "start": 110, "end": 120}], "Observation": [], "Count": []}, "Evidence Propositions": []}, {"Section": "UNKNOWN", "Text": "The COVID-19 pandemic has triggered a notable increase in the expression of prejudicial and xenophobic attitudes that threaten the wellbeing of minority groups and contribute to the overall public health toll of the virus .", "Evidence Elements": {"Participant": [], "Intervention": [], "Outcome": [], "Observation": [], "Count": []}, "Evidence Propositions": []}, {"Section": "UNKNOWN", "Text": "However , while there is evidence documenting the growth in discrimination and xenophobia , little is known about how the COVID-19 outbreak is activating the expression of such negative attitudes .", "Evidence Elements": {"Participant": [], "Intervention": [], "Outcome": [], "Observation": [], "Count": []}, "Evidence Propositions": []}, {"Section": "UNKNOWN", "Text": "The goal of the current paper therefore was to investigate what aspects of the COVID-19 pandemic may be contributing to this rise in expressions of prejudice and xenophobia .", "Evidence Elements": {"Participant": [], "Intervention": [], "Outcome": [{"term": "expressions of prejudice and xenophobia", "negation": "affirmed", "UMLS": {}, "start": 133, "end": 172}], "Observation": [{"term": "rise", "negation": "affirmed", "UMLS": {}, "start": 125, "end": 129}], "Count": []}, "Evidence Propositions": []}, {"Section": "UNKNOWN", "Text": "More specifically , this study used an experimental design to assess the effects of using stigmatized language to describe the virus as well as the threat to physical health and economic wellbeing posed by the virus on COVID-19 prejudice .", "Evidence Elements": {"Participant": [], "Intervention": [{"term": "stigmatized language", "negation": "affirmed", "UMLS": {}, "start": 90, "end": 110, "has_relation": "N/A"}], "Outcome": [{"term": "virus", "negation": "affirmed", "UMLS": {}, "start": 127, "end": 132}, {"term": "threat to physical health and economic wellbeing", "negation": "affirmed", "UMLS": {}, "start": 148, "end": 196}, {"term": "COVID-19", "negation": "affirmed", "UMLS": {}, "start": 219, "end": 227}], "Observation": [], "Count": []}, "Evidence Propositions": []}, {"Section": "UNKNOWN", "Text": "Data were collected from a national sample of 1451 adults residing within the United States .", "Evidence Elements": {"Participant": [], "Intervention": [], "Outcome": [], "Observation": [], "Count": []}, "Evidence Propositions": []}, {"Section": "UNKNOWN", "Text": "Results from 2 \u00d7 2 x 2 between-subjects analyses of covariance demonstrated that emphasizing the connection between China and COVID-19 , rather than framing the virus neutrally , increased negative attitudes toward Asian Americans , beliefs that resources should be prioritized for Americans rather than immigrants , and general xenophobia .", "Evidence Elements": {"Participant": [{"term": "Americans", "negation": "negated", "UMLS": {}, "start": 221, "end": 230}, {"term": "immigrants", "negation": "negated", "UMLS": {}, "start": 304, "end": 314}], "Intervention": [{"term": "emphasizing", "negation": "affirmed", "UMLS": {}, "start": 81, "end": 92, "has_relation": "N/A"}, {"term": "connection between China and COVID-19", "negation": "affirmed", "UMLS": {}, "start": 97, "end": 134, "has_relation": "N/A"}], "Outcome": [{"term": "negative", "negation": "negated", "UMLS": {}, "start": 189, "end": 197}, {"term": "attitudes toward Asian Americans", "negation": "negated", "UMLS": {}, "start": 198, "end": 230}, {"term": "beliefs that", "negation": "negated", "UMLS": {}, "start": 233, "end": 245}], "Observation": [{"term": "increased", "negation": "negated", "UMLS": {}, "start": 179, "end": 188}], "Count": []}, "Evidence Propositions": []}, {"Section": "UNKNOWN", "Text": "Emphasizing the severity of the economic impact of the virus also increased beliefs that Asian Americans are a threat to resources and general xenophobia .", "Evidence Elements": {"Participant": [], "Intervention": [], "Outcome": [], "Observation": [], "Count": []}, "Evidence Propositions": []}, {"Section": "UNKNOWN", "Text": "In contrast , messages which emphasized the serious health risks of COVID-19 did not increase bias toward Asian Americans or xenophobia .", "Evidence Elements": {"Participant": [], "Intervention": [{"term": "messages which emphasized the serious health risks of COVID-19", "negation": "affirmed", "UMLS": {}, "start": 14, "end": 76, "has_relation": "N/A"}], "Outcome": [{"term": "bias toward Asian Americans or", "negation": "negated", "UMLS": {}, "start": 94, "end": 124}], "Observation": [{"term": "increase", "negation": "negated", "UMLS": {}, "start": 85, "end": 93}], "Count": []}, "Evidence Propositions": []}, {"Section": "UNKNOWN", "Text": "Our findings suggest that specific types of public health messaging related to infectious diseases , especially framing the virus in terms of its country of origin or its likely economic impact , may elicit prejudice and xenophobia .", "Evidence Elements": {"Participant": [], "Intervention": [{"term": "of public health messaging", "negation": "affirmed", "UMLS": {}, "start": 41, "end": 67, "has_procedure": [{"text": "public health", "maps_to": "C0699943:public health", "start": 3, "end": 16}], "has_relation": "N/A"}], "Outcome": [{"term": "prejudice", "negation": "affirmed", "UMLS": {}, "start": 207, "end": 216}], "Observation": [], "Count": []}, "Evidence Propositions": []}, {"Section": "UNKNOWN", "Text": "Public health campaigns that emphasize the severity of the virus , however , are not likely to trigger the same negative attitudes .", "Evidence Elements": {"Participant": [], "Intervention": [], "Outcome": [], "Observation": [], "Count": []}, "Evidence Propositions": []}, {"Section": "UNKNOWN", "Text": "Implications for public health responses to health crises are discussed .", "Evidence Elements": {"Participant": [], "Intervention": [], "Outcome": [], "Observation": [], "Count": []}, "Evidence Propositions": []}, {"Section": "UNKNOWN", "Text": "Copyright \u00a9 2020 Elsevier Ltd . All rights reserved .", "Evidence Elements": {"Participant": [], "Intervention": [], "Outcome": [], "Observation": [], "Count": []}, "Evidence Propositions": []}]}