{"doc_id": "33370763", "type of study": "Therapy", "title": "", "abstract": "Peer Education Intervention on Adolescents' Anxiety, Depression, and Sleep Disorder during the COVID-19 Pandemic.\nAdolescents' anxiety and depression during the coronavirus disease 2019 (COVID-19) pandemic outbreak cannot be ignored.\nIn public health crisis events, adolescents are prone to negative psychological problems, such as anxiety and depression.\nHence, this research focuses on the use of reasonable and efficient methods to intervene in adolescents' psychological problems during the COVID-19 pandemic.\nSUBJECTS AND METHODS : From February to April 2020, we conducted an anonymous online survey on a total of 1,200 adolescents in the provinces of Hunan and Guangxi in China.\nMoreover, we randomly divided a total of 150 middle school students with anxiety scores greater than 50 and volunteered to participate in the intervention experiment into control and intervention groups, with 75 members in each group.\nOn the basis of the proposed routine treatment, we conducted 8 weeks of model 328-based peer education intervention in the intervention group.\nAfter the intervention, the self-rating anxiety scale scores (SAS) of the intervention group are better than those of the control group (P<0.001).\nMoreover, the self-rating depression scale (SDS) scores of both groups are reduced, but the effect is more significant on the intervention group (P<0.001) than on the control group.\nFinally, the total Pittsburgh sleep quality index (PSQI) scores of both groups are reduced, but the effect is more significant on the intervention group than on the control group (P=0.001 and <0.001, respectively).\nModel 328-based peer education intervention can significantly reduce the level of anxiety and depression in adolescents and improve their sleep quality.\n", "Evidence Map": {"Enrollment": [{"term": "adolescents", "negation": "affirmed", "UMLS": {}, "start": 93, "end": 104}, {"term": "psychological problems", "negation": "affirmed", "UMLS": {}, "start": 107, "end": 129}, {"term": "adolescents", "negation": "affirmed", "UMLS": {}, "start": 113, "end": 124}, {"term": "middle school students", "negation": "affirmed", "UMLS": {}, "start": 46, "end": 68}, {"term": "anxiety scores greater than 50", "negation": "affirmed", "UMLS": {}, "start": 74, "end": 104}, {"term": "adolescents", "negation": "affirmed", "UMLS": {}, "start": 108, "end": 119}], "Comparison Results": [], "Study Arm 1 Results": [], "Study Arm 2 Results": [], "Hypothesis": []}, "Sentence-level breakdown": [{"Section": "TITLE", "Text": "Peer Education Intervention on Adolescents ' Anxiety , Depression , and Sleep Disorder during the COVID-19 Pandemic .", "Evidence Elements": {"Participant": [], "Intervention": [{"term": "Peer Education Intervention", "negation": "affirmed", "UMLS": {}, "start": 0, "end": 27, "has_procedure": [{"text": "peer education intervention", "maps_to": "C0886296:intervention", "start": 0, "end": 27}], "has_relation": "N/A"}], "Outcome": [{"term": "Adolescents", "negation": "affirmed", "UMLS": {}, "start": 31, "end": 42}, {"term": "Anxiety", "negation": "affirmed", "UMLS": {}, "start": 45, "end": 52}, {"term": "Depression", "negation": "affirmed", "UMLS": {}, "start": 55, "end": 65}, {"term": "Sleep Disorder", "negation": "affirmed", "UMLS": {}, "start": 72, "end": 86}], "Observation": [], "Count": []}, "Evidence Propositions": []}, {"Section": "BACKGROUND", "Text": "Adolescents ' anxiety and depression during the coronavirus disease 2019 (COVID-19) pandemic outbreak cannot be ignored .", "Evidence Elements": {"Participant": [], "Intervention": [], "Outcome": [], "Observation": [], "Count": []}, "Evidence Propositions": []}, {"Section": "BACKGROUND", "Text": "In public health crisis events , adolescents are prone to negative psychological problems , such as anxiety and depression .", "Evidence Elements": {"Participant": [], "Intervention": [], "Outcome": [], "Observation": [], "Count": []}, "Evidence Propositions": []}, {"Section": "BACKGROUND", "Text": "Hence , this research focuses on the use of reasonable and efficient methods to intervene in adolescents ' psychological problems during the COVID-19 pandemic .", "Evidence Elements": {"Participant": [{"term": "adolescents", "negation": "affirmed", "UMLS": {}, "start": 93, "end": 104}, {"term": "psychological problems", "negation": "affirmed", "UMLS": {}, "start": 107, "end": 129}], "Intervention": [], "Outcome": [], "Observation": [], "Count": []}, "Evidence Propositions": []}, {"Section": "UNKNOWN", "Text": "SUBJECTS AND METHODS : From February to April 2020 , we conducted an anonymous online survey on a total of 1,200 adolescents in the provinces of Hunan and Guangxi in China .", "Evidence Elements": {"Participant": [{"term": "adolescents", "negation": "affirmed", "UMLS": {}, "start": 113, "end": 124}], "Intervention": [], "Outcome": [], "Observation": [], "Count": []}, "Evidence Propositions": []}, {"Section": "UNKNOWN", "Text": "Moreover , we randomly divided a total of 150 middle school students with anxiety scores greater than 50 and volunteered to participate in the intervention experiment into control and intervention groups , with 75 members in each group .", "Evidence Elements": {"Participant": [{"term": "middle school students", "negation": "affirmed", "UMLS": {}, "start": 46, "end": 68}, {"term": "anxiety scores greater than 50", "negation": "affirmed", "UMLS": {}, "start": 74, "end": 104}], "Intervention": [{"term": "intervention", "negation": "affirmed", "UMLS": {}, "start": 143, "end": 155, "has_procedure": [{"text": "intervention", "maps_to": "C0886296:intervention", "start": 0, "end": 12}], "has_relation": "N/A"}, {"term": "control", "negation": "affirmed", "UMLS": {}, "start": 172, "end": 179, "has_relation": "N/A"}, {"term": "intervention", "negation": "affirmed", "UMLS": {}, "start": 143, "end": 155, "has_procedure": [{"text": "intervention", "maps_to": "C0886296:intervention", "start": 0, "end": 12}], "has_relation": "N/A"}], "Outcome": [], "Observation": [], "Count": []}, "Evidence Propositions": []}, {"Section": "UNKNOWN", "Text": "On the basis of the proposed routine treatment , we conducted 8 weeks of model 328-based peer education intervention in the intervention group .", "Evidence Elements": {"Participant": [], "Intervention": [{"term": "routine treatment", "negation": "affirmed", "UMLS": {}, "start": 29, "end": 46, "has_procedure": [{"text": "routine treatment", "maps_to": "C0087111:treatment", "start": 0, "end": 17}], "has_relation": "N/A"}, {"term": "model 328-based peer education intervention", "negation": "affirmed", "UMLS": {}, "start": 73, "end": 116, "has_procedure": [{"text": "peer education intervention", "maps_to": "C0886296:intervention", "start": 16, "end": 43}], "has_device": [{"text": "model", "maps_to": "C0026336:model", "start": 0, "end": 5}], "has_relation": "N/A"}], "Outcome": [], "Observation": [], "Count": []}, "Evidence Propositions": []}, {"Section": "RESULTS", "Text": "After the intervention , the self-rating anxiety scale scores ( SAS ) of the intervention group are better than those of the control group ( P < 0.001 ) .", "Evidence Elements": {"Participant": [], "Intervention": [{"term": "intervention", "negation": "affirmed", "UMLS": {}, "start": 10, "end": 22, "has_procedure": [{"text": "intervention", "maps_to": "C0886296:intervention", "start": 0, "end": 12}], "has_relation": "N/A"}], "Outcome": [{"term": "self-rating anxiety scale scores ( SAS )", "negation": "affirmed", "UMLS": {}, "start": 29, "end": 69}], "Observation": [{"term": "better", "negation": "affirmed", "UMLS": {}, "start": 100, "end": 106}], "Count": []}, "Evidence Propositions": [{"Intervention": [{"term": "intervention", "has_procedure": [{"text": "intervention", "maps_to": "C0886296:intervention", "start": 0, "end": 12}], "has_relation": "N/A"}], "Observation": "better", "Outcome": "self-rating anxiety scale scores ( SAS )", "Count": ""}]}, {"Section": "RESULTS", "Text": "Moreover , the self-rating depression scale ( SDS ) scores of both groups are reduced , but the effect is more significant on the intervention group ( P < 0.001 ) than on the control group .", "Evidence Elements": {"Participant": [], "Intervention": [{"term": "both groups", "negation": "affirmed", "UMLS": {}, "start": 62, "end": 73, "has_relation": "N/A"}, {"term": "intervention", "negation": "affirmed", "UMLS": {}, "start": 130, "end": 142, "has_procedure": [{"text": "intervention", "maps_to": "C0886296:intervention", "start": 0, "end": 12}], "has_relation": "N/A"}], "Outcome": [{"term": "self-rating depression scale ( SDS ) scores", "negation": "affirmed", "UMLS": {}, "start": 15, "end": 58}], "Observation": [{"term": "reduced", "negation": "affirmed", "UMLS": {}, "start": 78, "end": 85}, {"term": "more significant", "negation": "affirmed", "UMLS": {}, "start": 106, "end": 122}], "Count": []}, "Evidence Propositions": [{"Intervention": {"term": "both groups", "has_relation": "N/A"}, "Observation": "reduced", "Outcome": "self-rating depression scale ( SDS ) scores", "Count": ""}, {"Intervention": [{"term": "intervention", "has_procedure": [{"text": "intervention", "maps_to": "C0886296:intervention", "start": 0, "end": 12}], "has_relation": "N/A"}], "Observation": "more significant", "Outcome": "", "Count": ""}]}, {"Section": "RESULTS", "Text": "Finally , the total Pittsburgh sleep quality index ( PSQI ) scores of both groups are reduced , but the effect is more significant on the intervention group than on the control group ( P = 0.001 and < 0.001 , respectively ) .", "Evidence Elements": {"Participant": [], "Intervention": [{"term": "both groups", "negation": "affirmed", "UMLS": {}, "start": 70, "end": 81, "has_relation": "N/A"}, {"term": "intervention", "negation": "affirmed", "UMLS": {}, "start": 138, "end": 150, "has_procedure": [{"text": "intervention", "maps_to": "C0886296:intervention", "start": 0, "end": 12}], "has_relation": "N/A"}, {"term": "control", "negation": "affirmed", "UMLS": {}, "start": 169, "end": 176, "has_relation": "N/A"}], "Outcome": [{"term": "total Pittsburgh sleep quality index ( PSQI ) scores", "negation": "affirmed", "UMLS": {}, "start": 14, "end": 66}], "Observation": [{"term": "reduced", "negation": "affirmed", "UMLS": {}, "start": 86, "end": 93}, {"term": "more significant", "negation": "affirmed", "UMLS": {}, "start": 114, "end": 130}], "Count": []}, "Evidence Propositions": [{"Intervention": {"term": "both groups", "has_relation": "N/A"}, "Observation": "reduced", "Outcome": "total Pittsburgh sleep quality index ( PSQI ) scores", "Count": ""}, {"Intervention": [{"term": "intervention", "has_procedure": [{"text": "intervention", "maps_to": "C0886296:intervention", "start": 0, "end": 12}], "has_relation": "N/A"}, {"term": "control", "has_relation": "N/A"}], "Observation": "more significant", "Outcome": "", "Count": ""}]}, {"Section": "CONCLUSIONS", "Text": "Model 328-based peer education intervention can significantly reduce the level of anxiety and depression in adolescents and improve their sleep quality .", "Evidence Elements": {"Participant": [{"term": "adolescents", "negation": "affirmed", "UMLS": {}, "start": 108, "end": 119}], "Intervention": [{"term": "Model 328-based peer education intervention", "negation": "affirmed", "UMLS": {}, "start": 0, "end": 43, "has_procedure": [{"text": "peer education intervention", "maps_to": "C0886296:intervention", "start": 16, "end": 43}], "has_device": [{"text": "model", "maps_to": "C0026336:model", "start": 0, "end": 5}], "has_relation": "N/A"}], "Outcome": [{"term": "level of anxiety and depression", "negation": "affirmed", "UMLS": {}, "start": 73, "end": 104}, {"term": "sleep quality", "negation": "affirmed", "UMLS": {}, "start": 138, "end": 151}], "Observation": [{"term": "significantly reduce", "negation": "affirmed", "UMLS": {}, "start": 48, "end": 68}, {"term": "improve", "negation": "affirmed", "UMLS": {}, "start": 124, "end": 131}], "Count": []}, "Evidence Propositions": [{"Intervention": {"term": "Model 328-based peer education intervention", "has_procedure": [{"text": "peer education intervention", "maps_to": "C0886296:intervention", "start": 16, "end": 43}], "has_device": [{"text": "model", "maps_to": "C0026336:model", "start": 0, "end": 5}], "has_relation": "N/A"}, "Observation": "significantly reduce", "Outcome": "level of anxiety and depression", "Count": ""}, {"Intervention": {"term": "Model 328-based peer education intervention", "has_procedure": [{"text": "peer education intervention", "maps_to": "C0886296:intervention", "start": 16, "end": 43}], "has_device": [{"text": "model", "maps_to": "C0026336:model", "start": 0, "end": 5}], "has_relation": "N/A"}, "Observation": "improve", "Outcome": "sleep quality", "Count": ""}]}]}