{"doc_id": "33400390", "type of study": "Therapy", "title": "", "abstract": "Umbilical cord mesenchymal stem cells for COVID-19 acute respiratory distress syndrome: A double-blind, phase 1/2a, randomized controlled trial.\nAcute respiratory distress syndrome (ARDS) in COVID-19 is associated with high mortality.\nMesenchymal stem cells are known to exert immunomodulatory and anti-inflammatory effects and could yield beneficial effects in COVID-19 ARDS.\nThe objective of this study was to determine safety and explore efficacy of umbilical cord mesenchymal stem cell (UC-MSC) infusions in subjects with COVID-19 ARDS.\nA double-blind, phase 1/2a, randomized, controlled trial was performed.\nRandomization and stratification by ARDS severity was used to foster balance among groups.\nAll subjects were analyzed under intention to treat design.\nTwenty-four subjects were randomized 1:1 to either UC-MSC treatment (n = 12) or the control group (n = 12).\nSubjects in the UC-MSC treatment group received two intravenous infusions (at day 0 and 3) of 100\u2009\u00b1\u200920\u2009\u00d7\u2009106 UC-MSCs; controls received two infusions of vehicle solution.\nBoth groups received best standard of care.\nPrimary endpoint was safety (adverse events [AEs]) within 6 hours; cardiac arrest or death within 24\u2009hours postinfusion).\nSecondary endpoints included patient survival at 31\u2009days after the first infusion and time to recovery.\nNo difference was observed between groups in infusion-associated AEs.\nNo serious adverse events (SAEs) were observed related to UC-MSC infusions.\nUC-MSC infusions in COVID-19 ARDS were found to be safe.\nInflammatory cytokines were significantly decreased in UC-MSC-treated subjects at day 6.\nTreatment was associated with significantly improved patient survival (91% vs 42%, P =\u2009.015), SAE-free survival (P =\u2009.008), and time to recovery (P =\u2009.03).\nUC-MSC infusions are safe and could be beneficial in treating subjects with COVID-19 ARDS.\n\u00a9 2021 The Authors.\nSTEM CELLS TRANSLATIONAL MEDICINE published by Wiley Periodicals LLC on behalf of AlphaMed Press.\n", "Evidence Map": {"Enrollment": [{"term": "COVID-19 acute respiratory distress syndrome", "negation": "affirmed", "UMLS": {}, "start": 42, "end": 86}, {"term": "COVID-19 ARDS", "negation": "affirmed", "UMLS": {}, "start": 20, "end": 33}, {"term": "COVID-19 ARDS", "negation": "affirmed", "UMLS": {}, "start": 76, "end": 89}], "Comparison Results": [], "Study Arm 1 Results": [], "Study Arm 2 Results": [], "Hypothesis": []}, "Sentence-level breakdown": [{"Section": "TITLE", "Text": "Umbilical cord mesenchymal stem cells for COVID-19 acute respiratory distress syndrome : A double-blind , phase 1 / 2a , randomized controlled trial .", "Evidence Elements": {"Participant": [{"term": "COVID-19 acute respiratory distress syndrome", "negation": "affirmed", "UMLS": {}, "start": 42, "end": 86}], "Intervention": [{"term": "Umbilical cord mesenchymal stem cells", "negation": "affirmed", "UMLS": {}, "start": 0, "end": 37, "has_relation": "N/A"}], "Outcome": [], "Observation": [], "Count": []}, "Evidence Propositions": []}, {"Section": "UNKNOWN", "Text": "Acute respiratory distress syndrome ( ARDS ) in COVID-19 is associated with high mortality .", "Evidence Elements": {"Participant": [], "Intervention": [], "Outcome": [], "Observation": [], "Count": []}, "Evidence Propositions": []}, {"Section": "UNKNOWN", "Text": "Mesenchymal stem cells are known to exert immunomodulatory and anti-inflammatory effects and could yield beneficial effects in COVID-19 ARDS .", "Evidence Elements": {"Participant": [], "Intervention": [], "Outcome": [], "Observation": [], "Count": []}, "Evidence Propositions": []}, {"Section": "UNKNOWN", "Text": "The objective of this study was to determine safety and explore efficacy of umbilical cord mesenchymal stem cell ( UC-MSC ) infusions in subjects with COVID-19 ARDS .", "Evidence Elements": {"Participant": [], "Intervention": [{"term": "umbilical cord mesenchymal stem cell ( UC-MSC ) infusions", "negation": "affirmed", "UMLS": {}, "start": 76, "end": 133, "has_relation": "N/A"}], "Outcome": [{"term": "safety", "negation": "affirmed", "UMLS": {}, "start": 45, "end": 51}, {"term": "efficacy", "negation": "affirmed", "UMLS": {}, "start": 64, "end": 72}], "Observation": [], "Count": []}, "Evidence Propositions": []}, {"Section": "UNKNOWN", "Text": "A double-blind , phase 1 / 2a , randomized , controlled trial was performed .", "Evidence Elements": {"Participant": [], "Intervention": [], "Outcome": [], "Observation": [], "Count": []}, "Evidence Propositions": []}, {"Section": "UNKNOWN", "Text": "Randomization and stratification by ARDS severity was used to foster balance among groups .", "Evidence Elements": {"Participant": [], "Intervention": [], "Outcome": [], "Observation": [], "Count": []}, "Evidence Propositions": []}, {"Section": "UNKNOWN", "Text": "All subjects were analyzed under intention to treat design .", "Evidence Elements": {"Participant": [], "Intervention": [], "Outcome": [], "Observation": [], "Count": []}, "Evidence Propositions": []}, {"Section": "UNKNOWN", "Text": "Twenty-four subjects were randomized 1:1 to either UC-MSC treatment ( n = 12 ) or the control group ( n = 12 ) .", "Evidence Elements": {"Participant": [], "Intervention": [{"term": "UC-MSC treatment", "negation": "affirmed", "UMLS": {}, "start": 51, "end": 67, "has_procedure": [{"text": "umbilical cord mesenchymal stem cell treatment", "maps_to": "C0087111:treatment", "start": 0, "end": 46}], "has_relation": "N/A"}, {"term": "control", "negation": "affirmed", "UMLS": {}, "start": 86, "end": 93, "has_relation": "N/A"}], "Outcome": [], "Observation": [], "Count": []}, "Evidence Propositions": []}, {"Section": "UNKNOWN", "Text": "Subjects in the UC-MSC treatment group received two intravenous infusions ( at day 0 and 3 ) of 100 \u00b1 20 \u00d7 106 UC-MSCs ; controls received two infusions of vehicle solution .", "Evidence Elements": {"Participant": [], "Intervention": [{"term": "UC-MSC treatment", "negation": "affirmed", "UMLS": {}, "start": 16, "end": 32, "has_procedure": [{"text": "umbilical cord mesenchymal stem cell treatment", "maps_to": "C0087111:treatment", "start": 0, "end": 46}], "has_relation": "N/A"}, {"term": "UC-MSCs", "negation": "affirmed", "UMLS": {}, "start": 111, "end": 118, "has_relation": "N/A"}], "Outcome": [], "Observation": [], "Count": []}, "Evidence Propositions": []}, {"Section": "UNKNOWN", "Text": "Both groups received best standard of care .", "Evidence Elements": {"Participant": [], "Intervention": [], "Outcome": [], "Observation": [], "Count": []}, "Evidence Propositions": []}, {"Section": "UNKNOWN", "Text": "Primary endpoint was safety ( adverse events [ AEs ] ) within 6 hours ; cardiac arrest or death within 24 hours postinfusion ) .", "Evidence Elements": {"Participant": [], "Intervention": [], "Outcome": [{"term": "safety", "negation": "affirmed", "UMLS": {}, "start": 21, "end": 27}, {"term": "adverse events [ AEs ]", "negation": "affirmed", "UMLS": {}, "start": 30, "end": 52}, {"term": "cardiac arrest", "negation": "affirmed", "UMLS": {}, "start": 72, "end": 86}], "Observation": [], "Count": []}, "Evidence Propositions": []}, {"Section": "UNKNOWN", "Text": "Secondary endpoints included patient survival at 31 days after the first infusion and time to recovery .", "Evidence Elements": {"Participant": [], "Intervention": [], "Outcome": [{"term": "patient survival", "negation": "affirmed", "UMLS": {}, "start": 29, "end": 45}, {"term": "time to recovery", "negation": "affirmed", "UMLS": {}, "start": 86, "end": 102}], "Observation": [], "Count": []}, "Evidence Propositions": []}, {"Section": "UNKNOWN", "Text": "No difference was observed between groups in infusion-associated AEs .", "Evidence Elements": {"Participant": [], "Intervention": [{"term": "between groups", "negation": "negated", "UMLS": {}, "start": 27, "end": 41, "has_relation": "N/A"}], "Outcome": [{"term": "infusion-associated AEs", "negation": "negated", "UMLS": {}, "start": 45, "end": 68}], "Observation": [{"term": "difference", "negation": "negated", "UMLS": {}, "start": 3, "end": 13}], "Count": []}, "Evidence Propositions": [{"Intervention": [{"term": "between groups", "has_relation": "N/A"}], "Observation": "difference", "Outcome": "infusion-associated AEs", "Count": ""}]}, {"Section": "UNKNOWN", "Text": "No serious adverse events ( SAEs ) were observed related to UC-MSC infusions .", "Evidence Elements": {"Participant": [], "Intervention": [], "Outcome": [{"term": "serious adverse events ( SAEs )", "negation": "affirmed", "UMLS": {}, "start": 3, "end": 34}], "Observation": [], "Count": [{"term": "No", "negation": "negated", "UMLS": {}, "start": 0, "end": 2}]}, "Evidence Propositions": []}, {"Section": "UNKNOWN", "Text": "UC-MSC infusions in COVID-19 ARDS were found to be safe .", "Evidence Elements": {"Participant": [{"term": "COVID-19 ARDS", "negation": "affirmed", "UMLS": {}, "start": 20, "end": 33}], "Intervention": [{"term": "UC-MSC infusions", "negation": "affirmed", "UMLS": {}, "start": 0, "end": 16, "has_relation": "N/A"}], "Outcome": [], "Observation": [{"term": "safe", "negation": "affirmed", "UMLS": {}, "start": 51, "end": 55}], "Count": []}, "Evidence Propositions": []}, {"Section": "UNKNOWN", "Text": "Inflammatory cytokines were significantly decreased in UC-MSC-treated subjects at day 6 .", "Evidence Elements": {"Participant": [], "Intervention": [{"term": "UC-MSC-treated", "negation": "affirmed", "UMLS": {}, "start": 55, "end": 69, "has_relation": "N/A"}], "Outcome": [{"term": "Inflammatory cytokines", "negation": "affirmed", "UMLS": {}, "start": 0, "end": 22}], "Observation": [{"term": "significantly decreased", "negation": "affirmed", "UMLS": {}, "start": 28, "end": 51}], "Count": []}, "Evidence Propositions": [{"Intervention": {"term": "UC-MSC-treated", "has_relation": "N/A"}, "Observation": "significantly decreased", "Outcome": "Inflammatory cytokines", "Count": ""}]}, {"Section": "UNKNOWN", "Text": "Treatment was associated with significantly improved patient survival ( 91 % vs 42 % , P = .015 ) , SAE-free survival ( P =.008 ) , and time to recovery ( P = .03 ) .", "Evidence Elements": {"Participant": [], "Intervention": [], "Outcome": [{"term": "patient survival", "negation": "negated", "UMLS": {}, "start": 53, "end": 69}, {"term": "SAE-free survival", "negation": "affirmed", "UMLS": {}, "start": 100, "end": 117}], "Observation": [{"term": "significantly improved", "negation": "negated", "UMLS": {}, "start": 30, "end": 52}, {"term": "91 %", "negation": "affirmed", "UMLS": {}, "start": 72, "end": 76}, {"term": "42 %", "negation": "affirmed", "UMLS": {}, "start": 80, "end": 84}], "Count": []}, "Evidence Propositions": []}, {"Section": "UNKNOWN", "Text": "UC-MSC infusions are safe and could be beneficial in treating subjects with COVID-19 ARDS .", "Evidence Elements": {"Participant": [{"term": "COVID-19 ARDS", "negation": "affirmed", "UMLS": {}, "start": 76, "end": 89}], "Intervention": [{"term": "UC-MSC infusions", "negation": "affirmed", "UMLS": {}, "start": 0, "end": 16, "has_relation": "N/A"}], "Outcome": [], "Observation": [{"term": "safe", "negation": "affirmed", "UMLS": {}, "start": 21, "end": 25}, {"term": "beneficial", "negation": "affirmed", "UMLS": {}, "start": 39, "end": 49}], "Count": []}, "Evidence Propositions": []}, {"Section": "UNKNOWN", "Text": "\u00a9 2021 The Authors .", "Evidence Elements": {"Participant": [], "Intervention": [], "Outcome": [], "Observation": [], "Count": []}, "Evidence Propositions": []}, {"Section": "UNKNOWN", "Text": "STEM CELLS TRANSLATIONAL MEDICINE published by Wiley Periodicals LLC on behalf of AlphaMed Press .", "Evidence Elements": {"Participant": [], "Intervention": [], "Outcome": [], "Observation": [], "Count": []}, "Evidence Propositions": []}]}