{"doc_id": "33427674", "type of study": "Therapy", "title": "", "abstract": "Resource-Based Internet Intervention (Med-Stress) to Improve Well-Being Among Medical Professionals: Randomized Controlled Trial.\nMedical professionals are exposed to multiple and often excessive demands in their work environment.\nLow-intensity internet interventions allow them to benefit from psychological support even when institutional help is not available.\nFocusing on enhancing psychological resources-self-efficacy and perceived social support-makes an intervention relevant for various occupations within the medical profession.\nPreviously, these resources were found to operate both individually or sequentially with self-efficacy either preceding social support (cultivation process) or following it (enabling process).\nThe objective of this randomized controlled trial is to compare the efficacy of 4 variants of Med-Stress, a self-guided internet intervention that aims to improve the multifaceted well-being of medical professionals.\nThis study was conducted before the COVID-19 pandemic.\nParticipants (N=1240) were recruited mainly via media campaigns and social media targeted ads.\nThey were assigned to 1 of the following 4 groups: experimental condition reflecting the cultivation process, experimental condition reflecting the enabling process, active comparator enhancing only self-efficacy, and active comparator enhancing only perceived social support.\nOutcomes included 5 facets of well-being: job stress, job burnout, work engagement, depression, and job-related traumatic stress.\nMeasurements were taken on the web at baseline (time 1), immediately after intervention (time 2), and at a 6-month follow-up (time 3).\nTo analyze the data, linear mixed effects models were used on the intention-to-treat sample.\nThe trial was partially blinded as the information about the duration of the trial, which was different for experimental and control conditions, was public.\nAt time 2, job stress was lower in the condition reflecting the cultivation process than in the one enhancing social support only (d=-0.21), and at time 3, participants in that experimental condition reported the lowest job stress when compared with all 3 remaining study groups (ds between -0.24 and -0.41).\nFor job-related traumatic stress, we found a significant difference between study groups only at time 3: stress was lower in the experimental condition in which self-efficacy was enhanced first than in the active comparator enhancing solely social support (d=-0.24).\nThe same result was found for work engagement (d=-0.20), which means that it was lower in exactly the same condition that was found beneficial for stress relief.\nThere were no differences between study conditions for burnout and depression neither at time 2 nor at time 3.\nThere was a high dropout in the study (1023/1240, 82.50% at posttest), reflecting the pragmatic nature of this trial.\nThe Med-Stress internet intervention improves some components of well-being-most notably job stress-when activities are completed in a specific sequence.\nThe decrease in work engagement could support the notion of dark side of this phenomenon, but further research is needed.\nTRIAL REGISTRATION : ClinicalTrials.gov NCT03475290; https://clinicaltrials.gov/ct2/show/NCT03475290.\nINTERNATIONAL REGISTERED REPORT IDENTIFIER (IRRID) : RR2-10.1186/s13063-019-3401-9.\n\u00a9Ewelina Smoktunowicz, Magdalena Lesnierowska, Per Carlbring, Gerhard Andersson, Roman Cieslak.\nOriginally published in the Journal of Medical Internet Research (http://www.jmir.org), 11.01.2021.\n", "Evidence Map": {"Enrollment": [{"term": "Medical Professionals", "negation": "affirmed", "UMLS": {}, "start": 80, "end": 101}, {"term": "medical", "negation": "affirmed", "UMLS": {}, "start": 195, "end": 202}], "Comparison Results": [], "Study Arm 1 Results": [], "Study Arm 2 Results": [], "Hypothesis": []}, "Sentence-level breakdown": [{"Section": "TITLE", "Text": "Resource-Based Internet Intervention ( Med-Stress ) to Improve Well-Being Among Medical Professionals : Randomized Controlled Trial .", "Evidence Elements": {"Participant": [{"term": "Medical Professionals", "negation": "affirmed", "UMLS": {}, "start": 80, "end": 101}], "Intervention": [{"term": "Resource-Based Internet Intervention ( Med-Stress )", "negation": "affirmed", "UMLS": {}, "start": 0, "end": 51, "has_procedure": [{"text": "internet intervention", "maps_to": "C0886296:intervention", "start": 15, "end": 36}], "has_relation": "N/A"}], "Outcome": [{"term": "Well-Being", "negation": "affirmed", "UMLS": {}, "start": 63, "end": 73}], "Observation": [], "Count": []}, "Evidence Propositions": []}, {"Section": "BACKGROUND", "Text": "Medical professionals are exposed to multiple and often excessive demands in their work environment .", "Evidence Elements": {"Participant": [], "Intervention": [], "Outcome": [], "Observation": [], "Count": []}, "Evidence Propositions": []}, {"Section": "BACKGROUND", "Text": "Low-intensity internet interventions allow them to benefit from psychological support even when institutional help is not available .", "Evidence Elements": {"Participant": [], "Intervention": [{"term": "Low-intensity internet interventions", "negation": "affirmed", "UMLS": {}, "start": 0, "end": 36, "has_procedure": [{"text": "low intensity internet interventions", "maps_to": "C0886296:interventions", "start": 0, "end": 36}], "has_relation": "N/A"}], "Outcome": [{"term": "psychological support", "negation": "affirmed", "UMLS": {}, "start": 64, "end": 85}], "Observation": [{"term": "benefit", "negation": "affirmed", "UMLS": {}, "start": 51, "end": 58}], "Count": []}, "Evidence Propositions": [{"Intervention": {"term": "Low-intensity internet interventions", "has_procedure": [{"text": "low intensity internet interventions", "maps_to": "C0886296:interventions", "start": 0, "end": 36}], "has_relation": "N/A"}, "Observation": "benefit", "Outcome": "psychological support", "Count": ""}]}, {"Section": "BACKGROUND", "Text": "Focusing on enhancing psychological resources -self-efficacy and perceived social support- makes an intervention relevant for various occupations within the medical profession .", "Evidence Elements": {"Participant": [], "Intervention": [], "Outcome": [{"term": "support-", "negation": "affirmed", "UMLS": {}, "start": 82, "end": 90}], "Observation": [], "Count": []}, "Evidence Propositions": []}, {"Section": "BACKGROUND", "Text": "Previously , these resources were found to operate both individually or sequentially with self-efficacy either preceding social support ( cultivation process ) or following it ( enabling process ) .", "Evidence Elements": {"Participant": [], "Intervention": [], "Outcome": [], "Observation": [], "Count": []}, "Evidence Propositions": []}, {"Section": "OBJECTIVE", "Text": "The objective of this randomized controlled trial is to compare the efficacy of 4 variants of Med-Stress , a self-guided internet intervention that aims to improve the multifaceted well-being of medical professionals .", "Evidence Elements": {"Participant": [{"term": "medical", "negation": "affirmed", "UMLS": {}, "start": 195, "end": 202}], "Intervention": [{"term": "4 variants of Med-Stress", "negation": "affirmed", "UMLS": {}, "start": 80, "end": 104, "has_relation": "N/A"}], "Outcome": [{"term": "multifaceted well-being", "negation": "affirmed", "UMLS": {}, "start": 168, "end": 191}], "Observation": [{"term": "improve", "negation": "affirmed", "UMLS": {}, "start": 156, "end": 163}], "Count": []}, "Evidence Propositions": []}, {"Section": "METHODS", "Text": "This study was conducted before the COVID-19 pandemic .", "Evidence Elements": {"Participant": [], "Intervention": [], "Outcome": [], "Observation": [], "Count": []}, "Evidence Propositions": []}, {"Section": "METHODS", "Text": "Participants ( N = 1240 ) were recruited mainly via media campaigns and social media targeted ads .", "Evidence Elements": {"Participant": [], "Intervention": [], "Outcome": [], "Observation": [], "Count": []}, "Evidence Propositions": []}, {"Section": "METHODS", "Text": "They were assigned to 1 of the following 4 groups : experimental condition reflecting the cultivation process , experimental condition reflecting the enabling process , active comparator enhancing only self-efficacy , and active comparator enhancing only perceived social support .", "Evidence Elements": {"Participant": [], "Intervention": [{"term": "experimental condition", "negation": "affirmed", "UMLS": {}, "start": 52, "end": 74, "has_relation": "N/A"}, {"term": "cultivation process", "negation": "affirmed", "UMLS": {}, "start": 90, "end": 109, "has_procedure": [{"text": "cultivation", "maps_to": "C0282547:Cocultivation", "start": 0, "end": 11}], "has_relation": "N/A"}, {"term": "experimental condition", "negation": "affirmed", "UMLS": {}, "start": 52, "end": 74, "has_relation": "N/A"}, {"term": "enabling process", "negation": "affirmed", "UMLS": {}, "start": 150, "end": 166, "has_relation": "N/A"}, {"term": "active comparator enhancing only self-efficacy", "negation": "affirmed", "UMLS": {}, "start": 169, "end": 215, "has_chemical": [{"text": "active comparator enhancing", "maps_to": "C0148445:enhancin", "start": 0, "end": 27}], "has_relation": "N/A"}, {"term": "active comparator enhancing", "negation": "affirmed", "UMLS": {}, "start": 169, "end": 196, "has_chemical": [{"text": "active comparator enhancing", "maps_to": "C0148445:enhancin", "start": 0, "end": 27}], "has_relation": "N/A"}], "Outcome": [], "Observation": [], "Count": []}, "Evidence Propositions": []}, {"Section": "METHODS", "Text": "Outcomes included 5 facets of well-being : job stress , job burnout , work engagement , depression , and job-related traumatic stress .", "Evidence Elements": {"Participant": [], "Intervention": [], "Outcome": [{"term": "5 facets of well-being", "negation": "affirmed", "UMLS": {}, "start": 18, "end": 40}, {"term": "job stress", "negation": "affirmed", "UMLS": {}, "start": 43, "end": 53}, {"term": "job burnout", "negation": "affirmed", "UMLS": {}, "start": 56, "end": 67}, {"term": "work engagement", "negation": "affirmed", "UMLS": {}, "start": 70, "end": 85}, {"term": "depression", "negation": "affirmed", "UMLS": {}, "start": 88, "end": 98}], "Observation": [], "Count": []}, "Evidence Propositions": []}, {"Section": "METHODS", "Text": "Measurements were taken on the web at baseline ( time 1 ) , immediately after intervention ( time 2 ) , and at a 6-month follow-up ( time 3 ) .", "Evidence Elements": {"Participant": [], "Intervention": [], "Outcome": [], "Observation": [], "Count": []}, "Evidence Propositions": []}, {"Section": "METHODS", "Text": "To analyze the data , linear mixed effects models were used on the intention-to-treat sample .", "Evidence Elements": {"Participant": [], "Intervention": [], "Outcome": [], "Observation": [], "Count": []}, "Evidence Propositions": []}, {"Section": "METHODS", "Text": "The trial was partially blinded as the information about the duration of the trial , which was different for experimental and control conditions , was public .", "Evidence Elements": {"Participant": [], "Intervention": [], "Outcome": [], "Observation": [], "Count": []}, "Evidence Propositions": []}, {"Section": "RESULTS", "Text": "At time 2 , job stress was lower in the condition reflecting the cultivation process than in the one enhancing social support only ( d = -0.21 ) , and at time 3 , participants in that experimental condition reported the lowest job stress when compared with all 3 remaining study groups ( ds between -0.24 and -0.41 ) .", "Evidence Elements": {"Participant": [], "Intervention": [{"term": "cultivation process", "negation": "affirmed", "UMLS": {}, "start": 65, "end": 84, "has_procedure": [{"text": "cultivation", "maps_to": "C0282547:Cocultivation", "start": 0, "end": 11}], "has_relation": "N/A"}, {"term": "one enhancing social support only", "negation": "affirmed", "UMLS": {}, "start": 97, "end": 130, "has_activity": [{"text": "enhancing social support", "maps_to": "C0037438:social support", "start": 4, "end": 28, "has_count": ["one"]}], "has_relation": "N/A"}, {"term": "experimental", "negation": "affirmed", "UMLS": {}, "start": 184, "end": 196, "has_relation": "N/A"}, {"term": "all 3 remaining", "negation": "affirmed", "UMLS": {}, "start": 257, "end": 272, "has_relation": "N/A"}], "Outcome": [{"term": "job stress", "negation": "affirmed", "UMLS": {}, "start": 12, "end": 22}, {"term": "job stress", "negation": "affirmed", "UMLS": {}, "start": 12, "end": 22}], "Observation": [{"term": "lower", "negation": "affirmed", "UMLS": {}, "start": 27, "end": 32}, {"term": "lowest", "negation": "affirmed", "UMLS": {}, "start": 220, "end": 226}], "Count": []}, "Evidence Propositions": [{"Intervention": [{"term": "cultivation process", "has_procedure": [{"text": "cultivation", "maps_to": "C0282547:Cocultivation", "start": 0, "end": 11}], "has_relation": "N/A"}, {"term": "one enhancing social support only", "has_activity": [{"text": "enhancing social support", "maps_to": "C0037438:social support", "start": 4, "end": 28, "has_count": ["one"]}], "has_relation": "N/A"}], "Observation": "lower", "Outcome": "job stress", "Count": ""}, {"Intervention": [], "Observation": "lowest", "Outcome": "", "Count": ""}]}, {"Section": "RESULTS", "Text": "For job-related traumatic stress , we found a significant difference between study groups only at time 3 : stress was lower in the experimental condition in which self-efficacy was enhanced first than in the active comparator enhancing solely social support ( d = -0.24 ) .", "Evidence Elements": {"Participant": [], "Intervention": [{"term": "between study groups", "negation": "affirmed", "UMLS": {}, "start": 69, "end": 89, "has_procedure": [{"text": "study", "maps_to": "C0947630:study", "start": 8, "end": 13}], "has_relation": "N/A"}, {"term": "experimental", "negation": "affirmed", "UMLS": {}, "start": 131, "end": 143, "has_relation": "N/A"}, {"term": "active comparator enhancing solely social", "negation": "affirmed", "UMLS": {}, "start": 208, "end": 249, "has_chemical": [{"text": "active comparator enhancing", "maps_to": "C0148445:enhancin", "start": 0, "end": 27}], "has_relation": "N/A"}], "Outcome": [{"term": "job-related traumatic stress", "negation": "affirmed", "UMLS": {}, "start": 4, "end": 32}, {"term": "stress", "negation": "affirmed", "UMLS": {}, "start": 26, "end": 32}, {"term": "self-efficacy", "negation": "affirmed", "UMLS": {}, "start": 163, "end": 176}], "Observation": [{"term": "significant difference", "negation": "affirmed", "UMLS": {}, "start": 46, "end": 68}, {"term": "lower", "negation": "affirmed", "UMLS": {}, "start": 118, "end": 123}, {"term": "enhanced", "negation": "affirmed", "UMLS": {}, "start": 181, "end": 189}], "Count": []}, "Evidence Propositions": [{"Intervention": [], "Observation": "significant difference", "Outcome": "", "Count": ""}, {"Intervention": [{"term": "experimental", "has_relation": "N/A"}, {"term": "active comparator enhancing solely social", "has_chemical": [{"text": "active comparator enhancing", "maps_to": "C0148445:enhancin", "start": 0, "end": 27}], "has_relation": "N/A"}], "Observation": "lower", "Outcome": "stress", "Count": ""}, {"Intervention": {"term": "experimental", "has_relation": "N/A"}, "Observation": "enhanced", "Outcome": "self-efficacy", "Count": ""}, {"Intervention": {"term": "active comparator enhancing solely social", "has_chemical": [{"text": "active comparator enhancing", "maps_to": "C0148445:enhancin", "start": 0, "end": 27}], "has_relation": "N/A"}, "Observation": "enhanced", "Outcome": "self-efficacy", "Count": ""}]}, {"Section": "RESULTS", "Text": "The same result was found for work engagement ( d = -0.20 ) , which means that it was lower in exactly the same condition that was found beneficial for stress relief .", "Evidence Elements": {"Participant": [], "Intervention": [], "Outcome": [{"term": "work engagement", "negation": "affirmed", "UMLS": {}, "start": 30, "end": 45}], "Observation": [{"term": "same result", "negation": "affirmed", "UMLS": {}, "start": 4, "end": 15}, {"term": "d", "negation": "affirmed", "UMLS": {}, "start": 24, "end": 25}, {"term": "-0.20", "negation": "affirmed", "UMLS": {}, "start": 52, "end": 57}, {"term": "lower", "negation": "affirmed", "UMLS": {}, "start": 86, "end": 91}], "Count": []}, "Evidence Propositions": [{"Intervention": [], "Observation": "same result", "Outcome": "work engagement", "Count": ""}, {"Intervention": [], "Observation": "lower", "Outcome": "work engagement", "Count": ""}]}, {"Section": "RESULTS", "Text": "There were no differences between study conditions for burnout and depression neither at time 2 nor at time 3 .", "Evidence Elements": {"Participant": [], "Intervention": [{"term": "study conditions", "negation": "negated", "UMLS": {}, "start": 34, "end": 50, "has_procedure": [{"text": "study", "maps_to": "C0947630:study", "start": 0, "end": 5}], "has_relation": "N/A"}], "Outcome": [{"term": "burnout", "negation": "negated", "UMLS": {}, "start": 55, "end": 62}, {"term": "depression", "negation": "negated", "UMLS": {}, "start": 67, "end": 77}], "Observation": [{"term": "differences", "negation": "negated", "UMLS": {}, "start": 14, "end": 25}], "Count": []}, "Evidence Propositions": [{"Intervention": [{"term": "study conditions", "has_procedure": [{"text": "study", "maps_to": "C0947630:study", "start": 0, "end": 5}], "has_relation": "N/A"}], "Observation": "differences", "Outcome": "burnout", "Count": ""}, {"Intervention": [{"term": "study conditions", "has_procedure": [{"text": "study", "maps_to": "C0947630:study", "start": 0, "end": 5}], "has_relation": "N/A"}], "Observation": "differences", "Outcome": "depression", "Count": ""}]}, {"Section": "RESULTS", "Text": "There was a high dropout in the study ( 1023 / 1240 , 82.50 % at posttest ) , reflecting the pragmatic nature of this trial .", "Evidence Elements": {"Participant": [], "Intervention": [], "Outcome": [{"term": "dropout", "negation": "affirmed", "UMLS": {}, "start": 17, "end": 24}], "Observation": [{"term": "high", "negation": "affirmed", "UMLS": {}, "start": 12, "end": 16}], "Count": [{"term": "1240 , 82.50 %", "negation": "affirmed", "UMLS": {}, "start": 47, "end": 61}]}, "Evidence Propositions": []}, {"Section": "CONCLUSIONS", "Text": "The Med-Stress internet intervention improves some components of well-being - most notably job stress - when activities are completed in a specific sequence .", "Evidence Elements": {"Participant": [], "Intervention": [{"term": "Med-Stress internet intervention", "negation": "affirmed", "UMLS": {}, "start": 4, "end": 36, "has_procedure": [{"text": "stress internet intervention", "maps_to": "C0886296:intervention", "start": 4, "end": 32}], "has_relation": "N/A"}], "Outcome": [{"term": "some components of well-being", "negation": "affirmed", "UMLS": {}, "start": 46, "end": 75}, {"term": "job stress", "negation": "affirmed", "UMLS": {}, "start": 91, "end": 101}], "Observation": [{"term": "improves", "negation": "affirmed", "UMLS": {}, "start": 37, "end": 45}], "Count": []}, "Evidence Propositions": []}, {"Section": "CONCLUSIONS", "Text": "The decrease in work engagement could support the notion of dark side of this phenomenon , but further research is needed .", "Evidence Elements": {"Participant": [], "Intervention": [], "Outcome": [], "Observation": [], "Count": []}, "Evidence Propositions": []}, {"Section": "UNKNOWN", "Text": "TRIAL REGISTRATION : ClinicalTrials.gov NCT03475290 ; https:/ / clinicaltrials.gov / ct2 / show / NCT03475290 .", "Evidence Elements": {"Participant": [], "Intervention": [], "Outcome": [], "Observation": [], "Count": []}, "Evidence Propositions": []}, {"Section": "UNKNOWN", "Text": "INTERNATIONAL REGISTERED REPORT IDENTIFIER ( IRRID ) : RR2-10.1186 / s13063-019-3401-9 .", "Evidence Elements": {"Participant": [], "Intervention": [], "Outcome": [], "Observation": [], "Count": []}, "Evidence Propositions": []}, {"Section": "UNKNOWN", "Text": "\u00a9 ##Ewelina Smoktunowicz, Magdalena Lesnierowska, Per Carlbring, Gerhard Andersson, Roman Cieslak .", "Evidence Elements": {"Participant": [], "Intervention": [], "Outcome": [], "Observation": [], "Count": []}, "Evidence Propositions": []}, {"Section": "UNKNOWN", "Text": "Originally published in the Journal of Medical Internet Research ( http:/ / www . jmir.org ) , 11.01. 2021 .", "Evidence Elements": {"Participant": [], "Intervention": [], "Outcome": [], "Observation": [], "Count": []}, "Evidence Propositions": []}]}