{"doc_id": "33427749", "type of study": "Therapy", "title": "", "abstract": "SARS-CoV-2-specific CD8+ T cell responses in convalescent COVID-19 individuals.\nCharacterization of the T cell response in individuals who recover from severe acute respiratory syndrome coronavirus 2 (SARS-CoV-2) infection is critical to understanding its contribution to protective immunity.\nA multiplexed peptide-MHC tetramer approach was used to screen 408 SARS-CoV-2 candidate epitopes for CD8+ T cell recognition in a cross-sectional sample of 30 coronavirus disease 2019 convalescent individuals.\nT cells were evaluated using a 28-marker phenotypic panel, and findings were modelled against time from diagnosis and from humoral and inflammatory responses.\nThere were 132 SARS-CoV-2-specific CD8+ T cell responses detected across 6 different HLAs, corresponding to 52 unique epitope reactivities.\nCD8+ T cell responses were detected in almost all convalescent individuals and were directed against several structural and nonstructural target epitopes from the entire SARS-CoV-2 proteome.\nA unique phenotype for SARS-CoV-2-specific T cells was observed that was distinct from other common virus-specific T cells detected in the same cross-sectional sample and characterized by early differentiation kinetics.\nModelling demonstrated a coordinated and dynamic immune response characterized by a decrease in inflammation, increase in neutralizing antibody titer, and differentiation of a specific CD8+ T cell response.\nOverall, T cells exhibited distinct differentiation into stem cell and transitional memory states (subsets), which may be key to developing durable protection.\n", "Evidence Map": {"Enrollment": [{"term": "convalescent COVID-19", "negation": "affirmed", "UMLS": {}, "start": 45, "end": 66}, {"term": "coronavirus disease", "negation": "affirmed", "UMLS": {}, "start": 158, "end": 177}, {"term": "convalescent", "negation": "affirmed", "UMLS": {}, "start": 183, "end": 195}, {"term": "Tcells", "negation": "affirmed", "UMLS": {}, "start": 10, "end": 16}], "Comparison Results": [], "Study Arm 1 Results": [], "Study Arm 2 Results": [], "Hypothesis": []}, "Sentence-level breakdown": [{"Section": "TITLE", "Text": "SARS-CoV-2-specific CD8+ T cell responses in convalescent COVID-19 individuals .", "Evidence Elements": {"Participant": [{"term": "convalescent COVID-19", "negation": "affirmed", "UMLS": {}, "start": 45, "end": 66}], "Intervention": [], "Outcome": [{"term": "SARS-CoV-2-specific CD8+ T cell responses", "negation": "affirmed", "UMLS": {}, "start": 0, "end": 41}], "Observation": [], "Count": []}, "Evidence Propositions": []}, {"Section": "UNKNOWN", "Text": "Characterization of the T cell response in individuals who recover from severe acute respiratory syndrome coronavirus 2 ( SARS-CoV-2 ) infection is critical to understanding its contribution to protective immunity .", "Evidence Elements": {"Participant": [], "Intervention": [], "Outcome": [], "Observation": [], "Count": []}, "Evidence Propositions": []}, {"Section": "UNKNOWN", "Text": "A multiplexed peptide-MHC tetramer approach was used to screen 408 SARS-CoV-2 candidate epitopes for CD8+T cell recognition in a cross-sectional sample of 30 coronavirus disease 2019 convalescent individuals .", "Evidence Elements": {"Participant": [{"term": "coronavirus disease", "negation": "affirmed", "UMLS": {}, "start": 158, "end": 177}, {"term": "convalescent", "negation": "affirmed", "UMLS": {}, "start": 183, "end": 195}], "Intervention": [{"term": "SARS-CoV-2", "negation": "affirmed", "UMLS": {}, "start": 67, "end": 77, "has_relation": "N/A"}], "Outcome": [{"term": "CD8+T cell recognition", "negation": "affirmed", "UMLS": {}, "start": 101, "end": 123}], "Observation": [], "Count": []}, "Evidence Propositions": []}, {"Section": "UNKNOWN", "Text": "Tcells were evaluated using a 28-marker phenotypic panel , and findings were modelled against time from diagnosis and from humoral and inflammatory responses .", "Evidence Elements": {"Participant": [], "Intervention": [], "Outcome": [{"term": "Tcells", "negation": "affirmed", "UMLS": {}, "start": 0, "end": 6}], "Observation": [], "Count": []}, "Evidence Propositions": []}, {"Section": "UNKNOWN", "Text": "There were 132 SARS-CoV-2-specific CD8+ T cell responses detected across 6 different HLAs , corresponding to 52 unique epitope reactivities .", "Evidence Elements": {"Participant": [], "Intervention": [], "Outcome": [{"term": "SARS-CoV-2-specific CD8+ T cell responses", "negation": "affirmed", "UMLS": {}, "start": 15, "end": 56}], "Observation": [{"term": "132", "negation": "affirmed", "UMLS": {}, "start": 11, "end": 14}], "Count": []}, "Evidence Propositions": []}, {"Section": "UNKNOWN", "Text": "CD8+ T cell responses were detected in almost all convalescent individuals and were directed against several structural and nonstructural target epitopes from the entire SARS-CoV-2 proteome .", "Evidence Elements": {"Participant": [], "Intervention": [{"term": "convalescent", "negation": "affirmed", "UMLS": {}, "start": 50, "end": 62, "has_relation": "N/A"}], "Outcome": [{"term": "CD8+ T cell responses", "negation": "affirmed", "UMLS": {}, "start": 0, "end": 21}], "Observation": [], "Count": []}, "Evidence Propositions": []}, {"Section": "UNKNOWN", "Text": "A unique phenotype for SARS-CoV-2-specific T cells was observed that was distinct from other common virus-specific T cells detected in the same cross-sectional sample and characterized by early differentiation kinetics .", "Evidence Elements": {"Participant": [], "Intervention": [{"term": "SARS-CoV-2-specific T cells", "negation": "affirmed", "UMLS": {}, "start": 23, "end": 50, "has_relation": "N/A"}, {"term": "T cells", "negation": "affirmed", "UMLS": {}, "start": 43, "end": 50, "has_relation": "N/A"}], "Outcome": [{"term": "phenotype", "negation": "affirmed", "UMLS": {}, "start": 9, "end": 18}], "Observation": [{"term": "unique", "negation": "affirmed", "UMLS": {}, "start": 2, "end": 8}, {"term": "distinct", "negation": "affirmed", "UMLS": {}, "start": 73, "end": 81}], "Count": []}, "Evidence Propositions": []}, {"Section": "UNKNOWN", "Text": "Modelling demonstrated a coordinated and dynamic immune response characterized by a decrease in inflammation , increase in neutralizing antibody titer , and differentiation of a specific CD8+ T cell response .", "Evidence Elements": {"Participant": [], "Intervention": [], "Outcome": [{"term": "immune response", "negation": "affirmed", "UMLS": {}, "start": 49, "end": 64}, {"term": "inflammation", "negation": "affirmed", "UMLS": {}, "start": 96, "end": 108}, {"term": "neutralizing antibody titer", "negation": "affirmed", "UMLS": {}, "start": 123, "end": 150}, {"term": "specific CD8+ T", "negation": "affirmed", "UMLS": {}, "start": 178, "end": 193}], "Observation": [{"term": "coordinated and dynamic", "negation": "affirmed", "UMLS": {}, "start": 25, "end": 48}, {"term": "decrease", "negation": "affirmed", "UMLS": {}, "start": 84, "end": 92}, {"term": "increase", "negation": "affirmed", "UMLS": {}, "start": 111, "end": 119}, {"term": "differentiation", "negation": "affirmed", "UMLS": {}, "start": 157, "end": 172}], "Count": []}, "Evidence Propositions": []}, {"Section": "UNKNOWN", "Text": "Overall , Tcells exhibited distinct differentiation into stem cell and transitional memory states ( subsets ) , which may be key to developing durable protection .", "Evidence Elements": {"Participant": [{"term": "Tcells", "negation": "affirmed", "UMLS": {}, "start": 10, "end": 16}], "Intervention": [], "Outcome": [{"term": "differentiation", "negation": "affirmed", "UMLS": {}, "start": 36, "end": 51}, {"term": "stem cell and transitional memory states ( subsets )", "negation": "affirmed", "UMLS": {}, "start": 57, "end": 109}], "Observation": [{"term": "distinct", "negation": "affirmed", "UMLS": {}, "start": 27, "end": 35}], "Count": []}, "Evidence Propositions": []}]}