{"doc_id": "33432422", "type of study": "Therapy", "title": "", "abstract": "High-security closed devices are efficient and safe to protect human oocytes from potential risk of viral contamination during vitrification and storage especially in the COVID-19 pandemic.\nThe main purpose and research question of the study are to compare the efficacy of high-security closed versus open devices for human oocytes' vitrification.\nA prospective randomized study was conducted.\nA total of 737 patients attending the Infertility and IVF Unit at S.Orsola University Hospital (Italy) between October 2015 and April 2020 were randomly assigned to two groups.\nA total of 368 patients were assigned to group 1 (High-Security Vitrification\u2122 - HSV) and 369 to group 2 (Cryotop\u00ae open system).\nOocyte survival, fertilization, cleavage, pregnancy, implantation, and miscarriage rate were compared between the two groups.\nNo statistically significant differences were observed on survival rate (70.3% vs. 73.3%), fertilization rate (70.8% vs. 74.9%), cleavage rate (90.6% vs. 90.3%), pregnancy/transfer ratio (32.0% vs. 31.8%), implantation rate (19.7% vs. 19.9%), nor miscarriage rates (22.1% vs. 21.5%) between the two groups.\nWomen's mean age in group 1 (36.18 \u00b1 3.92) and group 2 (35.88 \u00b1 3.88) was not significantly different (P = .297).\nA total of 4029 oocytes were vitrified (1980 and 2049 in groups 1 and 2 respectively).\nA total of 2564 were warmed (1469 and 1095 in groups 1 and 2 respectively).\nA total of 1386 morphologically eligible oocytes were inseminated by intracytoplasmic sperm injection (792 and 594 respectively, P = .304).\nThe present study shows that the replacement of the open vitrification system by a closed one has no impact on in vitro and in vivo survival, development, pregnancy and implantation rate.\nFurthermore, to ensure safety, especially during the current COVID-19 pandemic, the use of the closed device eliminates the potential samples' contamination during vitrification and storage.\n", "Evidence Map": {"Enrollment": [{"term": "human oocytes '", "negation": "affirmed", "UMLS": {}, "start": 128, "end": 143}, {"term": "Women", "negation": "affirmed", "UMLS": {}, "start": 0, "end": 5}, {"term": "morphologically eligible oocytes", "negation": "affirmed", "UMLS": {}, "start": 16, "end": 48}], "Comparison Results": [], "Study Arm 1 Results": [], "Study Arm 2 Results": [], "Hypothesis": []}, "Sentence-level breakdown": [{"Section": "TITLE", "Text": "High-security closed devices are efficient and safe to protect human oocytes from potential risk of viral contamination during vitrification and storage especially in the COVID-19 pandemic .", "Evidence Elements": {"Participant": [], "Intervention": [{"term": "High-security closed devices", "negation": "affirmed", "UMLS": {}, "start": 0, "end": 28, "has_relation": "N/A"}], "Outcome": [], "Observation": [{"term": "efficient", "negation": "affirmed", "UMLS": {}, "start": 33, "end": 42}, {"term": "safe", "negation": "affirmed", "UMLS": {}, "start": 47, "end": 51}], "Count": []}, "Evidence Propositions": []}, {"Section": "PURPOSE", "Text": "The main purpose and research question of the study are to compare the efficacy of high-security closed versus open devices for human oocytes ' vitrification .", "Evidence Elements": {"Participant": [{"term": "human oocytes '", "negation": "affirmed", "UMLS": {}, "start": 128, "end": 143}], "Intervention": [{"term": "high-security closed", "negation": "affirmed", "UMLS": {}, "start": 83, "end": 103, "has_relation": "N/A"}, {"term": "open devices", "negation": "affirmed", "UMLS": {}, "start": 111, "end": 123, "has_relation": "N/A"}], "Outcome": [], "Observation": [], "Count": []}, "Evidence Propositions": []}, {"Section": "METHODS", "Text": "A prospective randomized study was conducted .", "Evidence Elements": {"Participant": [], "Intervention": [], "Outcome": [], "Observation": [], "Count": []}, "Evidence Propositions": []}, {"Section": "METHODS", "Text": "A total of 737 patients attending the Infertility and IVF Unit at S. Orsola University Hospital ( Italy ) between October 2015 and April 2020 were randomly assigned to two groups .", "Evidence Elements": {"Participant": [], "Intervention": [], "Outcome": [], "Observation": [], "Count": []}, "Evidence Propositions": []}, {"Section": "METHODS", "Text": "A total of 368 patients were assigned to group 1 ( High-Security [UNK]-HSV ) and 369 to group 2 ( Cryotop ##\u00ae open system ) .", "Evidence Elements": {"Participant": [], "Intervention": [{"term": "group 1", "negation": "affirmed", "UMLS": {}, "start": 41, "end": 48, "has_relation": "N/A"}, {"term": "[UNK]-HSV", "negation": "affirmed", "UMLS": {}, "start": 65, "end": 74, "has_relation": "N/A"}, {"term": "group 2", "negation": "affirmed", "UMLS": {}, "start": 88, "end": 95, "has_relation": "N/A"}, {"term": "##\u00ae", "negation": "affirmed", "UMLS": {}, "start": 106, "end": 109, "has_relation": "N/A"}], "Outcome": [], "Observation": [], "Count": []}, "Evidence Propositions": []}, {"Section": "METHODS", "Text": "Oocyte survival , fertilization , cleavage , pregnancy , implantation , and miscarriage rate were compared between the two groups .", "Evidence Elements": {"Participant": [], "Intervention": [], "Outcome": [{"term": "Oocyte survival", "negation": "affirmed", "UMLS": {}, "start": 0, "end": 15}, {"term": "fertilization", "negation": "affirmed", "UMLS": {}, "start": 18, "end": 31}, {"term": "cleavage", "negation": "affirmed", "UMLS": {}, "start": 34, "end": 42}, {"term": "pregnancy", "negation": "affirmed", "UMLS": {}, "start": 45, "end": 54}, {"term": "implantation", "negation": "affirmed", "UMLS": {}, "start": 57, "end": 69}, {"term": "miscarriage rate", "negation": "affirmed", "UMLS": {}, "start": 76, "end": 92}], "Observation": [], "Count": []}, "Evidence Propositions": []}, {"Section": "RESULTS", "Text": "No statistically significant differences were observed on survival rate ( 70.3 % vs . 73.3 % ) , fertilization rate ( 70.8 % vs . 74.9 % ) , cleavage rate ( 90.6 % vs . 90.3 % ) , pregnancy / transfer ratio ( 32.0 % vs . 31.8 % ) , implantation rate ( 19.7 % vs . 19.9 % ) , nor miscarriage rates ( 22.1 % vs . 21.5 % ) between the two groups .", "Evidence Elements": {"Participant": [], "Intervention": [], "Outcome": [{"term": "survival rate", "negation": "negated", "UMLS": {}, "start": 58, "end": 71}, {"term": "fertilization rate", "negation": "negated", "UMLS": {}, "start": 97, "end": 115}, {"term": "cleavage rate", "negation": "negated", "UMLS": {}, "start": 141, "end": 154}, {"term": "transfer ratio", "negation": "negated", "UMLS": {}, "start": 192, "end": 206}], "Observation": [{"term": "statistically significant differences", "negation": "negated", "UMLS": {}, "start": 3, "end": 40}, {"term": "70.3 %", "negation": "affirmed", "UMLS": {}, "start": 74, "end": 80}, {"term": "73.3 %", "negation": "affirmed", "UMLS": {}, "start": 86, "end": 92}, {"term": "70.8 %", "negation": "affirmed", "UMLS": {}, "start": 118, "end": 124}, {"term": "74.9 %", "negation": "affirmed", "UMLS": {}, "start": 130, "end": 136}, {"term": "90.6 %", "negation": "affirmed", "UMLS": {}, "start": 157, "end": 163}, {"term": "90.3 %", "negation": "affirmed", "UMLS": {}, "start": 169, "end": 175}], "Count": []}, "Evidence Propositions": [{"Intervention": [], "Observation": "statistically significant differences", "Outcome": "survival rate", "Count": ""}, {"Intervention": [], "Observation": "statistically significant differences", "Outcome": "fertilization rate", "Count": ""}]}, {"Section": "RESULTS", "Text": "Women 's mean age in group 1 ( 36.18 \u00b1 3.92 ) and group 2 ( 35.88 \u00b1 3.88 ) was not significantly different ( P =.297 ) .", "Evidence Elements": {"Participant": [{"term": "Women", "negation": "affirmed", "UMLS": {}, "start": 0, "end": 5}], "Intervention": [{"term": "group 1", "negation": "affirmed", "UMLS": {}, "start": 21, "end": 28, "has_relation": "N/A"}, {"term": "group 2", "negation": "affirmed", "UMLS": {}, "start": 50, "end": 57, "has_relation": "N/A"}], "Outcome": [{"term": "mean age", "negation": "affirmed", "UMLS": {}, "start": 9, "end": 17}], "Observation": [{"term": "36.18 \u00b1 3.92", "negation": "affirmed", "UMLS": {}, "start": 31, "end": 43}, {"term": "35.88 \u00b1 3.88", "negation": "affirmed", "UMLS": {}, "start": 60, "end": 72}], "Count": []}, "Evidence Propositions": [{"Intervention": {"term": "group 1", "has_relation": "N/A"}, "Observation": "36.18 \u00b1 3.92", "Outcome": "mean age", "Count": ""}, {"Intervention": {"term": "group 2", "has_relation": "N/A"}, "Observation": "35.88 \u00b1 3.88", "Outcome": "mean age", "Count": ""}]}, {"Section": "RESULTS", "Text": "A total of 4029 oocytes were vitrified ( 1980 and 2049 in groups 1 and 2 respectively ) .", "Evidence Elements": {"Participant": [], "Intervention": [{"term": "groups 1", "negation": "affirmed", "UMLS": {}, "start": 58, "end": 66, "has_relation": "N/A"}, {"term": "2", "negation": "affirmed", "UMLS": {}, "start": 13, "end": 14, "has_relation": "N/A"}], "Outcome": [], "Observation": [], "Count": []}, "Evidence Propositions": []}, {"Section": "RESULTS", "Text": "A total of 2564 were warmed ( 1469 and 1095 in groups 1 and 2 respectively ) .", "Evidence Elements": {"Participant": [], "Intervention": [{"term": "groups 1", "negation": "affirmed", "UMLS": {}, "start": 47, "end": 55, "has_relation": "N/A"}, {"term": "2", "negation": "affirmed", "UMLS": {}, "start": 11, "end": 12, "has_relation": "N/A"}], "Outcome": [{"term": "warmed", "negation": "affirmed", "UMLS": {}, "start": 21, "end": 27}], "Observation": [], "Count": []}, "Evidence Propositions": []}, {"Section": "RESULTS", "Text": "A total of 1386 morphologically eligible oocytes were inseminated by intracytoplasmic sperm injection ( 792 and 594 respectively , P = .304 ) .", "Evidence Elements": {"Participant": [{"term": "morphologically eligible oocytes", "negation": "affirmed", "UMLS": {}, "start": 16, "end": 48}], "Intervention": [{"term": "intracytoplasmic sperm injection", "negation": "affirmed", "UMLS": {}, "start": 69, "end": 101, "has_procedure": [{"text": "intracytoplasmic sperm injection", "maps_to": "C0455164:intracytoplasmic sperm injection", "start": 0, "end": 32, "has_form": ["injection"]}], "has_relation": "N/A"}], "Outcome": [], "Observation": [], "Count": []}, "Evidence Propositions": []}, {"Section": "CONCLUSIONS", "Text": "The present study shows that the replacement of the open vitrification system by a closed one has no impact on in vitro and in vivo survival , development , pregnancy and implantation rate .", "Evidence Elements": {"Participant": [], "Intervention": [{"term": "replacement of the open vitrification system by a closed one", "negation": "affirmed", "UMLS": {}, "start": 33, "end": 93, "has_procedure": [{"text": "replacement", "maps_to": "C0035139:replacement", "start": 0, "end": 11}], "has_relation": "N/A"}], "Outcome": [{"term": "in vitro and in vivo survival", "negation": "negated", "UMLS": {}, "start": 111, "end": 140}, {"term": "development", "negation": "negated", "UMLS": {}, "start": 143, "end": 154}, {"term": "pregnancy", "negation": "negated", "UMLS": {}, "start": 157, "end": 166}], "Observation": [{"term": "impact", "negation": "negated", "UMLS": {}, "start": 101, "end": 107}], "Count": []}, "Evidence Propositions": [{"Intervention": {"term": "replacement of the open vitrification system by a closed one", "has_procedure": [{"text": "replacement", "maps_to": "C0035139:replacement", "start": 0, "end": 11}], "has_relation": "N/A"}, "Observation": "impact", "Outcome": "in vitro and in vivo survival", "Count": ""}, {"Intervention": {"term": "replacement of the open vitrification system by a closed one", "has_procedure": [{"text": "replacement", "maps_to": "C0035139:replacement", "start": 0, "end": 11}], "has_relation": "N/A"}, "Observation": "impact", "Outcome": "development", "Count": ""}]}, {"Section": "CONCLUSIONS", "Text": "Furthermore , to ensure safety , especially during the current COVID-19 pandemic , the use of the closed device eliminates the potential samples ' contamination during vitrification and storage .", "Evidence Elements": {"Participant": [], "Intervention": [], "Outcome": [], "Observation": [], "Count": []}, "Evidence Propositions": []}]}