{"doc_id": "33453703", "type of study": "Therapy", "title": "", "abstract": "Approach to patients with COVID-19 disease: the procedure in Udine.\nCoronavirus disease 2019 poses a serious threat to public health.\nThe protocol developed at the Azienda Sanitaria Universitaria Friuli Centrale (Italy) is based on clinical data, laboratory tests, chest echography and HRCT.\nSeveral therapeutic options are considered, since patients vary in disease severity, evolution and co-morbidities and because so far there are no clear indications about therapeutic strategy based on randomized clinical trial.\nIn this protocol chest echography has a central role in categorizing patient status, follow-up and decision-making.\n", "Evidence Map": {"Enrollment": [{"term": "COVID-19 disease", "negation": "affirmed", "UMLS": {}, "start": 26, "end": 42}], "Comparison Results": [], "Study Arm 1 Results": [], "Study Arm 2 Results": [], "Hypothesis": []}, "Sentence-level breakdown": [{"Section": "TITLE", "Text": "Approach to patients with COVID-19 disease : the procedure in Udine .", "Evidence Elements": {"Participant": [{"term": "COVID-19 disease", "negation": "affirmed", "UMLS": {}, "start": 26, "end": 42}], "Intervention": [], "Outcome": [], "Observation": [], "Count": []}, "Evidence Propositions": []}, {"Section": "UNKNOWN", "Text": "Coronavirus disease 2019 poses a serious threat to public health .", "Evidence Elements": {"Participant": [], "Intervention": [], "Outcome": [], "Observation": [], "Count": []}, "Evidence Propositions": []}, {"Section": "UNKNOWN", "Text": "The protocol developed at the Azienda Sanitaria Universitaria Friuli Centrale ( Italy ) is based on clinical data , laboratory tests , chest echography and HRCT .", "Evidence Elements": {"Participant": [], "Intervention": [], "Outcome": [], "Observation": [], "Count": []}, "Evidence Propositions": []}, {"Section": "UNKNOWN", "Text": "Several therapeutic options are considered , since patients vary in disease severity , evolution and co-morbidities and because so far there are no clear indications about therapeutic strategy based on randomized clinical trial .", "Evidence Elements": {"Participant": [], "Intervention": [], "Outcome": [], "Observation": [], "Count": []}, "Evidence Propositions": []}, {"Section": "UNKNOWN", "Text": "In this protocol chest echography has a central role in categorizing patient status , follow-up and decision-making .", "Evidence Elements": {"Participant": [], "Intervention": [], "Outcome": [], "Observation": [], "Count": []}, "Evidence Propositions": []}]}