{"doc_id": "33525212", "type of study": "Therapy", "title": "", "abstract": "Efficacy and safety of sofosbuvir/ ledipasvir in treatment of patients with COVID-19; A randomized clinical trial.\nThere is no study regarding the use of SOF/LDP in treatment of COVID-19.\n\u00a0 Objectives: In this study, the efficacy and safety of SOF/LDP were assessed in treatment of patients with mild to moderate COVID-19.\nAmong an open-label randomized clinical trial, 82 patients with mild to moderated COVID-19 were assigned to receive either SOF/LDP 400/100 mg daily plus the standard of care (SOF/LDP group, n=42) or the standard of care alone (control group, n=40) for 10 days.\nTime to clinical response, rate of clinical response, duration of hospital and ICU stay and 14-day mortality were assessed.\nClinical response occurred in 91.46% of patients.\nAlthough rates of clinical response were comparable between the groups but it occurred faster in the SOF/LDP group than the control group (2 vs. 4 days respectively, P= 0.02).\nSupportive cares were provided in the medical wards for most patients but 17.07% of patients were transferred to ICU during the hospitalization course.\nHowever, durations of hospital and ICU stay were comparable between the groups.\n\u00a014--day mortality rate was 7.14% and 7.5% in the SOF/ LDP and control groups respectively.\nNo adverse effects leading to drug discontinuation occurred.\nGastrointestinal events (nausea, vomiting and diarrhea) were the most common side effects (15.85%).\nAdded to the standard of care, SOF/LDP accelerated time to the clinical response.\nHowever, rate of clinical response, duration of hospital and ICU stay and 14-day mortality were not different.\nNo significant adverse event was detected.\n\u00a0 More randomized clinical trials with larger sample sizes are needed to confirm the efficacy and safety of SOF/LDP in the treatment of COVID-19.\n", "Evidence Map": {"Enrollment": [{"term": "COVID-19", "negation": "affirmed", "UMLS": {}, "start": 77, "end": 85}, {"term": "COVID-19", "negation": "negated", "UMLS": {}, "start": 65, "end": 73}, {"term": "mild to", "negation": "affirmed", "UMLS": {}, "start": 110, "end": 117}, {"term": "mild to moderated COVID-19", "negation": "affirmed", "UMLS": {}, "start": 65, "end": 91}], "Comparison Results": [], "Study Arm 1 Results": [], "Study Arm 2 Results": [], "Hypothesis": []}, "Sentence-level breakdown": [{"Section": "TITLE", "Text": "Efficacy and safety of sofosbuvir / ledipasvir in treatment of patients with COVID-19 ; A randomized clinical trial .", "Evidence Elements": {"Participant": [{"term": "COVID-19", "negation": "affirmed", "UMLS": {}, "start": 77, "end": 85}], "Intervention": [{"term": "ledipasvir", "negation": "affirmed", "UMLS": {}, "start": 36, "end": 46, "has_chemical": [{"text": "ledipasvir", "maps_to": "C3851350:ledipasvir", "start": 0, "end": 10}], "has_relation": "N/A"}], "Outcome": [{"term": "Efficacy", "negation": "affirmed", "UMLS": {}, "start": 0, "end": 8}, {"term": "safety", "negation": "affirmed", "UMLS": {}, "start": 13, "end": 19}], "Observation": [], "Count": []}, "Evidence Propositions": []}, {"Section": "BACKGROUND", "Text": "There is no study regarding the use of SOF / LDP in treatment of COVID-19 .", "Evidence Elements": {"Participant": [{"term": "COVID-19", "negation": "negated", "UMLS": {}, "start": 65, "end": 73}], "Intervention": [{"term": "LDP", "negation": "negated", "UMLS": {}, "start": 45, "end": 48, "has_relation": "N/A"}], "Outcome": [], "Observation": [], "Count": []}, "Evidence Propositions": []}, {"Section": "BACKGROUND", "Text": "Objectives : In this study , the efficacy and safety of SOF / LDP were assessed in treatment of patients with mild to moderate COVID-19 .", "Evidence Elements": {"Participant": [{"term": "mild to", "negation": "affirmed", "UMLS": {}, "start": 110, "end": 117}], "Intervention": [{"term": "LDP", "negation": "affirmed", "UMLS": {}, "start": 62, "end": 65, "has_relation": "N/A"}], "Outcome": [{"term": "efficacy", "negation": "affirmed", "UMLS": {}, "start": 33, "end": 41}, {"term": "safety", "negation": "affirmed", "UMLS": {}, "start": 46, "end": 52}], "Observation": [], "Count": []}, "Evidence Propositions": []}, {"Section": "METHODS", "Text": "Among an open-label randomized clinical trial , 82 patients with mild to moderated COVID-19 were assigned to receive either SOF / LDP 400 / 100 mg daily plus the standard of care ( SOF / LDP group , n = 42 ) or the standard of care alone ( control group , n = 40 ) for 10 days .", "Evidence Elements": {"Participant": [{"term": "mild to moderated COVID-19", "negation": "affirmed", "UMLS": {}, "start": 65, "end": 91}], "Intervention": [{"term": "LDP", "negation": "affirmed", "UMLS": {}, "start": 130, "end": 133, "has_relation": "N/A"}, {"term": "plus the", "negation": "affirmed", "UMLS": {}, "start": 153, "end": 161, "has_relation": "N/A"}, {"term": "standard of care", "negation": "affirmed", "UMLS": {}, "start": 162, "end": 178, "has_procedure": [{"text": "standard of care", "maps_to": "C2936643:standard of care", "start": 0, "end": 16}], "has_relation": "N/A"}, {"term": "LDP", "negation": "affirmed", "UMLS": {}, "start": 130, "end": 133, "has_relation": "N/A"}, {"term": "standard of care alone", "negation": "affirmed", "UMLS": {}, "start": 215, "end": 237, "has_procedure": [{"text": "standard of care", "maps_to": "C2936643:standard of care", "start": 0, "end": 16}], "has_relation": "N/A"}], "Outcome": [], "Observation": [], "Count": []}, "Evidence Propositions": []}, {"Section": "METHODS", "Text": "Time to clinical response , rate of clinical response , duration of hospital and ICU stay and 14-day mortality were assessed .", "Evidence Elements": {"Participant": [], "Intervention": [], "Outcome": [{"term": "Time to clinical response", "negation": "affirmed", "UMLS": {}, "start": 0, "end": 25}, {"term": "rate of clinical response", "negation": "affirmed", "UMLS": {}, "start": 28, "end": 53}, {"term": "duration of hospital and ICU stay", "negation": "affirmed", "UMLS": {}, "start": 56, "end": 89}, {"term": "14-day mortality", "negation": "affirmed", "UMLS": {}, "start": 94, "end": 110}], "Observation": [], "Count": []}, "Evidence Propositions": []}, {"Section": "RESULTS", "Text": "Clinical response occurred in 91.46 % of patients .", "Evidence Elements": {"Participant": [], "Intervention": [], "Outcome": [{"term": "Clinical response", "negation": "affirmed", "UMLS": {}, "start": 0, "end": 17}], "Observation": [], "Count": [{"term": "91.46 % of", "negation": "affirmed", "UMLS": {}, "start": 30, "end": 40}]}, "Evidence Propositions": []}, {"Section": "RESULTS", "Text": "Although rates of clinical response were comparable between the groups but it occurred faster in the SOF / LDP group than the control group ( 2 vs . 4 days respectively , P = 0.02 ) .", "Evidence Elements": {"Participant": [], "Intervention": [{"term": "between the groups", "negation": "affirmed", "UMLS": {}, "start": 52, "end": 70, "has_relation": "N/A"}, {"term": "LDP", "negation": "affirmed", "UMLS": {}, "start": 107, "end": 110, "has_relation": "N/A"}, {"term": "control", "negation": "affirmed", "UMLS": {}, "start": 126, "end": 133, "has_relation": "N/A"}], "Outcome": [{"term": "rates of clinical response", "negation": "affirmed", "UMLS": {}, "start": 9, "end": 35}], "Observation": [{"term": "comparable", "negation": "affirmed", "UMLS": {}, "start": 41, "end": 51}, {"term": "faster", "negation": "affirmed", "UMLS": {}, "start": 87, "end": 93}, {"term": "2", "negation": "affirmed", "UMLS": {}, "start": 142, "end": 143}, {"term": "4 days", "negation": "affirmed", "UMLS": {}, "start": 149, "end": 155}], "Count": []}, "Evidence Propositions": [{"Intervention": [{"term": "LDP", "has_relation": "N/A"}, {"term": "control", "has_relation": "N/A"}], "Observation": "faster", "Outcome": "rates of clinical response", "Count": ""}, {"Intervention": {"term": "LDP", "has_relation": "N/A"}, "Observation": "2", "Outcome": "rates of clinical response", "Count": ""}, {"Intervention": {"term": "control", "has_relation": "N/A"}, "Observation": "4 days", "Outcome": "rates of clinical response", "Count": ""}]}, {"Section": "RESULTS", "Text": "Supportive cares were provided in the medical wards for most patients but 17.07 % of patients were transferred to ICU during the hospitalization course .", "Evidence Elements": {"Participant": [], "Intervention": [], "Outcome": [{"term": "Supportive cares", "negation": "affirmed", "UMLS": {}, "start": 0, "end": 16}, {"term": "transferred to ICU", "negation": "affirmed", "UMLS": {}, "start": 99, "end": 117}], "Observation": [], "Count": [{"term": "most patients", "negation": "affirmed", "UMLS": {}, "start": 56, "end": 69}, {"term": "17.07 % of patients", "negation": "affirmed", "UMLS": {}, "start": 74, "end": 93}]}, "Evidence Propositions": [{"Intervention": [], "Observation": "", "Count": "most patients", "Outcome": "Supportive cares"}, {"Intervention": [], "Observation": "", "Count": "most patients", "Outcome": "transferred to ICU"}]}, {"Section": "RESULTS", "Text": "However , durations of hospital and ICU stay were comparable between the groups .", "Evidence Elements": {"Participant": [], "Intervention": [{"term": "between the", "negation": "affirmed", "UMLS": {}, "start": 61, "end": 72, "has_relation": "N/A"}], "Outcome": [{"term": "durations of hospital and ICU stay", "negation": "affirmed", "UMLS": {}, "start": 10, "end": 44}], "Observation": [{"term": "comparable", "negation": "affirmed", "UMLS": {}, "start": 50, "end": 60}], "Count": []}, "Evidence Propositions": []}, {"Section": "RESULTS", "Text": "14 --day mortality rate was 7.14 % and 7.5 % in the SOF / LDP and control groups respectively .", "Evidence Elements": {"Participant": [], "Intervention": [{"term": "LDP", "negation": "affirmed", "UMLS": {}, "start": 58, "end": 61, "has_relation": "N/A"}], "Outcome": [{"term": "14 --day mortality rate", "negation": "affirmed", "UMLS": {}, "start": 0, "end": 23}], "Observation": [{"term": "7.14 %", "negation": "affirmed", "UMLS": {}, "start": 28, "end": 34}, {"term": "7.5 %", "negation": "affirmed", "UMLS": {}, "start": 39, "end": 44}], "Count": []}, "Evidence Propositions": [{"Intervention": {"term": "LDP", "has_relation": "N/A"}, "Observation": "7.14 %", "Outcome": "14 --day mortality rate", "Count": ""}]}, {"Section": "RESULTS", "Text": "No adverse effects leading to drug discontinuation occurred .", "Evidence Elements": {"Participant": [], "Intervention": [], "Outcome": [{"term": "adverse effects", "negation": "negated", "UMLS": {}, "start": 3, "end": 18}, {"term": "drug discontinuation", "negation": "negated", "UMLS": {}, "start": 30, "end": 50}], "Observation": [], "Count": [{"term": "No", "negation": "negated", "UMLS": {}, "start": 0, "end": 2}]}, "Evidence Propositions": []}, {"Section": "RESULTS", "Text": "Gastrointestinal events ( nausea , vomiting and diarrhea ) were the most common side effects ( 15.85 % ) .", "Evidence Elements": {"Participant": [], "Intervention": [], "Outcome": [{"term": "Gastrointestinal events", "negation": "affirmed", "UMLS": {}, "start": 0, "end": 23}, {"term": "nausea", "negation": "affirmed", "UMLS": {}, "start": 26, "end": 32}, {"term": "vomiting", "negation": "affirmed", "UMLS": {}, "start": 35, "end": 43}, {"term": "diarrhea", "negation": "affirmed", "UMLS": {}, "start": 48, "end": 56}], "Observation": [{"term": "most common", "negation": "affirmed", "UMLS": {}, "start": 68, "end": 79}], "Count": []}, "Evidence Propositions": [{"Intervention": [], "Observation": "most common", "Outcome": "Gastrointestinal events", "Count": ""}, {"Intervention": [], "Observation": "most common", "Outcome": "nausea", "Count": ""}, {"Intervention": [], "Observation": "most common", "Outcome": "vomiting", "Count": ""}, {"Intervention": [], "Observation": "most common", "Outcome": "diarrhea", "Count": ""}]}, {"Section": "CONCLUSION", "Text": "Added to the standard of care , SOF / LDP accelerated time to the clinical response .", "Evidence Elements": {"Participant": [], "Intervention": [{"term": "Added to the standard of care", "negation": "affirmed", "UMLS": {}, "start": 0, "end": 29, "has_procedure": [{"text": "standard of care", "maps_to": "C2936643:standard of care", "start": 13, "end": 29}], "has_relation": "N/A"}, {"term": "LDP", "negation": "affirmed", "UMLS": {}, "start": 38, "end": 41, "has_relation": "N/A"}], "Outcome": [{"term": "time to the clinical", "negation": "affirmed", "UMLS": {}, "start": 54, "end": 74}], "Observation": [{"term": "accelerated", "negation": "affirmed", "UMLS": {}, "start": 42, "end": 53}], "Count": []}, "Evidence Propositions": []}, {"Section": "CONCLUSION", "Text": "However , rate of clinical response , duration of hospital and ICU stay and 14-day mortality were not different .", "Evidence Elements": {"Participant": [], "Intervention": [], "Outcome": [{"term": "rate of clinical response", "negation": "affirmed", "UMLS": {}, "start": 10, "end": 35}, {"term": "duration of hospital and ICU stay", "negation": "affirmed", "UMLS": {}, "start": 38, "end": 71}, {"term": "14-day mortality", "negation": "affirmed", "UMLS": {}, "start": 76, "end": 92}], "Observation": [], "Count": []}, "Evidence Propositions": []}, {"Section": "CONCLUSION", "Text": "No significant adverse event was detected .", "Evidence Elements": {"Participant": [], "Intervention": [], "Outcome": [{"term": "significant adverse event", "negation": "affirmed", "UMLS": {}, "start": 3, "end": 28}], "Observation": [], "Count": [{"term": "No", "negation": "affirmed", "UMLS": {}, "start": 0, "end": 2}]}, "Evidence Propositions": []}, {"Section": "CONCLUSION", "Text": "More randomized clinical trials with larger sample sizes are needed to confirm the efficacy and safety of SOF / LDP in the treatment of COVID-19 .", "Evidence Elements": {"Participant": [], "Intervention": [], "Outcome": [], "Observation": [], "Count": []}, "Evidence Propositions": []}]}