{"doc_id": "33534047", "type of study": "Therapy", "title": "", "abstract": "Methylprednisolone in adults hospitalized with COVID-19 pneumonia An open-label randomized trial (GLUCOCOVID).\nTo determine whether a\u00a06-day course of methylprednisolone (MP) improves outcome in patients with severe SARS-CoV\u20112 (Corona Virus Disease 2019 [COVID-19]).\nThe study was a\u00a0multicentric open-label trial of COVID-19\u00a0patients who were aged \u2265\u202f18\u00a0years, receiving oxygen without mechanical ventilation, and with evidence of systemic inflammatory response who were assigned to standard of care (SOC) or SOC plus intravenous MP (40\u202fmg bid for 3 days followed by 20\u202fmg bid for 3 days).\nThe primary outcome was a\u00a0composite of death, admission to the intensive care unit, or requirement for noninvasive ventilation.\nBoth intention-to-treat (ITT) and per protocol (PP) analyses were performed.\nA total of 91 patients were screened, and 64 were randomized (mean age70\u202f\u00b1\u200912\u00a0years).\nIn the ITT analysis, 14 of 29\u00a0patients (48%) in the SOC group and 14 of 35 (40%) in the MP group suffered the composite endpoint (40% versus 20% in patients under 72\u00a0years and 67% versus 48% in those over 72\u00a0years; p\u202f=\u20090.25).\nIn the PP analysis, patients on MP had a\u00a0significantly lower risk of experiencing the composite endpoint (age-adjusted risk ratio 0.42; 95% confidence interval, CI 0.20-0.89; p\u202f=\u20090.043).\nThe planned sample size was not achieved, and our results should therefore be interpreted with caution.\nThe use of MP had no significant effect on the primary endpoint in ITT analysis; however, the PP analysis showed a\u00a0beneficial effect due to MP, which consistent with other published trials support the use of glucocorticoids in severe cases of COVID-19.\n", "Evidence Map": {"Enrollment": [{"term": "adults", "negation": "affirmed", "UMLS": {}, "start": 22, "end": 28}, {"term": "hospitalized", "negation": "affirmed", "UMLS": {}, "start": 29, "end": 41}, {"term": "COVID-19 pneumonia", "negation": "affirmed", "UMLS": {}, "start": 47, "end": 65}, {"term": "severe SARS-CoV\u20112", "negation": "affirmed", "UMLS": {}, "start": 99, "end": 116}, {"term": "COVID-19", "negation": "affirmed", "UMLS": {}, "start": 49, "end": 57}, {"term": "oxygen without mechanical ventilation", "negation": "affirmed", "UMLS": {}, "start": 104, "end": 141}, {"term": "systemic inflammatory response", "negation": "negated", "UMLS": {}, "start": 165, "end": 195}, {"term": "severe", "negation": "affirmed", "UMLS": {}, "start": 230, "end": 236}], "Comparison Results": [], "Study Arm 1 Results": [], "Study Arm 2 Results": [], "Hypothesis": []}, "Sentence-level breakdown": [{"Section": "TITLE", "Text": "Methylprednisolone in adults hospitalized with COVID-19 pneumonia An open-label randomized trial ( GLUCOCOVID ) .", "Evidence Elements": {"Participant": [{"term": "adults", "negation": "affirmed", "UMLS": {}, "start": 22, "end": 28}, {"term": "hospitalized", "negation": "affirmed", "UMLS": {}, "start": 29, "end": 41}, {"term": "COVID-19 pneumonia", "negation": "affirmed", "UMLS": {}, "start": 47, "end": 65}], "Intervention": [{"term": "Methylprednisolone", "negation": "affirmed", "UMLS": {}, "start": 0, "end": 18, "has_chemical": [{"text": "methylprednisolone", "maps_to": "C0025815:methylprednisolone", "start": 0, "end": 18}], "has_relation": "N/A"}], "Outcome": [], "Observation": [], "Count": []}, "Evidence Propositions": []}, {"Section": "PURPOSE", "Text": "To determine whether a 6-day course of methylprednisolone ( MP ) improves outcome in patients with severe SARS-CoV\u20112 ( Corona Virus Disease 2019 [ COVID-19 ] ) .", "Evidence Elements": {"Participant": [{"term": "severe SARS-CoV\u20112", "negation": "affirmed", "UMLS": {}, "start": 99, "end": 116}], "Intervention": [{"term": "methylprednisolone ( MP )", "negation": "affirmed", "UMLS": {}, "start": 39, "end": 64, "has_chemical": [{"text": "methylprednisolone", "maps_to": "C0025815:methylprednisolone", "start": 0, "end": 18}], "has_relation": "N/A"}], "Outcome": [{"term": "outcome", "negation": "affirmed", "UMLS": {}, "start": 74, "end": 81}], "Observation": [{"term": "improves", "negation": "affirmed", "UMLS": {}, "start": 65, "end": 73}], "Count": []}, "Evidence Propositions": []}, {"Section": "METHODS", "Text": "The study was a multicentric open-label trial of COVID-19 patients who were aged \u2265 18 years , receiving oxygen without mechanical ventilation , and with evidence of systemic inflammatory response who were assigned to standard of care ( SOC ) or SOC plus intravenous MP ( 40 mg bid for 3 days followed by 20 mg bid for 3 days ) .", "Evidence Elements": {"Participant": [{"term": "COVID-19", "negation": "affirmed", "UMLS": {}, "start": 49, "end": 57}, {"term": "oxygen without mechanical ventilation", "negation": "affirmed", "UMLS": {}, "start": 104, "end": 141}, {"term": "systemic inflammatory response", "negation": "negated", "UMLS": {}, "start": 165, "end": 195}], "Intervention": [{"term": "standard of care ( SOC )", "negation": "affirmed", "UMLS": {}, "start": 217, "end": 241, "has_procedure": [{"text": "standard of care", "maps_to": "C2936643:standard of care", "start": 0, "end": 16}], "has_relation": "N/A"}, {"term": "SOC plus intravenous MP", "negation": "affirmed", "UMLS": {}, "start": 245, "end": 268, "has_chemical": [{"text": "methylprednisolone", "maps_to": "C0025815:methylprednisolone", "start": 34, "end": 52, "has_route": ["intravenous"]}], "has_procedure": [{"text": "standard of care", "maps_to": "C2936643:standard of care", "start": 0, "end": 16}], "has_relation": "combined_with (C2936643<->C0025815)"}], "Outcome": [], "Observation": [], "Count": []}, "Evidence Propositions": []}, {"Section": "METHODS", "Text": "The primary outcome was a composite of death , admission to the intensive care unit , or requirement for noninvasive ventilation .", "Evidence Elements": {"Participant": [], "Intervention": [], "Outcome": [{"term": "composite of death", "negation": "affirmed", "UMLS": {}, "start": 26, "end": 44}, {"term": "admission to the intensive care unit", "negation": "affirmed", "UMLS": {}, "start": 47, "end": 83}, {"term": "requirement for", "negation": "affirmed", "UMLS": {}, "start": 89, "end": 104}], "Observation": [], "Count": []}, "Evidence Propositions": []}, {"Section": "METHODS", "Text": "Both intention-to-treat ( ITT ) and per protocol ( PP ) analyses were performed .", "Evidence Elements": {"Participant": [], "Intervention": [], "Outcome": [], "Observation": [], "Count": []}, "Evidence Propositions": []}, {"Section": "RESULTS", "Text": "A total of 91 patients were screened , and 64 were randomized ( mean age ##70 \u00b1 12 years ) .", "Evidence Elements": {"Participant": [], "Intervention": [], "Outcome": [], "Observation": [], "Count": []}, "Evidence Propositions": []}, {"Section": "RESULTS", "Text": "In the ITT analysis , 14 of 29 patients ( 48 % ) in the SOC group and 14 of 35 ( 40 % ) in the MP group suffered the composite endpoint ( 40 % versus 20 % in patients under 72 years and 67 % versus 48 % in those over 72 years ; p = 0.25 ) .", "Evidence Elements": {"Participant": [], "Intervention": [{"term": "SOC", "negation": "affirmed", "UMLS": {}, "start": 56, "end": 59, "has_procedure": [{"text": "standard of care", "maps_to": "C2936643:standard of care", "start": 0, "end": 16}], "has_relation": "N/A"}, {"term": "MP", "negation": "affirmed", "UMLS": {}, "start": 95, "end": 97, "has_chemical": [{"text": "methylprednisolone", "maps_to": "C0025815:methylprednisolone", "start": 0, "end": 18}], "has_relation": "N/A"}, {"term": "under 72 years", "negation": "affirmed", "UMLS": {}, "start": 167, "end": 181, "has_relation": "N/A"}], "Outcome": [{"term": "composite endpoint", "negation": "affirmed", "UMLS": {}, "start": 117, "end": 135}], "Observation": [{"term": "40 %", "negation": "affirmed", "UMLS": {}, "start": 81, "end": 85}], "Count": [{"term": "14 of 29 patients ( 48 % )", "negation": "affirmed", "UMLS": {}, "start": 22, "end": 48}, {"term": "14 of 35 ( 40 % )", "negation": "affirmed", "UMLS": {}, "start": 70, "end": 87}, {"term": "20 %", "negation": "affirmed", "UMLS": {}, "start": 150, "end": 154}, {"term": "67", "negation": "affirmed", "UMLS": {}, "start": 186, "end": 188}]}, "Evidence Propositions": [{"Intervention": {"term": "SOC", "has_procedure": [{"text": "standard of care", "maps_to": "C2936643:standard of care", "start": 0, "end": 16}], "has_relation": "N/A"}, "Observation": "40 %", "Outcome": "composite endpoint", "Count": ""}, {"Intervention": {"term": "MP", "has_chemical": [{"text": "methylprednisolone", "maps_to": "C0025815:methylprednisolone", "start": 0, "end": 18}], "has_relation": "N/A"}, "Observation": "40 %", "Outcome": "composite endpoint", "Count": ""}, {"Intervention": {"term": "SOC", "has_procedure": [{"text": "standard of care", "maps_to": "C2936643:standard of care", "start": 0, "end": 16}], "has_relation": "N/A"}, "Observation": "", "Count": "14 of 29 patients ( 48 % )", "Outcome": "composite endpoint"}, {"Intervention": {"term": "MP", "has_chemical": [{"text": "methylprednisolone", "maps_to": "C0025815:methylprednisolone", "start": 0, "end": 18}], "has_relation": "N/A"}, "Observation": "", "Count": "14 of 35 ( 40 % )", "Outcome": "composite endpoint"}, {"Intervention": {"term": "under 72 years", "has_relation": "N/A"}, "Observation": "", "Count": "20 %", "Outcome": "composite endpoint"}, {"Intervention": {"term": "MP", "has_chemical": [{"text": "methylprednisolone", "maps_to": "C0025815:methylprednisolone", "start": 0, "end": 18}], "has_relation": "N/A"}, "Observation": "", "Count": "67", "Outcome": "composite endpoint"}]}, {"Section": "RESULTS", "Text": "In the PP analysis , patients on MP had a significantly lower risk of experiencing the composite endpoint ( age-adjusted risk ratio 0.42 ; 95 % confidence interval , CI 0.20-0.89 ; p=0.043 ) .", "Evidence Elements": {"Participant": [], "Intervention": [{"term": "MP", "negation": "affirmed", "UMLS": {}, "start": 33, "end": 35, "has_chemical": [{"text": "methylprednisolone", "maps_to": "C0025815:methylprednisolone", "start": 0, "end": 18}], "has_relation": "N/A"}], "Outcome": [{"term": "risk of experiencing the composite endpoint", "negation": "affirmed", "UMLS": {}, "start": 62, "end": 105}], "Observation": [{"term": "significantly lower", "negation": "affirmed", "UMLS": {}, "start": 42, "end": 61}], "Count": []}, "Evidence Propositions": []}, {"Section": "CONCLUSION", "Text": "The planned sample size was not achieved , and our results should therefore be interpreted with caution .", "Evidence Elements": {"Participant": [], "Intervention": [], "Outcome": [], "Observation": [], "Count": []}, "Evidence Propositions": []}, {"Section": "CONCLUSION", "Text": "The use of MP had no significant effect on the primary endpoint in ITT analysis ; however , the PP analysis showed a beneficial effect due to MP , which consistent with other published trials support the use of glucocorticoids in severe cases of COVID-19 .", "Evidence Elements": {"Participant": [{"term": "severe", "negation": "affirmed", "UMLS": {}, "start": 230, "end": 236}], "Intervention": [{"term": "MP", "negation": "affirmed", "UMLS": {}, "start": 11, "end": 13, "has_chemical": [{"text": "methylprednisolone", "maps_to": "C0025815:methylprednisolone", "start": 0, "end": 18}], "has_relation": "N/A"}, {"term": "MP", "negation": "affirmed", "UMLS": {}, "start": 11, "end": 13, "has_chemical": [{"text": "methylprednisolone", "maps_to": "C0025815:methylprednisolone", "start": 0, "end": 18}], "has_relation": "N/A"}, {"term": "glucocorticoids", "negation": "affirmed", "UMLS": {}, "start": 211, "end": 226, "has_chemical": [{"text": "glucocorticoids", "maps_to": "C3540777:Glucocorticoids", "start": 0, "end": 15}], "has_relation": "N/A"}], "Outcome": [{"term": "primary endpoint", "negation": "negated", "UMLS": {}, "start": 47, "end": 63}], "Observation": [{"term": "significant effect", "negation": "affirmed", "UMLS": {}, "start": 21, "end": 39}, {"term": "beneficial effect", "negation": "affirmed", "UMLS": {}, "start": 117, "end": 134}], "Count": []}, "Evidence Propositions": [{"Intervention": {"term": "MP", "has_chemical": [{"text": "methylprednisolone", "maps_to": "C0025815:methylprednisolone", "start": 0, "end": 18}], "has_relation": "N/A"}, "Observation": "significant effect", "Outcome": "primary endpoint", "Count": ""}]}]}