{"doc_id": "33545094", "type of study": "Therapy", "title": "", "abstract": "Safety and efficacy of an rAd26 and rAd5 vector-based heterologous prime-boost COVID-19 vaccine: an interim analysis of a randomised controlled phase 3 trial in Russia.\nA heterologous recombinant adenovirus (rAd)-based vaccine, Gam-COVID-Vac (Sputnik V), showed a good safety profile and induced strong humoral and cellular immune responses in participants in phase 1/2 clinical trials.\nHere, we report preliminary results on the efficacy and safety of Gam-COVID-Vac from the interim analysis of this phase 3 trial.\nWe did a randomised, double-blind, placebo-controlled, phase 3 trial at 25 hospitals and polyclinics in Moscow, Russia.\nWe included participants aged at least 18 years, with negative SARS-CoV-2 PCR and IgG and IgM tests, no infectious diseases in the 14 days before enrolment, and no other vaccinations in the 30 days before enrolment.\nParticipants were randomly assigned (3:1) to receive vaccine or placebo, with stratification by age group.\nInvestigators, participants, and all study staff were masked to group assignment.\nThe vaccine was administered (0\u00b75 mL/dose) intramuscularly in a prime-boost regimen: a 21-day interval between the first dose (rAd26) and the second dose (rAd5), both vectors carrying the gene for the full-length SARS-CoV-2 glycoprotein S. The primary outcome was the proportion of participants with PCR-confirmed COVID-19 from day 21 after receiving the first dose.\nAll analyses excluded participants with protocol violations: the primary outcome was assessed in participants who had received two doses of vaccine or placebo, serious adverse events were assessed in all participants who had received at least one dose at the time of database lock, and rare adverse events were assessed in all participants who had received two doses and for whom all available data were verified in the case report form at the time of database lock.\nThe trial is registered at ClinicalTrials.gov (NCT04530396).\nBetween Sept 7 and Nov 24, 2020, 21\u2008977 adults were randomly assigned to the vaccine group (n=16\u2008501) or the placebo group (n=5476).\n19\u2008866 received two doses of vaccine or placebo and were included in the primary outcome analysis.\nFrom 21 days after the first dose of vaccine (the day of dose 2), 16 (0\u00b71%) of 14\u2008964 participants in the vaccine group and 62 (1\u00b73%) of 4902 in the placebo group were confirmed to have COVID-19; vaccine efficacy was 91\u00b76% (95% CI 85\u00b76-95\u00b72).\nMost reported adverse events were grade 1 (7485 [94\u00b70%] of 7966 total events).\n45 (0\u00b73%) of 16\u2008427 participants in the vaccine group and 23 (0\u00b74%) of 5435 participants in the placebo group had serious adverse events; none were considered associated with vaccination, with confirmation from the independent data monitoring committee.\nFour deaths were reported during the study (three [<0\u00b71%] of 16 427 participants in the vaccine group and one [<0\u00b71%] of 5435 participants in the placebo group), none of which were considered related to the vaccine.\nThis interim analysis of the phase 3 trial of Gam-COVID-Vac showed 91\u00b76% efficacy against COVID-19 and was well tolerated in a large cohort.\nMoscow City Health Department, Russian Direct Investment Fund, and Sberbank.\nCopyright \u00a9 2021 Elsevier Ltd. All rights reserved.\n", "Evidence Map": {"Enrollment": [{"term": "SARS-CoV-2 PCR", "negation": "affirmed", "UMLS": {}, "start": 64, "end": 78}, {"term": "infectious diseases", "negation": "negated", "UMLS": {}, "start": 106, "end": 125}, {"term": "other vaccinations", "negation": "negated", "UMLS": {}, "start": 167, "end": 185}], "Comparison Results": [], "Study Arm 1 Results": [], "Study Arm 2 Results": [], "Hypothesis": []}, "Sentence-level breakdown": [{"Section": "TITLE", "Text": "Safety and efficacy of an rAd26 and rAd5 vector-based heterologous prime-boost COVID-19 vaccine : an interim analysis of a randomised controlled phase 3 trial in Russia .", "Evidence Elements": {"Participant": [], "Intervention": [{"term": "rAd26 and rAd5 vector-based heterologous prime-boost COVID-19 vaccine", "negation": "affirmed", "UMLS": {}, "start": 26, "end": 95, "has_chemical": [{"text": "vaccine", "maps_to": "C0042210:vaccine", "start": 62, "end": 69, "has_count": ["19"]}], "has_relation": "N/A"}], "Outcome": [{"term": "Safety", "negation": "affirmed", "UMLS": {}, "start": 0, "end": 6}, {"term": "efficacy", "negation": "affirmed", "UMLS": {}, "start": 11, "end": 19}], "Observation": [], "Count": []}, "Evidence Propositions": []}, {"Section": "BACKGROUND", "Text": "A heterologous recombinant adenovirus ( rAd ) -based vaccine , Gam-COVID-Vac ( Sputnik V ) , showed a good safety profile and induced strong humoral and cellular immune responses in participants in phase 1 / 2 clinical trials .", "Evidence Elements": {"Participant": [], "Intervention": [{"term": "heterologous recombinant adenovirus ( rAd ) -based vaccine", "negation": "affirmed", "UMLS": {}, "start": 2, "end": 60, "has_chemical": [{"text": "heterologous recombinant adenovirus", "maps_to": "C1514767:recombinant adenovirus-p53", "start": 0, "end": 35}, {"text": "vaccine", "maps_to": "C0042210:vaccine", "start": 42, "end": 49}], "has_relation": "N/A"}, {"term": "Gam-COVID-Vac ( Sputnik V )", "negation": "affirmed", "UMLS": {}, "start": 63, "end": 90, "has_chemical": [{"text": "gam", "maps_to": "C0061057:gam", "start": 0, "end": 3}], "has_relation": "N/A"}], "Outcome": [{"term": "safety", "negation": "affirmed", "UMLS": {}, "start": 107, "end": 113}, {"term": "humoral and cellular immune responses", "negation": "affirmed", "UMLS": {}, "start": 141, "end": 178}], "Observation": [{"term": "good", "negation": "affirmed", "UMLS": {}, "start": 102, "end": 106}, {"term": "strong", "negation": "affirmed", "UMLS": {}, "start": 134, "end": 140}], "Count": []}, "Evidence Propositions": []}, {"Section": "BACKGROUND", "Text": "Here , we report preliminary results on the efficacy and safety of Gam-COVID-Vac from the interim analysis of this phase 3 trial .", "Evidence Elements": {"Participant": [], "Intervention": [{"term": "Gam-COVID-Vac", "negation": "affirmed", "UMLS": {}, "start": 67, "end": 80, "has_chemical": [{"text": "gam", "maps_to": "C0061057:gam", "start": 0, "end": 3}], "has_relation": "N/A"}], "Outcome": [{"term": "efficacy", "negation": "affirmed", "UMLS": {}, "start": 44, "end": 52}, {"term": "safety", "negation": "affirmed", "UMLS": {}, "start": 57, "end": 63}], "Observation": [], "Count": []}, "Evidence Propositions": []}, {"Section": "METHODS", "Text": "We did a randomised , double-blind , placebo-controlled, phase 3 trial at 25 hospitals and polyclinics in Moscow , Russia .", "Evidence Elements": {"Participant": [], "Intervention": [], "Outcome": [], "Observation": [], "Count": []}, "Evidence Propositions": []}, {"Section": "METHODS", "Text": "We included participants aged at least 18 years , with negative SARS-CoV-2 PCR and IgG and IgM tests , no infectious diseases in the 14 days before enrolment , and no other vaccinations in the 30 days before enrolment .", "Evidence Elements": {"Participant": [{"term": "SARS-CoV-2 PCR", "negation": "affirmed", "UMLS": {}, "start": 64, "end": 78}, {"term": "infectious diseases", "negation": "negated", "UMLS": {}, "start": 106, "end": 125}, {"term": "other vaccinations", "negation": "negated", "UMLS": {}, "start": 167, "end": 185}], "Intervention": [], "Outcome": [], "Observation": [], "Count": []}, "Evidence Propositions": []}, {"Section": "METHODS", "Text": "Participants were randomly assigned (3:1) to receive vaccine or placebo , with stratification by age group .", "Evidence Elements": {"Participant": [], "Intervention": [{"term": "vaccine", "negation": "affirmed", "UMLS": {}, "start": 53, "end": 60, "has_chemical": [{"text": "vaccine", "maps_to": "C0042210:vaccine", "start": 0, "end": 7}], "has_relation": "N/A"}, {"term": "placebo", "negation": "affirmed", "UMLS": {}, "start": 64, "end": 71, "has_procedure": [{"text": "placebo", "maps_to": "C0032042:placebos", "start": 0, "end": 7}], "has_relation": "N/A"}], "Outcome": [], "Observation": [], "Count": []}, "Evidence Propositions": []}, {"Section": "METHODS", "Text": "Investigators , participants , and all study staff were masked to group assignment .", "Evidence Elements": {"Participant": [], "Intervention": [], "Outcome": [], "Observation": [], "Count": []}, "Evidence Propositions": []}, {"Section": "METHODS", "Text": "The vaccine was administered ( 0\u00b75 mL / dose ) intramuscularly in a prime-boost regimen : a 21-day interval between the first dose ( rAd26 ) and the second dose ( rAd5 ) , both vectors carrying the gene for the full-length SARS-CoV-2 glycoprotein S . The primary outcome was the proportion of participants with PCR-confirmed COVID-19 from day 21 after receiving the first dose .", "Evidence Elements": {"Participant": [], "Intervention": [{"term": "vaccine", "negation": "affirmed", "UMLS": {}, "start": 4, "end": 11, "has_chemical": [{"text": "vaccine", "maps_to": "C0042210:vaccine", "start": 0, "end": 7}], "has_relation": "N/A"}, {"term": "between the first dose ( rAd26 ) and the second dose ( rAd5 )", "negation": "affirmed", "UMLS": {}, "start": 108, "end": 169, "has_relation": "N/A"}], "Outcome": [{"term": "proportion of participants with PCR-confirmed", "negation": "affirmed", "UMLS": {}, "start": 279, "end": 324}], "Observation": [], "Count": []}, "Evidence Propositions": []}, {"Section": "METHODS", "Text": "All analyses excluded participants with protocol violations : the primary outcome was assessed in participants who had received two doses of vaccine or placebo , serious adverse events were assessed in all participants who had received at least one dose at the time of database lock , and rare adverse events were assessed in all participants who had received two doses and for whom all available data were verified in the case report form at the time of database lock .", "Evidence Elements": {"Participant": [], "Intervention": [{"term": "two doses of vaccine", "negation": "affirmed", "UMLS": {}, "start": 128, "end": 148, "has_chemical": [{"text": "vaccine", "maps_to": "C0042210:vaccine", "start": 13, "end": 20, "has_dosage": ["two doses"]}], "has_relation": "N/A"}, {"term": "placebo", "negation": "affirmed", "UMLS": {}, "start": 152, "end": 159, "has_procedure": [{"text": "placebo", "maps_to": "C0032042:placebos", "start": 0, "end": 7}], "has_relation": "N/A"}, {"term": "two doses", "negation": "affirmed", "UMLS": {}, "start": 128, "end": 137, "has_relation": "N/A"}], "Outcome": [{"term": "serious adverse events", "negation": "affirmed", "UMLS": {}, "start": 162, "end": 184}, {"term": "rare adverse events", "negation": "affirmed", "UMLS": {}, "start": 289, "end": 308}], "Observation": [], "Count": []}, "Evidence Propositions": []}, {"Section": "METHODS", "Text": "The trial is registered at ClinicalTrials.gov ( NCT04530396 ) .", "Evidence Elements": {"Participant": [], "Intervention": [], "Outcome": [], "Observation": [], "Count": []}, "Evidence Propositions": []}, {"Section": "FINDINGS", "Text": "Between Sept 7 and Nov 24 , 2020 , 21 977 adults were randomly assigned to the vaccine group ( n = 16 501 ) or the placebo group ( n = 5476 ) .", "Evidence Elements": {"Participant": [], "Intervention": [{"term": "vaccine", "negation": "affirmed", "UMLS": {}, "start": 79, "end": 86, "has_chemical": [{"text": "vaccine", "maps_to": "C0042210:vaccine", "start": 0, "end": 7}], "has_relation": "N/A"}], "Outcome": [], "Observation": [], "Count": []}, "Evidence Propositions": []}, {"Section": "FINDINGS", "Text": "19 866 received two doses of vaccine or placebo and were included in the primary outcome analysis .", "Evidence Elements": {"Participant": [], "Intervention": [{"term": "vaccine", "negation": "affirmed", "UMLS": {}, "start": 29, "end": 36, "has_chemical": [{"text": "vaccine", "maps_to": "C0042210:vaccine", "start": 0, "end": 7}], "has_relation": "N/A"}, {"term": "placebo", "negation": "affirmed", "UMLS": {}, "start": 40, "end": 47, "has_procedure": [{"text": "placebo", "maps_to": "C0032042:placebos", "start": 0, "end": 7}], "has_relation": "N/A"}], "Outcome": [], "Observation": [], "Count": []}, "Evidence Propositions": []}, {"Section": "FINDINGS", "Text": "From 21 days after the first dose of vaccine ( the day of dose 2 ) , 16 ( 0\u00b71 % ) of 14 964 participants in the vaccine group and 62 ( 1\u00b73 % ) of 4902 in the placebo group were confirmed to have COVID-19 ; vaccine efficacy was 91\u00b76 % ( 95 % CI 85\u00b76-95\u00b72 ) .", "Evidence Elements": {"Participant": [], "Intervention": [{"term": "vaccine", "negation": "affirmed", "UMLS": {}, "start": 37, "end": 44, "has_chemical": [{"text": "vaccine", "maps_to": "C0042210:vaccine", "start": 0, "end": 7}], "has_relation": "N/A"}, {"term": "placebo", "negation": "affirmed", "UMLS": {}, "start": 158, "end": 165, "has_procedure": [{"text": "placebo", "maps_to": "C0032042:placebos", "start": 0, "end": 7}], "has_relation": "N/A"}], "Outcome": [], "Observation": [], "Count": [{"term": "16 ( 0\u00b71 % ) of 14 964 participants", "negation": "affirmed", "UMLS": {}, "start": 69, "end": 104}, {"term": "62 ( 1\u00b73 % ) of 4902", "negation": "affirmed", "UMLS": {}, "start": 130, "end": 150}]}, "Evidence Propositions": []}, {"Section": "FINDINGS", "Text": "Most reported adverse events were grade 1 ( 7485 [ 94\u00b70 % ] of 7966 total events ) .", "Evidence Elements": {"Participant": [], "Intervention": [], "Outcome": [{"term": "Most reported adverse events", "negation": "affirmed", "UMLS": {}, "start": 0, "end": 28}, {"term": "grade 1", "negation": "affirmed", "UMLS": {}, "start": 34, "end": 41}], "Observation": [], "Count": [{"term": "7485 [ 94\u00b70 % ]", "negation": "affirmed", "UMLS": {}, "start": 44, "end": 59}]}, "Evidence Propositions": []}, {"Section": "FINDINGS", "Text": "45 ( 0\u00b73 % ) of 16 427 participants in the vaccine group and 23 ( 0\u00b74 % ) of 5435 participants in the placebo group had serious adverse events ; none were considered associated with vaccination , with confirmation from the independent data monitoring committee .", "Evidence Elements": {"Participant": [], "Intervention": [{"term": "vaccine", "negation": "affirmed", "UMLS": {}, "start": 43, "end": 50, "has_chemical": [{"text": "vaccine", "maps_to": "C0042210:vaccine", "start": 0, "end": 7}], "has_relation": "N/A"}, {"term": "placebo", "negation": "affirmed", "UMLS": {}, "start": 102, "end": 109, "has_procedure": [{"text": "placebo", "maps_to": "C0032042:placebos", "start": 0, "end": 7}], "has_relation": "N/A"}], "Outcome": [{"term": "serious adverse events", "negation": "affirmed", "UMLS": {}, "start": 120, "end": 142}, {"term": "associated", "negation": "affirmed", "UMLS": {}, "start": 166, "end": 176}, {"term": "vaccination", "negation": "affirmed", "UMLS": {}, "start": 182, "end": 193}], "Observation": [], "Count": [{"term": "45 ( 0\u00b73 % ) of 16 427 participants", "negation": "affirmed", "UMLS": {}, "start": 0, "end": 35}, {"term": "23 ( 0\u00b74 % ) of 5435 participants", "negation": "affirmed", "UMLS": {}, "start": 61, "end": 94}, {"term": "none", "negation": "affirmed", "UMLS": {}, "start": 145, "end": 149}]}, "Evidence Propositions": [{"Intervention": {"term": "vaccine", "has_chemical": [{"text": "vaccine", "maps_to": "C0042210:vaccine", "start": 0, "end": 7}], "has_relation": "N/A"}, "Observation": "", "Count": "45 ( 0\u00b73 % ) of 16 427 participants", "Outcome": "serious adverse events"}, {"Intervention": {"term": "placebo", "has_procedure": [{"text": "placebo", "maps_to": "C0032042:placebos", "start": 0, "end": 7}], "has_relation": "N/A"}, "Observation": "", "Count": "23 ( 0\u00b74 % ) of 5435 participants", "Outcome": "serious adverse events"}]}, {"Section": "FINDINGS", "Text": "Four deaths were reported during the study ( three [ < 0\u00b71 % ] of 16 427 participants in the vaccine group and one [ < 0\u00b71 % ] of 5435 participants in the placebo group ) , none of which were considered related to the vaccine .", "Evidence Elements": {"Participant": [], "Intervention": [{"term": "vaccine", "negation": "negated", "UMLS": {}, "start": 93, "end": 100, "has_chemical": [{"text": "vaccine", "maps_to": "C0042210:vaccine", "start": 0, "end": 7}], "has_relation": "N/A"}, {"term": "placebo", "negation": "affirmed", "UMLS": {}, "start": 155, "end": 162, "has_procedure": [{"text": "placebo", "maps_to": "C0032042:placebos", "start": 0, "end": 7}], "has_relation": "N/A"}], "Outcome": [{"term": "deaths", "negation": "affirmed", "UMLS": {}, "start": 5, "end": 11}], "Observation": [], "Count": [{"term": "Four", "negation": "affirmed", "UMLS": {}, "start": 0, "end": 4}, {"term": "three [ < 0\u00b71 % ] of 16 427 participants", "negation": "affirmed", "UMLS": {}, "start": 45, "end": 85}, {"term": "one [ < 0\u00b71 % ] of 5435 participants", "negation": "affirmed", "UMLS": {}, "start": 111, "end": 147}]}, "Evidence Propositions": []}, {"Section": "INTERPRETATION", "Text": "This interim analysis of the phase 3 trial of Gam-COVID-Vac showed 91\u00b76 % efficacy against COVID-19 and was well tolerated in a large cohort .", "Evidence Elements": {"Participant": [], "Intervention": [{"term": "Gam-COVID-Vac", "negation": "affirmed", "UMLS": {}, "start": 46, "end": 59, "has_chemical": [{"text": "gam", "maps_to": "C0061057:gam", "start": 0, "end": 3}], "has_relation": "N/A"}], "Outcome": [{"term": "efficacy", "negation": "affirmed", "UMLS": {}, "start": 74, "end": 82}, {"term": "COVID-19", "negation": "affirmed", "UMLS": {}, "start": 91, "end": 99}], "Observation": [{"term": "91\u00b76 %", "negation": "affirmed", "UMLS": {}, "start": 67, "end": 73}, {"term": "well tolerated", "negation": "affirmed", "UMLS": {}, "start": 108, "end": 122}], "Count": []}, "Evidence Propositions": []}, {"Section": "FUNDING", "Text": "Moscow City Health Department , Russian Direct Investment Fund , and Sberbank .", "Evidence Elements": {"Participant": [], "Intervention": [], "Outcome": [], "Observation": [], "Count": []}, "Evidence Propositions": []}, {"Section": "UNKNOWN", "Text": "Copyright \u00a9 2021 Elsevier Ltd . All rights reserved .", "Evidence Elements": {"Participant": [], "Intervention": [], "Outcome": [], "Observation": [], "Count": []}, "Evidence Propositions": []}]}