{"doc_id": "33595634", "type of study": "Therapy", "title": "", "abstract": "Effect of a Single High Dose of Vitamin D3 on Hospital Length of Stay in Patients With Moderate to Severe COVID-19: A Randomized Clinical Trial.\nImportance : The efficacy of vitamin D3 supplementation in coronavirus disease 2019 (COVID-19) remains unclear.\nObjective : To investigate the effect of a single high dose of vitamin D3 on hospital length of stay in patients with COVID-19.\nDesign, Setting, and Participants : This was a multicenter, double-blind, randomized, placebo-controlled trial conducted in 2 sites in Sao Paulo, Brazil.\nThe study included 240 hospitalized patients with COVID-19 who were moderately to severely ill at the time of enrollment from June 2, 2020, to August 27, 2020.\nThe final follow-up was on October 7, 2020.\nInterventions : Patients were randomly assigned to receive a single oral dose of 200\u202f000 IU of vitamin D3 (n\u2009=\u2009120) or placebo (n\u2009=\u2009120).\nMain Outcomes and Measures : The primary outcome was length of stay, defined as the time from the date of randomization to hospital discharge.\nPrespecified secondary outcomes included mortality during hospitalization; the number of patients admitted to the intensive care unit; the number of patients who required mechanical ventilation and the duration of mechanical ventilation; and serum levels of 25-hydroxyvitamin D, total calcium, creatinine, and C-reactive protein.\nResults : Of 240 randomized patients, 237 were included in the primary analysis (mean [SD] age, 56.2 [14.4] years; 104 [43.9%] women; mean [SD] baseline 25-hydroxyvitamin D level, 20.9 [9.2] ng/mL).\nMedian (interquartile range) length of stay was not significantly different between the vitamin D3 (7.0 [4.0-10.0] days) and placebo groups (7.0 [5.0-13.0] days) (log-rank P\u2009=\u2009.59; unadjusted hazard ratio for hospital discharge, 1.07 [95% CI, 0.82-1.39]; P\u2009=\u2009.62).\nThe difference between the vitamin D3 group and the placebo group was not significant for in-hospital mortality (7.6% vs 5.1%; difference, 2.5% [95% CI, -4.1% to 9.2%]; P\u2009=\u2009.43), admission to the intensive care unit (16.0% vs 21.2%; difference, -5.2% [95% CI, -15.1% to 4.7%]; P\u2009=\u2009.30), or need for mechanical ventilation (7.6% vs 14.4%; difference, -6.8% [95% CI, -15.1% to 1.2%]; P\u2009=\u2009.09).\nMean serum levels of 25-hydroxyvitamin D significantly increased after a single dose of vitamin D3 vs placebo (44.4 ng/mL vs 19.8 ng/mL; difference, 24.1 ng/mL [95% CI, 19.5-28.7]; P\u2009<\u2009.001).\nThere were no adverse events, but an episode of vomiting was associated with the intervention.\nConclusions and Relevance : Among hospitalized patients with COVID-19, a single high dose of vitamin D3, compared with placebo, did not significantly reduce hospital length of stay.\nThe findings do not support the use of a high dose of vitamin D3 for treatment of moderate to severe COVID-19.\nTrial Registration : ClinicalTrials.gov Identifier: NCT04449718.\n", "Evidence Map": {"Enrollment": [{"term": "Moderate to Severe COVID-19", "negation": "affirmed", "UMLS": {}, "start": 87, "end": 114}, {"term": "COVID-19", "negation": "affirmed", "UMLS": {}, "start": 118, "end": 126}, {"term": "hospitalized patients", "negation": "affirmed", "UMLS": {}, "start": 23, "end": 44}, {"term": "COVID-19", "negation": "affirmed", "UMLS": {}, "start": 50, "end": 58}, {"term": "moderately to severely ill", "negation": "affirmed", "UMLS": {}, "start": 68, "end": 94}, {"term": "hospitalized patients", "negation": "affirmed", "UMLS": {}, "start": 34, "end": 55}, {"term": "COVID-19", "negation": "affirmed", "UMLS": {}, "start": 61, "end": 69}, {"term": "moderate to severe COVID-19", "negation": "negated", "UMLS": {}, "start": 82, "end": 109}], "Comparison Results": [], "Study Arm 1 Results": [], "Study Arm 2 Results": [], "Hypothesis": []}, "Sentence-level breakdown": [{"Section": "TITLE", "Text": "Effect of a Single High Dose of Vitamin D3 on Hospital Length of Stay in Patients With Moderate to Severe COVID-19 : A Randomized Clinical Trial .", "Evidence Elements": {"Participant": [{"term": "Moderate to Severe COVID-19", "negation": "affirmed", "UMLS": {}, "start": 87, "end": 114}], "Intervention": [{"term": "Single High Dose of Vitamin D3", "negation": "affirmed", "UMLS": {}, "start": 12, "end": 42, "has_chemical": [{"text": "vitamin d3", "maps_to": "C0008318:vitamin d3", "start": 20, "end": 30, "has_dosage": ["high dose"]}], "has_relation": "N/A"}], "Outcome": [{"term": "Hospital Length of Stay", "negation": "affirmed", "UMLS": {}, "start": 46, "end": 69}], "Observation": [], "Count": []}, "Evidence Propositions": []}, {"Section": "UNKNOWN", "Text": "Importance : The efficacy of vitamin D3 supplementation in coronavirus disease 2019 ( COVID-19 ) remains unclear .", "Evidence Elements": {"Participant": [], "Intervention": [], "Outcome": [], "Observation": [], "Count": []}, "Evidence Propositions": []}, {"Section": "UNKNOWN", "Text": "Objective : To investigate the effect of a single high dose of vitamin D3 on hospital length of stay in patients with COVID-19 .", "Evidence Elements": {"Participant": [{"term": "COVID-19", "negation": "affirmed", "UMLS": {}, "start": 118, "end": 126}], "Intervention": [{"term": "single high dose of vitamin D3", "negation": "affirmed", "UMLS": {}, "start": 43, "end": 73, "has_chemical": [{"text": "vitamin d3", "maps_to": "C0008318:vitamin d3", "start": 20, "end": 30, "has_dosage": ["high dose"]}], "has_relation": "N/A"}], "Outcome": [{"term": "hospital length of stay", "negation": "affirmed", "UMLS": {}, "start": 77, "end": 100}], "Observation": [], "Count": []}, "Evidence Propositions": []}, {"Section": "UNKNOWN", "Text": "Design , Setting , and Participants : This was a multicenter , double-blind , randomized , placebo-controlled trial conducted in 2 sites in Sao Paulo , Brazil .", "Evidence Elements": {"Participant": [], "Intervention": [], "Outcome": [], "Observation": [], "Count": []}, "Evidence Propositions": []}, {"Section": "UNKNOWN", "Text": "The study included 240 hospitalized patients with COVID-19 who were moderately to severely ill at the time of enrollment from June 2 , 2020 , to August 27 , 2020 .", "Evidence Elements": {"Participant": [{"term": "hospitalized patients", "negation": "affirmed", "UMLS": {}, "start": 23, "end": 44}, {"term": "COVID-19", "negation": "affirmed", "UMLS": {}, "start": 50, "end": 58}, {"term": "moderately to severely ill", "negation": "affirmed", "UMLS": {}, "start": 68, "end": 94}], "Intervention": [], "Outcome": [], "Observation": [], "Count": []}, "Evidence Propositions": []}, {"Section": "UNKNOWN", "Text": "The final follow-up was on October 7 , 2020 .", "Evidence Elements": {"Participant": [], "Intervention": [], "Outcome": [], "Observation": [], "Count": []}, "Evidence Propositions": []}, {"Section": "UNKNOWN", "Text": "Interventions : Patients were randomly assigned to receive a single oral dose of 200 000 IU of vitamin D3 ( n = 120 ) or placebo ( n = 120 ) .", "Evidence Elements": {"Participant": [], "Intervention": [{"term": "vitamin D3", "negation": "affirmed", "UMLS": {}, "start": 95, "end": 105, "has_chemical": [{"text": "vitamin d3", "maps_to": "C0008318:vitamin d3", "start": 0, "end": 10}], "has_relation": "N/A"}, {"term": "placebo", "negation": "affirmed", "UMLS": {}, "start": 121, "end": 128, "has_procedure": [{"text": "placebo", "maps_to": "C0032042:placebos", "start": 0, "end": 7}], "has_relation": "N/A"}], "Outcome": [], "Observation": [], "Count": []}, "Evidence Propositions": []}, {"Section": "UNKNOWN", "Text": "Main Outcomes and Measures : The primary outcome was length of stay , defined as the time from the date of randomization to hospital discharge .", "Evidence Elements": {"Participant": [], "Intervention": [], "Outcome": [{"term": "length of stay", "negation": "affirmed", "UMLS": {}, "start": 53, "end": 67}, {"term": "time from", "negation": "affirmed", "UMLS": {}, "start": 85, "end": 94}, {"term": "to hospital", "negation": "affirmed", "UMLS": {}, "start": 121, "end": 132}], "Observation": [], "Count": []}, "Evidence Propositions": []}, {"Section": "UNKNOWN", "Text": "Prespecified secondary outcomes included mortality during hospitalization ; the number of patients admitted to the intensive care unit ; the number of patients who required mechanical ventilation and the duration of mechanical ventilation ; and serum levels of 25-hydroxyvitamin D , total calcium , creatinine , and C-reactive protein .", "Evidence Elements": {"Participant": [], "Intervention": [], "Outcome": [{"term": "mortality during hospitalization", "negation": "affirmed", "UMLS": {}, "start": 41, "end": 73}, {"term": "number of patients admitted to the intensive care unit", "negation": "affirmed", "UMLS": {}, "start": 80, "end": 134}, {"term": "number of patients who required mechanical ventilation", "negation": "affirmed", "UMLS": {}, "start": 141, "end": 195}, {"term": "duration of mechanical ventilation", "negation": "affirmed", "UMLS": {}, "start": 204, "end": 238}, {"term": "serum levels of 25-hydroxyvitamin D , total calcium", "negation": "affirmed", "UMLS": {}, "start": 245, "end": 296}], "Observation": [], "Count": []}, "Evidence Propositions": []}, {"Section": "UNKNOWN", "Text": "Results : Of 240 randomized patients , 237 were included in the primary analysis ( mean [ SD ] age , 56.2 [ 14.4 ] years ; 104 [ 43.9 % ] women ; mean [ SD ] baseline 25-hydroxyvitamin D level , 20.9 [ 9.2 ] ng / mL ) .", "Evidence Elements": {"Participant": [], "Intervention": [], "Outcome": [], "Observation": [], "Count": []}, "Evidence Propositions": []}, {"Section": "UNKNOWN", "Text": "Median ( interquartile range ) length of stay was not significantly different between the vitamin D3 ( 7.0 [ 4.0-10.0 ] days ) and placebo groups ( 7.0 [ 5.0-13.0 ] days ) ( log-rank P =.59 ; unadjusted hazard ratio for hospital discharge , 1.07 [ 95 % CI , 0.82-1.39 ] ; P =.62 ) .", "Evidence Elements": {"Participant": [], "Intervention": [{"term": "vitamin D3", "negation": "negated", "UMLS": {}, "start": 90, "end": 100, "has_chemical": [{"text": "vitamin d3", "maps_to": "C0008318:vitamin d3", "start": 0, "end": 10}], "has_relation": "N/A"}, {"term": "placebo", "negation": "negated", "UMLS": {}, "start": 131, "end": 138, "has_procedure": [{"text": "placebo", "maps_to": "C0032042:placebos", "start": 0, "end": 7}], "has_relation": "N/A"}], "Outcome": [{"term": "Median ( interquartile range ) length of stay", "negation": "affirmed", "UMLS": {}, "start": 0, "end": 45}], "Observation": [{"term": "significantly different", "negation": "negated", "UMLS": {}, "start": 54, "end": 77}, {"term": "7.0 [ 4.0-10.0 ] days", "negation": "negated", "UMLS": {}, "start": 103, "end": 124}, {"term": "7.0 [ 5.0-13.0 ] days", "negation": "negated", "UMLS": {}, "start": 148, "end": 169}], "Count": []}, "Evidence Propositions": [{"Intervention": [{"term": "vitamin D3", "has_chemical": [{"text": "vitamin d3", "maps_to": "C0008318:vitamin d3", "start": 0, "end": 10}], "has_relation": "N/A"}, {"term": "placebo", "has_procedure": [{"text": "placebo", "maps_to": "C0032042:placebos", "start": 0, "end": 7}], "has_relation": "N/A"}], "Observation": "significantly different", "Outcome": "Median ( interquartile range ) length of stay", "Count": ""}, {"Intervention": {"term": "vitamin D3", "has_chemical": [{"text": "vitamin d3", "maps_to": "C0008318:vitamin d3", "start": 0, "end": 10}], "has_relation": "N/A"}, "Observation": "7.0 [ 4.0-10.0 ] days", "Outcome": "Median ( interquartile range ) length of stay", "Count": ""}, {"Intervention": {"term": "placebo", "has_procedure": [{"text": "placebo", "maps_to": "C0032042:placebos", "start": 0, "end": 7}], "has_relation": "N/A"}, "Observation": "7.0 [ 5.0-13.0 ] days", "Outcome": "Median ( interquartile range ) length of stay", "Count": ""}]}, {"Section": "UNKNOWN", "Text": "The difference between the vitamin D3 group and the placebo group was not significant for in-hospital mortality ( 7.6 % vs 5.1 % ; difference , 2.5 % [ 95 % CI , -4.1 % to 9.2 % ] ; P =.43 ) , admission to the intensive care unit ( 16.0 % vs 21.2 % ; difference , -5.2 % [ 95 % CI , -15.1 % to 4.7 % ] ; P =.30 ) , or need for mechanical ventilation ( 7.6 % vs 14.4 % ; difference , -6.8 % [ 95 % CI , -15.1 % to 1.2 % ] ; P =.09 ) .", "Evidence Elements": {"Participant": [], "Intervention": [{"term": "vitamin D3", "negation": "affirmed", "UMLS": {}, "start": 27, "end": 37, "has_chemical": [{"text": "vitamin d3", "maps_to": "C0008318:vitamin d3", "start": 0, "end": 10}], "has_relation": "N/A"}, {"term": "placebo", "negation": "affirmed", "UMLS": {}, "start": 52, "end": 59, "has_procedure": [{"text": "placebo", "maps_to": "C0032042:placebos", "start": 0, "end": 7}], "has_relation": "N/A"}], "Outcome": [{"term": "difference", "negation": "negated", "UMLS": {}, "start": 4, "end": 14}, {"term": "in-hospital mortality", "negation": "negated", "UMLS": {}, "start": 90, "end": 111}, {"term": "admission to the intensive care unit", "negation": "negated", "UMLS": {}, "start": 193, "end": 229}], "Observation": [{"term": "significant", "negation": "negated", "UMLS": {}, "start": 74, "end": 85}, {"term": "7.6 %", "negation": "affirmed", "UMLS": {}, "start": 114, "end": 119}, {"term": "5.1 %", "negation": "affirmed", "UMLS": {}, "start": 123, "end": 128}, {"term": "16.0 %", "negation": "affirmed", "UMLS": {}, "start": 232, "end": 238}, {"term": "21.2 %", "negation": "affirmed", "UMLS": {}, "start": 242, "end": 248}], "Count": []}, "Evidence Propositions": [{"Intervention": {"term": "placebo", "has_procedure": [{"text": "placebo", "maps_to": "C0032042:placebos", "start": 0, "end": 7}], "has_relation": "N/A"}, "Observation": "significant", "Outcome": "difference", "Count": ""}, {"Intervention": {"term": "placebo", "has_procedure": [{"text": "placebo", "maps_to": "C0032042:placebos", "start": 0, "end": 7}], "has_relation": "N/A"}, "Observation": "significant", "Outcome": "in-hospital mortality", "Count": ""}, {"Intervention": {"term": "vitamin D3", "has_chemical": [{"text": "vitamin d3", "maps_to": "C0008318:vitamin d3", "start": 0, "end": 10}], "has_relation": "N/A"}, "Observation": "7.6 %", "Outcome": "difference", "Count": ""}, {"Intervention": {"term": "vitamin D3", "has_chemical": [{"text": "vitamin d3", "maps_to": "C0008318:vitamin d3", "start": 0, "end": 10}], "has_relation": "N/A"}, "Observation": "7.6 %", "Outcome": "in-hospital mortality", "Count": ""}, {"Intervention": {"term": "placebo", "has_procedure": [{"text": "placebo", "maps_to": "C0032042:placebos", "start": 0, "end": 7}], "has_relation": "N/A"}, "Observation": "5.1 %", "Outcome": "in-hospital mortality", "Count": ""}, {"Intervention": {"term": "vitamin D3", "has_chemical": [{"text": "vitamin d3", "maps_to": "C0008318:vitamin d3", "start": 0, "end": 10}], "has_relation": "N/A"}, "Observation": "16.0 %", "Outcome": "difference", "Count": ""}, {"Intervention": {"term": "vitamin D3", "has_chemical": [{"text": "vitamin d3", "maps_to": "C0008318:vitamin d3", "start": 0, "end": 10}], "has_relation": "N/A"}, "Observation": "16.0 %", "Outcome": "admission to the intensive care unit", "Count": ""}]}, {"Section": "UNKNOWN", "Text": "Mean serum levels of 25-hydroxyvitamin D significantly increased after a single dose of vitamin D3 vs placebo ( 44.4 ng / mL vs 19.8 ng / mL ; difference , 24.1 ng / mL [ 95 % CI , 19.5-28.7 ] ; P < .001 ) .", "Evidence Elements": {"Participant": [], "Intervention": [{"term": "vitamin D3", "negation": "affirmed", "UMLS": {}, "start": 88, "end": 98, "has_chemical": [{"text": "vitamin d3", "maps_to": "C0008318:vitamin d3", "start": 0, "end": 10}], "has_relation": "N/A"}, {"term": "placebo", "negation": "affirmed", "UMLS": {}, "start": 102, "end": 109, "has_procedure": [{"text": "placebo", "maps_to": "C0032042:placebos", "start": 0, "end": 7}], "has_relation": "N/A"}], "Outcome": [{"term": "Mean serum levels of 25-hydroxyvitamin D", "negation": "affirmed", "UMLS": {}, "start": 0, "end": 40}], "Observation": [{"term": "significantly increased", "negation": "affirmed", "UMLS": {}, "start": 41, "end": 64}, {"term": "44.4", "negation": "affirmed", "UMLS": {}, "start": 112, "end": 116}, {"term": "mL", "negation": "affirmed", "UMLS": {}, "start": 122, "end": 124}, {"term": "19.8", "negation": "affirmed", "UMLS": {}, "start": 128, "end": 132}, {"term": "mL", "negation": "affirmed", "UMLS": {}, "start": 122, "end": 124}], "Count": []}, "Evidence Propositions": []}, {"Section": "UNKNOWN", "Text": "There were no adverse events , but an episode of vomiting was associated with the intervention .", "Evidence Elements": {"Participant": [], "Intervention": [], "Outcome": [{"term": "adverse events", "negation": "negated", "UMLS": {}, "start": 14, "end": 28}, {"term": "vomiting", "negation": "affirmed", "UMLS": {}, "start": 49, "end": 57}], "Observation": [], "Count": [{"term": "no", "negation": "negated", "UMLS": {}, "start": 11, "end": 13}]}, "Evidence Propositions": []}, {"Section": "UNKNOWN", "Text": "Conclusions and Relevance : Among hospitalized patients with COVID-19 , a single high dose of vitamin D3 , compared with placebo , did not significantly reduce hospital length of stay .", "Evidence Elements": {"Participant": [{"term": "hospitalized patients", "negation": "affirmed", "UMLS": {}, "start": 34, "end": 55}, {"term": "COVID-19", "negation": "affirmed", "UMLS": {}, "start": 61, "end": 69}], "Intervention": [{"term": "high dose of vitamin D3", "negation": "affirmed", "UMLS": {}, "start": 81, "end": 104, "has_chemical": [{"text": "vitamin d3", "maps_to": "C0008318:vitamin d3", "start": 13, "end": 23, "has_dosage": ["high dose"]}], "has_relation": "N/A"}, {"term": "placebo", "negation": "affirmed", "UMLS": {}, "start": 121, "end": 128, "has_procedure": [{"text": "placebo", "maps_to": "C0032042:placebos", "start": 0, "end": 7}], "has_relation": "N/A"}], "Outcome": [{"term": "hospital", "negation": "negated", "UMLS": {}, "start": 34, "end": 42}], "Observation": [{"term": "significantly reduce", "negation": "negated", "UMLS": {}, "start": 139, "end": 159}], "Count": []}, "Evidence Propositions": []}, {"Section": "UNKNOWN", "Text": "The findings do not support the use of a high dose of vitamin D3 for treatment of moderate to severe COVID-19 .", "Evidence Elements": {"Participant": [{"term": "moderate to severe COVID-19", "negation": "negated", "UMLS": {}, "start": 82, "end": 109}], "Intervention": [{"term": "high dose of vitamin D3", "negation": "negated", "UMLS": {}, "start": 41, "end": 64, "has_chemical": [{"text": "vitamin d3", "maps_to": "C0008318:vitamin d3", "start": 13, "end": 23, "has_dosage": ["high dose"]}], "has_relation": "N/A"}], "Outcome": [], "Observation": [], "Count": []}, "Evidence Propositions": []}, {"Section": "UNKNOWN", "Text": "Trial Registration : ClinicalTrials.gov Identifier : NCT04449718 .", "Evidence Elements": {"Participant": [], "Intervention": [], "Outcome": [], "Observation": [], "Count": []}, "Evidence Propositions": []}]}