{"doc_id": "33636568", "type of study": "Therapy", "title": "", "abstract": "The use of oxygen hoods in patients failing on conventional high-flow oxygen delivery systems, the effects on oxygenation, mechanical ventilation and mortality rates in hypoxic patients with COVID-19.\nA Prospective Controlled Cohort Study.\nEfforts to meet increased oxygen demands in COVID-19 patients are a priority in averting mechanical ventilation (MV), associated with high mortality approaching 76.4-97.2%.\nNovel methods of oxygen delivery could mitigate that risk.\nOxygen hoods/helmets may improve: O2-saturation (SaO2), reduce in-hospital mechanical ventilation and mortality rates, and reduce length of hospitalization in hypoxic Covid-19 patients failing on conventional high-flow oxygen delivery systems.\nDesignProspective Controlled Cohort Study. SettingSingle Center.\nParticipantsAll patients admitted with a diagnosis of COVID-19 were reviewed and 136/347 patients met inclusion criteria.\nStudy period3/6/2020 to 5/1/2020.\n136 participants completed the study with known status for all outcome measures.\nIntervention or exposureOxygen hoods/helmets as compared to conventional high-flow oxygen delivery systems.\nMAIN OUTCOME(S) AND MEASURE(S) : 1) Pre and post change in oxygen saturation (SaO2).\n2) In-hospital Mechanical Ventilation (MV).\n3) In-hospital Mortality.\n4) Length of hospitalization.\n136 patients including 58-intervention and 78-control patients were studied.\nAge, gender, and other demographics/prognostic indicators were comparable between cohorts.\nOxygen hoods averted imminent or immediate intubation/MV in all 58 COVID-19 patients failing on conventional high-flow oxygen delivery systems with a mean improvement in SaO2 of 8.8%, p\u00a0<\u00a00.001.\nMV rates were observed to be higher in the control 37/78 (47.4%) as compared to the intervention cohort 23/58 (39.7%), a difference of 7.7%, a 27% risk reduction, not statistically significant, OR 95%CI 0.73 (0.37-1.5).\nMortality rates were observed higher in the control 54/78 (69.2%) as compared to the intervention cohort 36/58 (62.1%), a difference of 7.1%, a 27% risk reduction, not statistically significant OR 95%CI 0.73 (0.36-1.5).\nOxygen hoods demonstrate improvement in SaO2 for patients failing on conventional high-flow oxygen-delivery systems and prevented imminent mechanical ventilation.\nIn-hospital mechanical ventilation and mortality rates were reduced with the use of oxygen hoods but not found to be statistically significant.\nThe oxygen hood is a safe, effective oxygen-delivery system which may reduce intubation/MV and mortality rates.\nTheir use should be considered in treating hypoxic COVID-19 patients.\nFurther research is warranted.\nTRIAL REGISTRATION : ClinicalTrials.gov Identifier: NCT04407260.\nCopyright \u00a9 2021.\nPublished by Elsevier Ltd.\n", "Evidence Map": {"Enrollment": [{"term": "conventional high-flow oxygen delivery systems", "negation": "affirmed", "UMLS": {}, "start": 47, "end": 93}, {"term": "hypoxic", "negation": "affirmed", "UMLS": {}, "start": 171, "end": 178}, {"term": "hypoxic Covid-19", "negation": "affirmed", "UMLS": {}, "start": 166, "end": 182}, {"term": "admitted", "negation": "affirmed", "UMLS": {}, "start": 25, "end": 33}, {"term": "COVID-19", "negation": "affirmed", "UMLS": {}, "start": 54, "end": 62}, {"term": "COVID-19", "negation": "affirmed", "UMLS": {}, "start": 69, "end": 77}, {"term": "failing", "negation": "affirmed", "UMLS": {}, "start": 58, "end": 65}], "Comparison Results": [], "Study Arm 1 Results": [], "Study Arm 2 Results": [], "Hypothesis": []}, "Sentence-level breakdown": [{"Section": "TITLE", "Text": "The use of oxygen hoods in patients failing on conventional high-flow oxygen delivery systems , the effects on oxygenation , mechanical ventilation and mortality rates in hypoxic patients with COVID-19 .", "Evidence Elements": {"Participant": [{"term": "conventional high-flow oxygen delivery systems", "negation": "affirmed", "UMLS": {}, "start": 47, "end": 93}, {"term": "hypoxic", "negation": "affirmed", "UMLS": {}, "start": 171, "end": 178}], "Intervention": [{"term": "oxygen hoods", "negation": "affirmed", "UMLS": {}, "start": 11, "end": 23, "has_device": [{"text": "oxygen hoods", "maps_to": "C2720748:hoods", "start": 0, "end": 12}], "has_relation": "N/A"}], "Outcome": [{"term": "oxygenation", "negation": "affirmed", "UMLS": {}, "start": 111, "end": 122}, {"term": "mechanical ventilation", "negation": "affirmed", "UMLS": {}, "start": 125, "end": 147}, {"term": "mortality rates", "negation": "affirmed", "UMLS": {}, "start": 152, "end": 167}], "Observation": [], "Count": []}, "Evidence Propositions": []}, {"Section": "TITLE", "Text": "A Prospective Controlled Cohort Study .", "Evidence Elements": {"Participant": [], "Intervention": [], "Outcome": [], "Observation": [], "Count": []}, "Evidence Propositions": []}, {"Section": "INTRODUCTION", "Text": "Efforts to meet increased oxygen demands in COVID-19 patients are a priority in averting mechanical ventilation ( MV ) , associated with high mortality approaching 76.4-97.2 % .", "Evidence Elements": {"Participant": [], "Intervention": [], "Outcome": [], "Observation": [], "Count": []}, "Evidence Propositions": []}, {"Section": "INTRODUCTION", "Text": "Novel methods of oxygen delivery could mitigate that risk .", "Evidence Elements": {"Participant": [], "Intervention": [], "Outcome": [], "Observation": [], "Count": []}, "Evidence Propositions": []}, {"Section": "INTRODUCTION", "Text": "Oxygen hoods / helmets may improve : O2-saturation ( SaO2 ) , reduce in-hospital mechanical ventilation and mortality rates , and reduce length of hospitalization in hypoxic Covid-19 patients failing on conventional high-flow oxygen delivery systems .", "Evidence Elements": {"Participant": [{"term": "hypoxic Covid-19", "negation": "affirmed", "UMLS": {}, "start": 166, "end": 182}], "Intervention": [{"term": "Oxygen", "negation": "affirmed", "UMLS": {}, "start": 0, "end": 6, "has_chemical": [{"text": "oxygen", "maps_to": "C0030054:oxygen", "start": 0, "end": 6}], "has_relation": "N/A"}, {"term": "helmets", "negation": "affirmed", "UMLS": {}, "start": 15, "end": 22, "has_relation": "N/A"}], "Outcome": [{"term": "O2-saturation ( SaO2 )", "negation": "affirmed", "UMLS": {}, "start": 37, "end": 59}, {"term": "in-hospital mechanical ventilation", "negation": "affirmed", "UMLS": {}, "start": 69, "end": 103}, {"term": "mortality rates", "negation": "affirmed", "UMLS": {}, "start": 108, "end": 123}, {"term": "length of hospitalization", "negation": "affirmed", "UMLS": {}, "start": 137, "end": 162}], "Observation": [{"term": "improve", "negation": "affirmed", "UMLS": {}, "start": 27, "end": 34}, {"term": "reduce", "negation": "affirmed", "UMLS": {}, "start": 62, "end": 68}, {"term": "reduce", "negation": "affirmed", "UMLS": {}, "start": 62, "end": 68}], "Count": []}, "Evidence Propositions": [{"Intervention": {"term": "Oxygen", "has_chemical": [{"text": "oxygen", "maps_to": "C0030054:oxygen", "start": 0, "end": 6}], "has_relation": "N/A"}, "Observation": "improve", "Outcome": "O2-saturation ( SaO2 )", "Count": ""}, {"Intervention": {"term": "helmets", "has_relation": "N/A"}, "Observation": "improve", "Outcome": "O2-saturation ( SaO2 )", "Count": ""}]}, {"Section": "METHODS", "Text": "Design ##Prospective Controlled Cohort Study . SettingSingle Center .", "Evidence Elements": {"Participant": [], "Intervention": [], "Outcome": [], "Observation": [], "Count": []}, "Evidence Propositions": []}, {"Section": "METHODS", "Text": "ParticipantsAll patients admitted with a diagnosis of COVID-19 were reviewed and 136 / 347 patients met inclusion criteria .", "Evidence Elements": {"Participant": [{"term": "admitted", "negation": "affirmed", "UMLS": {}, "start": 25, "end": 33}, {"term": "COVID-19", "negation": "affirmed", "UMLS": {}, "start": 54, "end": 62}], "Intervention": [], "Outcome": [], "Observation": [], "Count": []}, "Evidence Propositions": []}, {"Section": "METHODS", "Text": "Study period ##3 / 6 / 2020 to 5 / 1 / 2020 .", "Evidence Elements": {"Participant": [], "Intervention": [], "Outcome": [], "Observation": [], "Count": []}, "Evidence Propositions": []}, {"Section": "METHODS", "Text": "136 participants completed the study with known status for all outcome measures .", "Evidence Elements": {"Participant": [], "Intervention": [], "Outcome": [], "Observation": [], "Count": []}, "Evidence Propositions": []}, {"Section": "METHODS", "Text": "Intervention or exposureOxygen hoods / helmets as compared to conventional high-flow oxygen delivery systems .", "Evidence Elements": {"Participant": [], "Intervention": [{"term": "Intervention", "negation": "affirmed", "UMLS": {}, "start": 0, "end": 12, "has_procedure": [{"text": "intervention", "maps_to": "C0886296:intervention", "start": 0, "end": 12}], "has_relation": "N/A"}, {"term": "helmets", "negation": "affirmed", "UMLS": {}, "start": 39, "end": 46, "has_relation": "N/A"}, {"term": "conventional high-flow oxygen delivery systems", "negation": "affirmed", "UMLS": {}, "start": 62, "end": 108, "has_chemical": [{"text": "conventional high flow oxygen delivery", "maps_to": "C0308779:deliver", "start": 0, "end": 38}], "has_relation": "N/A"}], "Outcome": [], "Observation": [], "Count": []}, "Evidence Propositions": []}, {"Section": "UNKNOWN", "Text": "MAIN OUTCOME ( S ) AND MEASURE ( S ) : 1 ) Pre and post change in oxygen saturation ( SaO2 ) .", "Evidence Elements": {"Participant": [], "Intervention": [{"term": "Pre", "negation": "affirmed", "UMLS": {}, "start": 43, "end": 46, "has_relation": "N/A"}], "Outcome": [], "Observation": [], "Count": []}, "Evidence Propositions": []}, {"Section": "UNKNOWN", "Text": "2 ) In-hospital Mechanical Ventilation ( MV ) .", "Evidence Elements": {"Participant": [], "Intervention": [{"term": "In-hospital Mechanical Ventilation", "negation": "affirmed", "UMLS": {}, "start": 4, "end": 38, "has_procedure": [{"text": "hospital mechanical ventilation", "maps_to": "C0199470:mechanical ventilation", "start": 3, "end": 34}], "has_relation": "N/A"}], "Outcome": [], "Observation": [], "Count": []}, "Evidence Propositions": []}, {"Section": "UNKNOWN", "Text": "3 ) In-hospital Mortality .", "Evidence Elements": {"Participant": [], "Intervention": [], "Outcome": [{"term": "In-hospital", "negation": "affirmed", "UMLS": {}, "start": 4, "end": 15}], "Observation": [], "Count": []}, "Evidence Propositions": []}, {"Section": "UNKNOWN", "Text": "4 ) Length of hospitalization .", "Evidence Elements": {"Participant": [], "Intervention": [], "Outcome": [{"term": "Length of", "negation": "affirmed", "UMLS": {}, "start": 4, "end": 13}], "Observation": [], "Count": []}, "Evidence Propositions": []}, {"Section": "RESULTS", "Text": "136 patients including 58-intervention and 78-control patients were studied .", "Evidence Elements": {"Participant": [], "Intervention": [], "Outcome": [], "Observation": [], "Count": []}, "Evidence Propositions": []}, {"Section": "RESULTS", "Text": "Age , gender , and other demographics / prognostic indicators were comparable between cohorts .", "Evidence Elements": {"Participant": [], "Intervention": [], "Outcome": [], "Observation": [], "Count": []}, "Evidence Propositions": []}, {"Section": "RESULTS", "Text": "Oxygen hoods averted imminent or immediate intubation / MV in all 58 COVID-19 patients failing on conventional high-flow oxygen delivery systems with a mean improvement in SaO2 of 8.8 % , p < 0.001 .", "Evidence Elements": {"Participant": [{"term": "COVID-19", "negation": "affirmed", "UMLS": {}, "start": 69, "end": 77}], "Intervention": [{"term": "Oxygen hoods", "negation": "affirmed", "UMLS": {}, "start": 0, "end": 12, "has_device": [{"text": "oxygen hoods", "maps_to": "C2720748:hoods", "start": 0, "end": 12}], "has_relation": "N/A"}, {"term": "conventional high-flow oxygen delivery systems", "negation": "affirmed", "UMLS": {}, "start": 98, "end": 144, "has_chemical": [{"text": "conventional high flow oxygen delivery", "maps_to": "C0308779:deliver", "start": 0, "end": 38}], "has_relation": "N/A"}], "Outcome": [{"term": "imminent or immediate", "negation": "affirmed", "UMLS": {}, "start": 21, "end": 42}, {"term": "MV", "negation": "affirmed", "UMLS": {}, "start": 56, "end": 58}, {"term": "mean improvement in SaO2", "negation": "affirmed", "UMLS": {}, "start": 152, "end": 176}], "Observation": [{"term": "averted", "negation": "affirmed", "UMLS": {}, "start": 13, "end": 20}, {"term": "8.8 %", "negation": "affirmed", "UMLS": {}, "start": 180, "end": 185}], "Count": [{"term": "all 58", "negation": "affirmed", "UMLS": {}, "start": 62, "end": 68}]}, "Evidence Propositions": []}, {"Section": "RESULTS", "Text": "MV rates were observed to be higher in the control 37 / 78 ( 47.4 % ) as compared to the intervention cohort 23 / 58 ( 39.7 % ) , a difference of 7.7 % , a 27 % risk reduction , not statistically significant , OR 95 % CI 0.73 ( 0.37-1.5 ) .", "Evidence Elements": {"Participant": [], "Intervention": [{"term": "control", "negation": "affirmed", "UMLS": {}, "start": 43, "end": 50, "has_relation": "N/A"}, {"term": "intervention", "negation": "affirmed", "UMLS": {}, "start": 89, "end": 101, "has_procedure": [{"text": "intervention", "maps_to": "C0886296:intervention", "start": 0, "end": 12}], "has_relation": "N/A"}], "Outcome": [{"term": "MV rates", "negation": "affirmed", "UMLS": {}, "start": 0, "end": 8}], "Observation": [{"term": "higher", "negation": "affirmed", "UMLS": {}, "start": 29, "end": 35}, {"term": "difference of 7.7 %", "negation": "affirmed", "UMLS": {}, "start": 132, "end": 151}, {"term": "27", "negation": "affirmed", "UMLS": {}, "start": 156, "end": 158}], "Count": [{"term": "78 ( 47.4 % )", "negation": "affirmed", "UMLS": {}, "start": 56, "end": 69}, {"term": "58 ( 39.7 % )", "negation": "affirmed", "UMLS": {}, "start": 114, "end": 127}]}, "Evidence Propositions": [{"Intervention": [{"term": "control", "has_relation": "N/A"}, {"term": "intervention", "has_procedure": [{"text": "intervention", "maps_to": "C0886296:intervention", "start": 0, "end": 12}], "has_relation": "N/A"}], "Observation": "higher", "Outcome": "MV rates", "Count": ""}, {"Intervention": [{"term": "control", "has_relation": "N/A"}], "Observation": "difference of 7.7 %", "Outcome": "MV rates", "Count": ""}, {"Intervention": {"term": "control", "has_relation": "N/A"}, "Observation": "", "Count": "78 ( 47.4 % )", "Outcome": "MV rates"}, {"Intervention": {"term": "intervention", "has_procedure": [{"text": "intervention", "maps_to": "C0886296:intervention", "start": 0, "end": 12}], "has_relation": "N/A"}, "Observation": "", "Count": "58 ( 39.7 % )", "Outcome": "MV rates"}]}, {"Section": "RESULTS", "Text": "Mortality rates were observed higher in the control 54 / 78 ( 69.2 % ) as compared to the intervention cohort 36 / 58 ( 62.1 % ) , a difference of 7.1 % , a 27 % risk reduction , not statistically significant OR 95 % CI 0.73 ( 0.36-1.5 ) .", "Evidence Elements": {"Participant": [], "Intervention": [{"term": "control", "negation": "affirmed", "UMLS": {}, "start": 44, "end": 51, "has_relation": "N/A"}, {"term": "intervention", "negation": "affirmed", "UMLS": {}, "start": 90, "end": 102, "has_procedure": [{"text": "intervention", "maps_to": "C0886296:intervention", "start": 0, "end": 12}], "has_relation": "N/A"}], "Outcome": [{"term": "Mortality rates", "negation": "affirmed", "UMLS": {}, "start": 0, "end": 15}], "Observation": [{"term": "higher", "negation": "affirmed", "UMLS": {}, "start": 30, "end": 36}, {"term": "difference of 7.1 %", "negation": "affirmed", "UMLS": {}, "start": 133, "end": 152}, {"term": "27", "negation": "affirmed", "UMLS": {}, "start": 157, "end": 159}], "Count": [{"term": "78 ( 69.2 % )", "negation": "affirmed", "UMLS": {}, "start": 57, "end": 70}, {"term": "58 ( 62.1 % )", "negation": "affirmed", "UMLS": {}, "start": 115, "end": 128}]}, "Evidence Propositions": [{"Intervention": [{"term": "control", "has_relation": "N/A"}], "Observation": "higher", "Outcome": "Mortality rates", "Count": ""}, {"Intervention": [{"term": "control", "has_relation": "N/A"}], "Observation": "difference of 7.1 %", "Outcome": "Mortality rates", "Count": ""}, {"Intervention": {"term": "control", "has_relation": "N/A"}, "Observation": "", "Count": "78 ( 69.2 % )", "Outcome": "Mortality rates"}]}, {"Section": "CONCLUSION", "Text": "Oxygen hoods demonstrate improvement in SaO2 for patients failing on conventional high-flow oxygen-delivery systems and prevented imminent mechanical ventilation .", "Evidence Elements": {"Participant": [{"term": "failing", "negation": "affirmed", "UMLS": {}, "start": 58, "end": 65}], "Intervention": [{"term": "Oxygen hoods", "negation": "affirmed", "UMLS": {}, "start": 0, "end": 12, "has_device": [{"text": "oxygen hoods", "maps_to": "C2720748:hoods", "start": 0, "end": 12}], "has_relation": "N/A"}, {"term": "conventional high-flow oxygen-delivery systems", "negation": "affirmed", "UMLS": {}, "start": 69, "end": 115, "has_chemical": [{"text": "conventional high flow oxygen delivery", "maps_to": "C0308779:deliver", "start": 0, "end": 38}], "has_relation": "N/A"}], "Outcome": [{"term": "SaO2", "negation": "affirmed", "UMLS": {}, "start": 40, "end": 44}, {"term": "imminent mechanical ventilation", "negation": "affirmed", "UMLS": {}, "start": 130, "end": 161}], "Observation": [{"term": "improvement", "negation": "affirmed", "UMLS": {}, "start": 25, "end": 36}, {"term": "prevented", "negation": "affirmed", "UMLS": {}, "start": 120, "end": 129}], "Count": []}, "Evidence Propositions": [{"Intervention": {"term": "Oxygen hoods", "has_device": [{"text": "oxygen hoods", "maps_to": "C2720748:hoods", "start": 0, "end": 12}], "has_relation": "N/A"}, "Observation": "improvement", "Outcome": "SaO2", "Count": ""}, {"Intervention": {"term": "conventional high-flow oxygen-delivery systems", "has_chemical": [{"text": "conventional high flow oxygen delivery", "maps_to": "C0308779:deliver", "start": 0, "end": 38}], "has_relation": "N/A"}, "Observation": "improvement", "Outcome": "SaO2", "Count": ""}]}, {"Section": "CONCLUSION", "Text": "In-hospital mechanical ventilation and mortality rates were reduced with the use of oxygen hoods but not found to be statistically significant .", "Evidence Elements": {"Participant": [], "Intervention": [{"term": "oxygen hoods", "negation": "affirmed", "UMLS": {}, "start": 84, "end": 96, "has_device": [{"text": "oxygen hoods", "maps_to": "C2720748:hoods", "start": 0, "end": 12}], "has_relation": "N/A"}], "Outcome": [{"term": "In-hospital mechanical ventilation", "negation": "affirmed", "UMLS": {}, "start": 0, "end": 34}, {"term": "mortality rates", "negation": "affirmed", "UMLS": {}, "start": 39, "end": 54}], "Observation": [{"term": "reduced", "negation": "affirmed", "UMLS": {}, "start": 60, "end": 67}, {"term": "statistically significant", "negation": "negated", "UMLS": {}, "start": 117, "end": 142}], "Count": []}, "Evidence Propositions": [{"Intervention": {"term": "oxygen hoods", "has_device": [{"text": "oxygen hoods", "maps_to": "C2720748:hoods", "start": 0, "end": 12}], "has_relation": "N/A"}, "Observation": "reduced", "Outcome": "In-hospital mechanical ventilation", "Count": ""}, {"Intervention": {"term": "oxygen hoods", "has_device": [{"text": "oxygen hoods", "maps_to": "C2720748:hoods", "start": 0, "end": 12}], "has_relation": "N/A"}, "Observation": "reduced", "Outcome": "mortality rates", "Count": ""}, {"Intervention": {"term": "oxygen hoods", "has_device": [{"text": "oxygen hoods", "maps_to": "C2720748:hoods", "start": 0, "end": 12}], "has_relation": "N/A"}, "Observation": "statistically significant", "Outcome": "In-hospital mechanical ventilation", "Count": ""}, {"Intervention": {"term": "oxygen hoods", "has_device": [{"text": "oxygen hoods", "maps_to": "C2720748:hoods", "start": 0, "end": 12}], "has_relation": "N/A"}, "Observation": "statistically significant", "Outcome": "mortality rates", "Count": ""}]}, {"Section": "CONCLUSION", "Text": "The oxygen hood is a safe , effective oxygen-delivery system which may reduce intubation / MV and mortality rates .", "Evidence Elements": {"Participant": [], "Intervention": [], "Outcome": [{"term": "MV", "negation": "affirmed", "UMLS": {}, "start": 91, "end": 93}, {"term": "mortality", "negation": "affirmed", "UMLS": {}, "start": 98, "end": 107}], "Observation": [{"term": "safe", "negation": "affirmed", "UMLS": {}, "start": 21, "end": 25}, {"term": "reduce", "negation": "affirmed", "UMLS": {}, "start": 71, "end": 77}], "Count": []}, "Evidence Propositions": []}, {"Section": "CONCLUSION", "Text": "Their use should be considered in treating hypoxic COVID-19 patients .", "Evidence Elements": {"Participant": [], "Intervention": [], "Outcome": [], "Observation": [], "Count": []}, "Evidence Propositions": []}, {"Section": "CONCLUSION", "Text": "Further research is warranted .", "Evidence Elements": {"Participant": [], "Intervention": [], "Outcome": [], "Observation": [], "Count": []}, "Evidence Propositions": []}, {"Section": "UNKNOWN", "Text": "TRIAL REGISTRATION : ClinicalTrials.gov Identifier : NCT04407260 .", "Evidence Elements": {"Participant": [], "Intervention": [], "Outcome": [], "Observation": [], "Count": []}, "Evidence Propositions": []}, {"Section": "UNKNOWN", "Text": "Copyright \u00a9 2021 .", "Evidence Elements": {"Participant": [], "Intervention": [], "Outcome": [], "Observation": [], "Count": []}, "Evidence Propositions": []}, {"Section": "UNKNOWN", "Text": "Published by Elsevier Ltd .", "Evidence Elements": {"Participant": [], "Intervention": [], "Outcome": [], "Observation": [], "Count": []}, "Evidence Propositions": []}]}