{"doc_id": "33647676", "type of study": "Therapy", "title": "", "abstract": "Effect of guided imagery on anxiety, muscle pain, and vital signs in patients with COVID-19: A randomized controlled trial.\nCOVID-19 can lead to anxiety due to its high mortality rate.\nPatients with COVID-19 may suffer from muscle pain.\nThis study aimed to determine the effect of guided imagery on anxiety, muscle pain, and vital signs in patients with COVID-19.\n110 patients with COVID-19 were recruited and randomly assigned to two control and intervention groups.\nData were collected using the Spielberger Anxiety Inventory, the McGill Pain Questionnaire, and the Visual Analogue Scale.\nThe intervention group received ten training sessions of guided imagery.\nThe results indicated a significant difference in the mean scores of state (t\u00a0=\u00a0-3.829, p\u00a0<\u00a0.001), trait anxiety (t\u00a0=\u00a0-2.946, p\u00a0=\u00a0.004), pain quality (t\u00a0=\u00a0-4.223, p\u00a0<\u00a0.001), pain intensity (t\u00a0=\u00a0-3.068, p\u00a0=\u00a0.003), and heart rate, systolic blood pressure, and oxygen saturation (p\u00a0<\u00a0.001) between the two groups after the intervention.\nGuided imagery as a cost-effective method of complementary medicine is recommended to manage anxiety and pain in patients with COVID-19.\nCopyright \u00a9 2021 Elsevier Ltd. All rights reserved.\n", "Evidence Map": {"Enrollment": [{"term": "COVID-19", "negation": "affirmed", "UMLS": {}, "start": 85, "end": 93}, {"term": "COVID-19", "negation": "affirmed", "UMLS": {}, "start": 18, "end": 26}], "Comparison Results": [], "Study Arm 1 Results": [], "Study Arm 2 Results": [], "Hypothesis": []}, "Sentence-level breakdown": [{"Section": "TITLE", "Text": "Effect of guided imagery on anxiety , muscle pain , and vital signs in patients with COVID-19 : A randomized controlled trial .", "Evidence Elements": {"Participant": [{"term": "COVID-19", "negation": "affirmed", "UMLS": {}, "start": 85, "end": 93}], "Intervention": [{"term": "guided imagery", "negation": "affirmed", "UMLS": {}, "start": 10, "end": 24, "has_procedure": [{"text": "guided imagery", "maps_to": "C0150627:guided imagery", "start": 0, "end": 14}], "has_relation": "N/A"}], "Outcome": [{"term": "anxiety", "negation": "affirmed", "UMLS": {}, "start": 28, "end": 35}, {"term": "muscle pain", "negation": "affirmed", "UMLS": {}, "start": 38, "end": 49}, {"term": "vital signs", "negation": "affirmed", "UMLS": {}, "start": 56, "end": 67}], "Observation": [], "Count": []}, "Evidence Propositions": []}, {"Section": "BACKGROUND", "Text": "COVID-19 can lead to anxiety due to its high mortality rate .", "Evidence Elements": {"Participant": [], "Intervention": [], "Outcome": [], "Observation": [], "Count": []}, "Evidence Propositions": []}, {"Section": "BACKGROUND", "Text": "Patients with COVID-19 may suffer from muscle pain .", "Evidence Elements": {"Participant": [], "Intervention": [], "Outcome": [], "Observation": [], "Count": []}, "Evidence Propositions": []}, {"Section": "BACKGROUND", "Text": "This study aimed to determine the effect of guided imagery on anxiety , muscle pain , and vital signs in patients with COVID-19 .", "Evidence Elements": {"Participant": [], "Intervention": [{"term": "guided imagery", "negation": "affirmed", "UMLS": {}, "start": 44, "end": 58, "has_procedure": [{"text": "guided imagery", "maps_to": "C0150627:guided imagery", "start": 0, "end": 14}], "has_relation": "N/A"}], "Outcome": [{"term": "anxiety", "negation": "affirmed", "UMLS": {}, "start": 62, "end": 69}, {"term": "muscle pain", "negation": "affirmed", "UMLS": {}, "start": 72, "end": 83}, {"term": "vital signs", "negation": "affirmed", "UMLS": {}, "start": 90, "end": 101}], "Observation": [], "Count": []}, "Evidence Propositions": []}, {"Section": "METHODS", "Text": "110 patients with COVID-19 were recruited and randomly assigned to two control and intervention groups .", "Evidence Elements": {"Participant": [{"term": "COVID-19", "negation": "affirmed", "UMLS": {}, "start": 18, "end": 26}], "Intervention": [{"term": "control", "negation": "affirmed", "UMLS": {}, "start": 71, "end": 78, "has_relation": "N/A"}, {"term": "intervention", "negation": "affirmed", "UMLS": {}, "start": 83, "end": 95, "has_procedure": [{"text": "intervention", "maps_to": "C0886296:intervention", "start": 0, "end": 12}], "has_relation": "N/A"}], "Outcome": [], "Observation": [], "Count": []}, "Evidence Propositions": []}, {"Section": "METHODS", "Text": "Data were collected using the Spielberger Anxiety Inventory , the McGill Pain Questionnaire , and the Visual Analogue Scale .", "Evidence Elements": {"Participant": [], "Intervention": [], "Outcome": [{"term": "McGill Pain", "negation": "affirmed", "UMLS": {}, "start": 66, "end": 77}, {"term": "Visual", "negation": "affirmed", "UMLS": {}, "start": 102, "end": 108}], "Observation": [], "Count": []}, "Evidence Propositions": []}, {"Section": "METHODS", "Text": "The intervention group received ten training sessions of guided imagery .", "Evidence Elements": {"Participant": [], "Intervention": [{"term": "ten training sessions of guided imagery", "negation": "affirmed", "UMLS": {}, "start": 32, "end": 71, "has_procedure": [{"text": "training", "maps_to": "C0220931:training", "start": 4, "end": 12, "has_count": ["ten"]}, {"text": "guided imagery", "maps_to": "C0150627:guided imagery", "start": 25, "end": 39}], "has_relation": "N/A"}], "Outcome": [], "Observation": [], "Count": []}, "Evidence Propositions": []}, {"Section": "RESULTS", "Text": "The results indicated a significant difference in the mean scores of state ( t = -3.829 , p < .001 ) , trait anxiety ( t = -2.946 , p = .004 ) , pain quality ( t = -4.223 , p < .001 ) , pain intensity ( t = -3.068 , p = .003 ) , and heart rate , systolic blood pressure , and oxygen saturation ( p < .001 ) between the two groups after the intervention .", "Evidence Elements": {"Participant": [], "Intervention": [], "Outcome": [{"term": "mean scores of state", "negation": "affirmed", "UMLS": {}, "start": 54, "end": 74}, {"term": "trait anxiety", "negation": "affirmed", "UMLS": {}, "start": 103, "end": 116}, {"term": "pain quality", "negation": "affirmed", "UMLS": {}, "start": 145, "end": 157}, {"term": "pain intensity", "negation": "affirmed", "UMLS": {}, "start": 186, "end": 200}, {"term": "heart rate", "negation": "affirmed", "UMLS": {}, "start": 233, "end": 243}], "Observation": [{"term": "significant difference", "negation": "affirmed", "UMLS": {}, "start": 24, "end": 46}], "Count": []}, "Evidence Propositions": [{"Intervention": [], "Observation": "significant difference", "Outcome": "mean scores of state", "Count": ""}, {"Intervention": [], "Observation": "significant difference", "Outcome": "trait anxiety", "Count": ""}]}, {"Section": "CONCLUSIONS", "Text": "Guided imagery as a cost-effective method of complementary medicine is recommended to manage anxiety and pain in patients with COVID-19 .", "Evidence Elements": {"Participant": [], "Intervention": [{"term": "Guided imagery", "negation": "affirmed", "UMLS": {}, "start": 0, "end": 14, "has_procedure": [{"text": "guided imagery", "maps_to": "C0150627:guided imagery", "start": 0, "end": 14}], "has_relation": "N/A"}], "Outcome": [{"term": "anxiety", "negation": "affirmed", "UMLS": {}, "start": 93, "end": 100}, {"term": "pain", "negation": "affirmed", "UMLS": {}, "start": 105, "end": 109}], "Observation": [{"term": "recommended", "negation": "affirmed", "UMLS": {}, "start": 71, "end": 82}], "Count": []}, "Evidence Propositions": [{"Intervention": {"term": "Guided imagery", "has_procedure": [{"text": "guided imagery", "maps_to": "C0150627:guided imagery", "start": 0, "end": 14}], "has_relation": "N/A"}, "Observation": "recommended", "Outcome": "anxiety", "Count": ""}, {"Intervention": {"term": "Guided imagery", "has_procedure": [{"text": "guided imagery", "maps_to": "C0150627:guided imagery", "start": 0, "end": 14}], "has_relation": "N/A"}, "Observation": "recommended", "Outcome": "pain", "Count": ""}]}, {"Section": "UNKNOWN", "Text": "Copyright \u00a9 2021 Elsevier Ltd . All rights reserved .", "Evidence Elements": {"Participant": [], "Intervention": [], "Outcome": [], "Observation": [], "Count": []}, "Evidence Propositions": []}]}