{"doc_id": "33705475", "type of study": "Therapy", "title": "", "abstract": "Providing open-label placebos remotely-A randomized controlled trial in allergic rhinitis.\nPlacebos can reduce physical symptoms even when provided with full honesty and disclosure.\nYet, the precise mechanisms underlying the effects of \"open-label placebos\" (OLPs) have remained subject of debate.\nFurthermore, it is unclear whether OLPs are similarly effective when provided remotely, as is sometimes required e.g. in the current COVID-19 pandemic.\nIn a randomized-controlled trial, we examined the effects of OLP plus treatment as usual (TAU) compared to TAU alone on symptom reduction in people with allergic rhinitis (N = 54) over the course of two weeks.\nDue to the COVID-19 pandemic, OLP was provided remotely (i.e. sent via postal service).\nTo investigate the potential influence of the clinical encounter on the effects of OLP, we manipulated the perception of the virtual clinical encounter, both with respect to verbal and nonverbal factors (augmented vs. limited encounter).\nThe results of the manipulation check confirmed that the augmented clinical encounter was evaluated more positively than the limited encounter, in terms of perceived warmth of the provider.\nParticipants from all treatment groups showed significant symptom reduction from baseline to two weeks later, but OLP had no incremental effect over TAU.\nParticipants benefitted more from OLP when they did not take any other medication against allergic symptoms than when taking medication on demand.\nWhen controlling for baseline symptoms, a significant treatment by encounter interaction was found, pointing to greater symptom improvement in the OLP group when the encounter was augmented, whereas the control group improved more when the encounter was limited.\nThe study demonstrates that providing OLP and enhancing the encounter remotely is possible, but their effectiveness might be lower in comparison to previous studies relying on physical patient-provider interaction.\nThe study raises questions for future research about the potential and challenges of remote placebo studies and virtual clinical encounters.\nThe study has been registered as a clinical trial at ISRCTN (record number: 39018).\n", "Evidence Map": {"Enrollment": [{"term": "allergic rhinitis", "negation": "affirmed", "UMLS": {}, "start": 72, "end": 89}, {"term": "allergic rhinitis", "negation": "affirmed", "UMLS": {}, "start": 156, "end": 173}, {"term": "other", "negation": "negated", "UMLS": {}, "start": 65, "end": 70}, {"term": "allergic symptoms", "negation": "negated", "UMLS": {}, "start": 90, "end": 107}, {"term": "medication on demand", "negation": "negated", "UMLS": {}, "start": 125, "end": 145}], "Comparison Results": [], "Study Arm 1 Results": [], "Study Arm 2 Results": [], "Hypothesis": []}, "Sentence-level breakdown": [{"Section": "TITLE", "Text": "Providing open-label placebos remotely-A randomized controlled trial in allergic rhinitis .", "Evidence Elements": {"Participant": [{"term": "allergic rhinitis", "negation": "affirmed", "UMLS": {}, "start": 72, "end": 89}], "Intervention": [{"term": "placebos", "negation": "affirmed", "UMLS": {}, "start": 21, "end": 29, "has_procedure": [{"text": "placebos", "maps_to": "C0032042:placebos", "start": 0, "end": 8}], "has_relation": "N/A"}], "Outcome": [], "Observation": [], "Count": []}, "Evidence Propositions": []}, {"Section": "BACKGROUND", "Text": "Placebos can reduce physical symptoms even when provided with full honesty and disclosure .", "Evidence Elements": {"Participant": [], "Intervention": [{"term": "Placebos", "negation": "affirmed", "UMLS": {}, "start": 0, "end": 8, "has_procedure": [{"text": "placebos", "maps_to": "C0032042:placebos", "start": 0, "end": 8}], "has_relation": "N/A"}], "Outcome": [{"term": "physical symptoms", "negation": "affirmed", "UMLS": {}, "start": 20, "end": 37}], "Observation": [{"term": "reduce", "negation": "affirmed", "UMLS": {}, "start": 13, "end": 19}], "Count": []}, "Evidence Propositions": []}, {"Section": "BACKGROUND", "Text": "Yet , the precise mechanisms underlying the effects of \" open-label placebos \" ( OLPs ) have remained subject of debate .", "Evidence Elements": {"Participant": [], "Intervention": [], "Outcome": [], "Observation": [], "Count": []}, "Evidence Propositions": []}, {"Section": "BACKGROUND", "Text": "Furthermore , it is unclear whether OLPs are similarly effective when provided remotely , as is sometimes required e.g. in the current COVID-19 pandemic .", "Evidence Elements": {"Participant": [], "Intervention": [{"term": "OLPs", "negation": "affirmed", "UMLS": {}, "start": 36, "end": 40, "has_procedure": [{"text": "open label placebos", "maps_to": "C0032042:placebos", "start": 0, "end": 19}], "has_relation": "N/A"}], "Outcome": [], "Observation": [{"term": "similarly effective", "negation": "affirmed", "UMLS": {}, "start": 45, "end": 64}], "Count": []}, "Evidence Propositions": []}, {"Section": "METHODS", "Text": "In a randomized-controlled trial , we examined the effects of OLP plus treatment as usual ( TAU ) compared to TAU alone on symptom reduction in people with allergic rhinitis ( N=54 ) over the course of two weeks .", "Evidence Elements": {"Participant": [{"term": "allergic rhinitis", "negation": "affirmed", "UMLS": {}, "start": 156, "end": 173}], "Intervention": [{"term": "OLP plus treatment as usual ( TAU )", "negation": "affirmed", "UMLS": {}, "start": 62, "end": 97, "has_procedure": [{"text": "treatment", "maps_to": "C0087111:treatment", "start": 9, "end": 18}], "has_relation": "N/A"}, {"term": "TAU alone", "negation": "affirmed", "UMLS": {}, "start": 110, "end": 119, "has_procedure": [{"text": "treatment", "maps_to": "C0087111:treatment", "start": 0, "end": 9}], "has_relation": "N/A"}], "Outcome": [{"term": "symptom reduction", "negation": "affirmed", "UMLS": {}, "start": 123, "end": 140}], "Observation": [], "Count": []}, "Evidence Propositions": []}, {"Section": "METHODS", "Text": "Due to the COVID-19 pandemic , OLP was provided remotely ( i.e. sent via postal service ) .", "Evidence Elements": {"Participant": [], "Intervention": [], "Outcome": [], "Observation": [], "Count": []}, "Evidence Propositions": []}, {"Section": "METHODS", "Text": "To investigate the potential influence of the clinical encounter on the effects of OLP , we manipulated the perception of the virtual clinical encounter , both with respect to verbal and nonverbal factors ( augmented vs . limited encounter ) .", "Evidence Elements": {"Participant": [], "Intervention": [{"term": "clinical encounter", "negation": "affirmed", "UMLS": {}, "start": 46, "end": 64, "has_procedure": [{"text": "clinical encounter", "maps_to": "C1512346:encounter", "start": 0, "end": 18}], "has_relation": "N/A"}, {"term": "OLP", "negation": "affirmed", "UMLS": {}, "start": 83, "end": 86, "has_relation": "N/A"}, {"term": "virtual clinical encounter", "negation": "affirmed", "UMLS": {}, "start": 126, "end": 152, "has_procedure": [{"text": "virtual clinical encounter", "maps_to": "C1512346:encounter", "start": 0, "end": 26}], "has_relation": "N/A"}, {"term": "augmented", "negation": "affirmed", "UMLS": {}, "start": 207, "end": 216, "has_relation": "N/A"}], "Outcome": [{"term": "perception", "negation": "affirmed", "UMLS": {}, "start": 108, "end": 118}, {"term": "verbal and nonverbal factors", "negation": "affirmed", "UMLS": {}, "start": 176, "end": 204}], "Observation": [], "Count": []}, "Evidence Propositions": []}, {"Section": "RESULTS", "Text": "The results of the manipulation check confirmed that the augmented clinical encounter was evaluated more positively than the limited encounter , in terms of perceived warmth of the provider .", "Evidence Elements": {"Participant": [], "Intervention": [{"term": "augmented clinical encounter", "negation": "affirmed", "UMLS": {}, "start": 57, "end": 85, "has_procedure": [{"text": "augmented clinical encounter", "maps_to": "C1512346:encounter", "start": 0, "end": 28}], "has_relation": "N/A"}, {"term": "limited encounter", "negation": "affirmed", "UMLS": {}, "start": 125, "end": 142, "has_procedure": [{"text": "limited encounter", "maps_to": "C1512346:encounter", "start": 0, "end": 17}], "has_relation": "N/A"}], "Outcome": [{"term": "perceived warmth of the", "negation": "affirmed", "UMLS": {}, "start": 157, "end": 180}], "Observation": [{"term": "more positively", "negation": "affirmed", "UMLS": {}, "start": 100, "end": 115}], "Count": []}, "Evidence Propositions": [{"Intervention": [{"term": "augmented clinical encounter", "has_procedure": [{"text": "augmented clinical encounter", "maps_to": "C1512346:encounter", "start": 0, "end": 28}], "has_relation": "N/A"}, {"term": "limited encounter", "has_procedure": [{"text": "limited encounter", "maps_to": "C1512346:encounter", "start": 0, "end": 17}], "has_relation": "N/A"}], "Observation": "more positively", "Outcome": "perceived warmth of the", "Count": ""}]}, {"Section": "RESULTS", "Text": "Participants from all treatment groups showed significant symptom reduction from baseline to two weeks later , but OLP had no incremental effect over TAU .", "Evidence Elements": {"Participant": [], "Intervention": [{"term": "all treatment", "negation": "affirmed", "UMLS": {}, "start": 18, "end": 31, "has_procedure": [{"text": "treatment", "maps_to": "C0087111:treatment", "start": 4, "end": 13}], "has_relation": "N/A"}, {"term": "OLP", "negation": "affirmed", "UMLS": {}, "start": 115, "end": 118, "has_relation": "N/A"}], "Outcome": [{"term": "symptom reduction", "negation": "affirmed", "UMLS": {}, "start": 58, "end": 75}], "Observation": [{"term": "significant", "negation": "affirmed", "UMLS": {}, "start": 46, "end": 57}, {"term": "incremental effect", "negation": "negated", "UMLS": {}, "start": 126, "end": 144}], "Count": []}, "Evidence Propositions": []}, {"Section": "RESULTS", "Text": "Participants benefitted more from OLP when they did not take any other medication against allergic symptoms than when taking medication on demand .", "Evidence Elements": {"Participant": [{"term": "other", "negation": "negated", "UMLS": {}, "start": 65, "end": 70}, {"term": "allergic symptoms", "negation": "negated", "UMLS": {}, "start": 90, "end": 107}, {"term": "medication on demand", "negation": "negated", "UMLS": {}, "start": 125, "end": 145}], "Intervention": [{"term": "OLP", "negation": "affirmed", "UMLS": {}, "start": 34, "end": 37, "has_relation": "N/A"}], "Outcome": [], "Observation": [{"term": "benefitted more", "negation": "affirmed", "UMLS": {}, "start": 13, "end": 28}], "Count": []}, "Evidence Propositions": [{"Intervention": [{"term": "OLP", "has_relation": "N/A"}], "Observation": "benefitted more", "Outcome": "", "Count": ""}]}, {"Section": "RESULTS", "Text": "When controlling for baseline symptoms , a significant treatment by encounter interaction was found , pointing to greater symptom improvement in the OLP group when the encounter was augmented , whereas the control group improved more when the encounter was limited .", "Evidence Elements": {"Participant": [], "Intervention": [{"term": "OLP", "negation": "affirmed", "UMLS": {}, "start": 149, "end": 152, "has_relation": "N/A"}, {"term": "encounter was augmented", "negation": "affirmed", "UMLS": {}, "start": 168, "end": 191, "has_procedure": [{"text": "encounter", "maps_to": "C1512346:encounter", "start": 0, "end": 9}], "has_relation": "N/A"}, {"term": "control", "negation": "affirmed", "UMLS": {}, "start": 5, "end": 12, "has_relation": "N/A"}], "Outcome": [{"term": "treatment by encounter interaction", "negation": "affirmed", "UMLS": {}, "start": 55, "end": 89}, {"term": "symptom improvement", "negation": "affirmed", "UMLS": {}, "start": 122, "end": 141}], "Observation": [{"term": "significant", "negation": "affirmed", "UMLS": {}, "start": 43, "end": 54}, {"term": "greater", "negation": "affirmed", "UMLS": {}, "start": 114, "end": 121}, {"term": "improved more", "negation": "affirmed", "UMLS": {}, "start": 220, "end": 233}], "Count": []}, "Evidence Propositions": [{"Intervention": [], "Observation": "greater", "Outcome": "", "Count": ""}, {"Intervention": [{"term": "control", "has_relation": "N/A"}], "Observation": "improved more", "Outcome": "", "Count": ""}]}, {"Section": "DISCUSSION", "Text": "The study demonstrates that providing OLP and enhancing the encounter remotely is possible , but their effectiveness might be lower in comparison to previous studies relying on physical patient-provider interaction .", "Evidence Elements": {"Participant": [], "Intervention": [{"term": "OLP", "negation": "affirmed", "UMLS": {}, "start": 38, "end": 41, "has_relation": "N/A"}], "Outcome": [{"term": "encounter remotely", "negation": "affirmed", "UMLS": {}, "start": 60, "end": 78}, {"term": "effectiveness", "negation": "affirmed", "UMLS": {}, "start": 103, "end": 116}], "Observation": [{"term": "enhancing", "negation": "affirmed", "UMLS": {}, "start": 46, "end": 55}, {"term": "lower", "negation": "affirmed", "UMLS": {}, "start": 126, "end": 131}], "Count": []}, "Evidence Propositions": [{"Intervention": {"term": "OLP", "has_relation": "N/A"}, "Observation": "enhancing", "Outcome": "encounter remotely", "Count": ""}, {"Intervention": [], "Observation": "lower", "Outcome": "effectiveness", "Count": ""}]}, {"Section": "DISCUSSION", "Text": "The study raises questions for future research about the potential and challenges of remote placebo studies and virtual clinical encounters .", "Evidence Elements": {"Participant": [], "Intervention": [], "Outcome": [], "Observation": [], "Count": []}, "Evidence Propositions": []}, {"Section": "DISCUSSION", "Text": "The study has been registered as a clinical trial at ISRCTN ( record number : 39018 ) .", "Evidence Elements": {"Participant": [], "Intervention": [], "Outcome": [], "Observation": [], "Count": []}, "Evidence Propositions": []}]}