{"doc_id": "33707410", "type of study": "Therapy", "title": "", "abstract": "[Cognitive-behavioral therapy as a damper of the negative psychological effects of confinement by COVID-19 on pregnant women.]\nThe pandemic caused by COVID-19, at a psychological level, can cause an increase in levels of stress and anxiety due to the fear of contagion and its consequences.\nPregnant women are especially vulnerable to these psychological consequences.\nThus, the objective of this study was to verify the efficacy of a cognitive-behavioral stress control program in reducing psychological stress and increasing resilience in pregnant women, which ended at the begining of the confinement due to COVID-19 in Spain.\nThe study included 22 pregnant women who were randomly divided into two groups: the experimental group (GT) consisted of 11 participants and the control group (GC) also consisted of 11 participants.\nParticipants were recruited from the Hospital Universitario Cl\u00ednico San Cecilio in the province of Granada (Spain), where the weekly cognitive behavioral intervention was also carried out, which was implemented between January 22 and March 11, 2020.\nThey used the assessment instruments: Pregnancy Distress Questionnaire (PDQ), Perceived Stress Scale (EEP-14), Inventory of Vulnerability to Stress (IVE) and Connor Davidson Resilience Scale (CD-RISC).\nA mixed ANOVA of repeated measures 2*2 was performed, with the variable between groups having two levels (CG and GT), and the within-subject having two time periods (pre and post).\nThe repeated measures ANOVA analysis showed group*time interaction effects between the therapy group and the control group and the CD-RISC scores (F1,20=10.658; p<0.02).\nIntrasubject differences in CD-RISC scores were found in the (GT) (t=-2.529; p<0.05), with a moderate effect size.\nIt can be affirmed that cognitive behavioral intervention in pregnant women, administrated prior to confinement in Spain and during the COVID-19 pandemic, has resulted in increased levels of resilience in this population.\n", "Evidence Map": {"Enrollment": [{"term": "confinement", "negation": "affirmed", "UMLS": {}, "start": 84, "end": 95}, {"term": "COVID-19", "negation": "affirmed", "UMLS": {}, "start": 99, "end": 107}, {"term": "pregnant", "negation": "affirmed", "UMLS": {}, "start": 111, "end": 119}, {"term": "pregnant women", "negation": "affirmed", "UMLS": {}, "start": 173, "end": 187}, {"term": "COVID-19", "negation": "affirmed", "UMLS": {}, "start": 244, "end": 252}, {"term": "pregnant women", "negation": "affirmed", "UMLS": {}, "start": 22, "end": 36}, {"term": "pregnant women", "negation": "affirmed", "UMLS": {}, "start": 61, "end": 75}], "Comparison Results": [], "Study Arm 1 Results": [], "Study Arm 2 Results": [], "Hypothesis": []}, "Sentence-level breakdown": [{"Section": "TITLE", "Text": "[ Cognitive-behavioral therapy as a damper of the negative psychological effects of confinement by COVID-19 on pregnant women . ]", "Evidence Elements": {"Participant": [{"term": "confinement", "negation": "affirmed", "UMLS": {}, "start": 84, "end": 95}, {"term": "COVID-19", "negation": "affirmed", "UMLS": {}, "start": 99, "end": 107}, {"term": "pregnant", "negation": "affirmed", "UMLS": {}, "start": 111, "end": 119}], "Intervention": [{"term": "Cognitive-behavioral therapy", "negation": "affirmed", "UMLS": {}, "start": 2, "end": 30, "has_procedure": [{"text": "cognitive behavioral therapy", "maps_to": "C0009244:cognitive behavioral therapy", "start": 0, "end": 28}], "has_relation": "N/A"}], "Outcome": [{"term": "negative psychological effects", "negation": "affirmed", "UMLS": {}, "start": 50, "end": 80}], "Observation": [{"term": "damper", "negation": "affirmed", "UMLS": {}, "start": 36, "end": 42}], "Count": []}, "Evidence Propositions": [{"Intervention": {"term": "Cognitive-behavioral therapy", "has_procedure": [{"text": "cognitive behavioral therapy", "maps_to": "C0009244:cognitive behavioral therapy", "start": 0, "end": 28}], "has_relation": "N/A"}, "Observation": "damper", "Outcome": "negative psychological effects", "Count": ""}]}, {"Section": "OBJECTIVE", "Text": "The pandemic caused by COVID-19 , at a psychological level , can cause an increase in levels of stress and anxiety due to the fear of contagion and its consequences .", "Evidence Elements": {"Participant": [], "Intervention": [], "Outcome": [], "Observation": [], "Count": []}, "Evidence Propositions": []}, {"Section": "OBJECTIVE", "Text": "Pregnant women are especially vulnerable to these psychological consequences .", "Evidence Elements": {"Participant": [], "Intervention": [], "Outcome": [], "Observation": [], "Count": []}, "Evidence Propositions": []}, {"Section": "OBJECTIVE", "Text": "Thus , the objective of this study was to verify the efficacy of a cognitive-behavioral stress control program in reducing psychological stress and increasing resilience in pregnant women , which ended at the begining of the confinement due to COVID-19 in Spain .", "Evidence Elements": {"Participant": [{"term": "pregnant women", "negation": "affirmed", "UMLS": {}, "start": 173, "end": 187}, {"term": "COVID-19", "negation": "affirmed", "UMLS": {}, "start": 244, "end": 252}], "Intervention": [{"term": "cognitive-behavioral stress control program", "negation": "affirmed", "UMLS": {}, "start": 67, "end": 110, "has_procedure": [{"text": "cognitive behavioral stress control", "maps_to": "C0150788:stress control", "start": 0, "end": 35}], "has_relation": "N/A"}], "Outcome": [{"term": "psychological stress", "negation": "affirmed", "UMLS": {}, "start": 123, "end": 143}, {"term": "resilience", "negation": "affirmed", "UMLS": {}, "start": 159, "end": 169}], "Observation": [{"term": "reducing", "negation": "affirmed", "UMLS": {}, "start": 114, "end": 122}, {"term": "increasing", "negation": "affirmed", "UMLS": {}, "start": 148, "end": 158}], "Count": []}, "Evidence Propositions": []}, {"Section": "METHODS", "Text": "The study included 22 pregnant women who were randomly divided into two groups : the experimental group ( GT ) consisted of 11 participants and the control group ( GC ) also consisted of 11 participants .", "Evidence Elements": {"Participant": [{"term": "pregnant women", "negation": "affirmed", "UMLS": {}, "start": 22, "end": 36}], "Intervention": [], "Outcome": [], "Observation": [], "Count": []}, "Evidence Propositions": []}, {"Section": "METHODS", "Text": "Participants were recruited from the Hospital Universitario Cl\u00ednico San Cecilio in the province of Granada ( Spain ) , where the weekly cognitive behavioral intervention was also carried out , which was implemented between January 22 and March 11 , 2020 .", "Evidence Elements": {"Participant": [], "Intervention": [{"term": "weekly cognitive behavioral intervention", "negation": "affirmed", "UMLS": {}, "start": 129, "end": 169, "has_procedure": [{"text": "cognitive behavioral intervention", "maps_to": "C0004933:behavioral intervention", "start": 7, "end": 40, "has_frequency": ["weekly"]}], "has_relation": "N/A"}], "Outcome": [], "Observation": [], "Count": []}, "Evidence Propositions": []}, {"Section": "METHODS", "Text": "They used the assessment instruments : Pregnancy Distress Questionnaire ( PDQ ) , Perceived Stress Scale ( EEP-14 ) , Inventory of Vulnerability to Stress ( IVE ) and Connor Davidson Resilience Scale ( CD-RISC ) .", "Evidence Elements": {"Participant": [], "Intervention": [], "Outcome": [{"term": "Pregnancy Distress Questionnaire ( PDQ )", "negation": "affirmed", "UMLS": {}, "start": 39, "end": 79}, {"term": "Perceived Stress Scale ( EEP-14 )", "negation": "affirmed", "UMLS": {}, "start": 82, "end": 115}, {"term": "Inventory of Vulnerability to Stress", "negation": "affirmed", "UMLS": {}, "start": 118, "end": 154}], "Observation": [], "Count": []}, "Evidence Propositions": []}, {"Section": "METHODS", "Text": "A mixed ANOVA of repeated measures 2*2 was performed , with the variable between groups having two levels ( CG and GT ) , and the within-subject having two time periods ( pre and post ) .", "Evidence Elements": {"Participant": [], "Intervention": [], "Outcome": [], "Observation": [], "Count": []}, "Evidence Propositions": []}, {"Section": "RESULTS", "Text": "The repeated measures ANOVA analysis showed group * time interaction effects between the therapy group and the control group and the CD-RISC scores ( F1 , 20 = 10.658 ; p < 0.02 ) .", "Evidence Elements": {"Participant": [], "Intervention": [{"term": "therapy", "negation": "affirmed", "UMLS": {}, "start": 89, "end": 96, "has_procedure": [{"text": "therapy", "maps_to": "C0087111:therapy", "start": 0, "end": 7}], "has_relation": "N/A"}, {"term": "control", "negation": "affirmed", "UMLS": {}, "start": 111, "end": 118, "has_relation": "N/A"}], "Outcome": [{"term": "group * time interaction effects", "negation": "affirmed", "UMLS": {}, "start": 44, "end": 76}, {"term": "CD-RISC scores", "negation": "affirmed", "UMLS": {}, "start": 133, "end": 147}], "Observation": [], "Count": []}, "Evidence Propositions": []}, {"Section": "RESULTS", "Text": "Intrasubject differences in CD-RISC scores were found in the ( GT ) ( t = -2.529 ; p < 0.05 ) , with a moderate effect size .", "Evidence Elements": {"Participant": [], "Intervention": [{"term": "( GT )", "negation": "affirmed", "UMLS": {}, "start": 61, "end": 67, "has_relation": "N/A"}], "Outcome": [{"term": "Intrasubject differences in CD-RISC scores", "negation": "affirmed", "UMLS": {}, "start": 0, "end": 42}], "Observation": [], "Count": []}, "Evidence Propositions": []}, {"Section": "CONCLUSIONS", "Text": "It can be affirmed that cognitive behavioral intervention in pregnant women , administrated prior to confinement in Spain and during the COVID-19 pandemic , has resulted in increased levels of resilience in this population .", "Evidence Elements": {"Participant": [{"term": "pregnant women", "negation": "affirmed", "UMLS": {}, "start": 61, "end": 75}], "Intervention": [{"term": "cognitive behavioral intervention", "negation": "affirmed", "UMLS": {}, "start": 24, "end": 57, "has_procedure": [{"text": "cognitive behavioral intervention", "maps_to": "C0004933:behavioral intervention", "start": 0, "end": 33}], "has_relation": "N/A"}], "Outcome": [{"term": "levels of resilience", "negation": "affirmed", "UMLS": {}, "start": 183, "end": 203}], "Observation": [{"term": "increased", "negation": "affirmed", "UMLS": {}, "start": 173, "end": 182}], "Count": []}, "Evidence Propositions": []}]}