{"doc_id": "33704389", "type of study": "Therapy", "title": "", "abstract": "Effect of Clear vs Standard Covered Masks on Communication With Patients During Surgical Clinic Encounters: A Randomized Clinical Trial.\nImportance : During the COVID-19 pandemic, wearing masks has become necessary, especially within health care.\nHowever, to our knowledge, the consequences of mask wearing on communication between surgeons and patients have not been studied.\nObjective : To evaluate the effects of clear vs standard covered masks on communication during surgical clinic encounters.\nDesign : This randomized clinical trial examined communication between surgeons and their patients when surgeons wore clear vs covered masks in surgical outpatient clinics at a single academic medical center.\nNew patients were recruited from participating surgeons' clinic schedules.\nInterventions : Surgeons wore either clear masks or covered masks for each clinic visit with a new patient, based on a per-visit randomization plan.\nMain Outcomes and Measures : The primary outcome measures included patient perceptions of (1) surgeon communication and (2) trust in surgeons, as well as (3) quantitative assessments and (4) qualitative assessments regarding patient impressions of the surgeon's mask.\nAfter the clinic encounter, patients completed a verbal survey including validated Clinician and Group Consumer Assessment of Healthcare Providers and Systems questions.\nAdditional questions involved surgeon empathy, trust, and the patient's impression of the surgeon's mask.\nData were analyzed by comparing patient data in the clear vs covered groups using Cochran-Mantel-Haenszel tests, and comments were analyzed for themes.\nResults : Two hundred patients were enrolled from 15 surgeons' clinics spanning 7 subspecialties.\nWhen surgeons wore a clear mask, patients rated their surgeons higher for providing understandable explanations (clear, 95 of 100 [95%] vs covered, 78 of 100 [78%]; P\u2009<\u2009.001), demonstrating empathy (clear, 99 [99%] vs covered, 85 [85%]; P\u2009<\u2009.001), and building trust (clear, 94 [94%] vs covered, 72 [72%]; P\u2009<\u2009.001).\nPatients preferred clear masks (clear, 100 [100%] vs covered, 72 [72%]; P\u2009<\u2009.001), citing improved surgeon communication and appreciation for visualization of the face.\nConversely, 8 of 15 surgeons (53%) were unlikely to choose the clear mask over their standard covered mask.\nConclusions and Relevance : This randomized clinical trial demonstrates that patients prefer to see their surgeon's face.\nSurgeons who wore clear masks were perceived by patients to be better communicators, have more empathy, and elicit greater trust.\nBecause masks will remain part of the health care landscape for some time, deliberate attention to preserving communication within the surgeon-patient relationship is warranted.\nTrial Registration : ClinicalTrials.gov Identifier: NCT04595695.\n", "Evidence Map": {"Enrollment": [{"term": "Surgical Clinic Encounters", "negation": "affirmed", "UMLS": {}, "start": 80, "end": 106}, {"term": "surgical clinic encounters", "negation": "affirmed", "UMLS": {}, "start": 95, "end": 121}, {"term": "surgeons", "negation": "affirmed", "UMLS": {}, "start": 71, "end": 79}, {"term": "surgeons", "negation": "affirmed", "UMLS": {}, "start": 71, "end": 79}, {"term": "Surgeons", "negation": "affirmed", "UMLS": {}, "start": 16, "end": 24}, {"term": "surgeons", "negation": "affirmed", "UMLS": {}, "start": 53, "end": 61}, {"term": "surgeons", "negation": "affirmed", "UMLS": {}, "start": 5, "end": 13}, {"term": "surgeons", "negation": "affirmed", "UMLS": {}, "start": 5, "end": 13}, {"term": "surgeons ( 53 % )", "negation": "affirmed", "UMLS": {}, "start": 21, "end": 38}, {"term": "surgeon", "negation": "affirmed", "UMLS": {}, "start": 106, "end": 113}, {"term": "Surgeons", "negation": "affirmed", "UMLS": {}, "start": 0, "end": 8}], "Comparison Results": [], "Study Arm 1 Results": [], "Study Arm 2 Results": [], "Hypothesis": []}, "Sentence-level breakdown": [{"Section": "TITLE", "Text": "Effect of Clear vs Standard Covered Masks on Communication With Patients During Surgical Clinic Encounters : A Randomized Clinical Trial .", "Evidence Elements": {"Participant": [{"term": "Surgical Clinic Encounters", "negation": "affirmed", "UMLS": {}, "start": 80, "end": 106}], "Intervention": [{"term": "Clear vs Standard Covered Masks", "negation": "affirmed", "UMLS": {}, "start": 10, "end": 41, "has_device": [{"text": "masks", "maps_to": "C0024861:masks", "start": 26, "end": 31}], "has_relation": "N/A"}], "Outcome": [{"term": "Communication", "negation": "affirmed", "UMLS": {}, "start": 45, "end": 58}], "Observation": [], "Count": []}, "Evidence Propositions": []}, {"Section": "UNKNOWN", "Text": "Importance : During the COVID-19 pandemic , wearing masks has become necessary , especially within health care .", "Evidence Elements": {"Participant": [], "Intervention": [], "Outcome": [], "Observation": [], "Count": []}, "Evidence Propositions": []}, {"Section": "UNKNOWN", "Text": "However , to our knowledge , the consequences of mask wearing on communication between surgeons and patients have not been studied .", "Evidence Elements": {"Participant": [], "Intervention": [], "Outcome": [], "Observation": [], "Count": []}, "Evidence Propositions": []}, {"Section": "UNKNOWN", "Text": "Objective : To evaluate the effects of clear vs standard covered masks on communication during surgical clinic encounters .", "Evidence Elements": {"Participant": [{"term": "surgical clinic encounters", "negation": "affirmed", "UMLS": {}, "start": 95, "end": 121}], "Intervention": [{"term": "clear", "negation": "affirmed", "UMLS": {}, "start": 39, "end": 44, "has_relation": "N/A"}, {"term": "standard covered masks", "negation": "affirmed", "UMLS": {}, "start": 48, "end": 70, "has_device": [{"text": "masks", "maps_to": "C0024861:masks", "start": 17, "end": 22}], "has_relation": "N/A"}], "Outcome": [{"term": "communication", "negation": "affirmed", "UMLS": {}, "start": 74, "end": 87}], "Observation": [], "Count": []}, "Evidence Propositions": []}, {"Section": "UNKNOWN", "Text": "Design : This randomized clinical trial examined communication between surgeons and their patients when surgeons wore clear vs covered masks in surgical outpatient clinics at a single academic medical center .", "Evidence Elements": {"Participant": [{"term": "surgeons", "negation": "affirmed", "UMLS": {}, "start": 71, "end": 79}, {"term": "surgeons", "negation": "affirmed", "UMLS": {}, "start": 71, "end": 79}], "Intervention": [{"term": "clear vs covered masks", "negation": "affirmed", "UMLS": {}, "start": 118, "end": 140, "has_device": [{"text": "masks", "maps_to": "C0024861:masks", "start": 17, "end": 22}], "has_relation": "N/A"}], "Outcome": [{"term": "communication", "negation": "affirmed", "UMLS": {}, "start": 49, "end": 62}, {"term": "their", "negation": "affirmed", "UMLS": {}, "start": 84, "end": 89}], "Observation": [], "Count": []}, "Evidence Propositions": []}, {"Section": "UNKNOWN", "Text": "New patients were recruited from participating surgeons ' clinic schedules .", "Evidence Elements": {"Participant": [], "Intervention": [], "Outcome": [], "Observation": [], "Count": []}, "Evidence Propositions": []}, {"Section": "UNKNOWN", "Text": "Interventions : Surgeons wore either clear masks or covered masks for each clinic visit with a new patient , based on a per-visit randomization plan .", "Evidence Elements": {"Participant": [{"term": "Surgeons", "negation": "affirmed", "UMLS": {}, "start": 16, "end": 24}], "Intervention": [{"term": "clear masks", "negation": "affirmed", "UMLS": {}, "start": 37, "end": 48, "has_device": [{"text": "clear masks", "maps_to": "C0024861:masks", "start": 0, "end": 11}], "has_relation": "N/A"}, {"term": "covered masks", "negation": "affirmed", "UMLS": {}, "start": 52, "end": 65, "has_device": [{"text": "masks", "maps_to": "C0024861:masks", "start": 8, "end": 13}], "has_relation": "N/A"}], "Outcome": [], "Observation": [], "Count": []}, "Evidence Propositions": []}, {"Section": "UNKNOWN", "Text": "Main Outcomes and Measures : The primary outcome measures included patient perceptions of ( 1 ) surgeon communication and ( 2 ) trust in surgeons , as well as ( 3 ) quantitative assessments and ( 4 ) qualitative assessments regarding patient impressions of the surgeon 's mask .", "Evidence Elements": {"Participant": [], "Intervention": [], "Outcome": [{"term": "patient perceptions", "negation": "affirmed", "UMLS": {}, "start": 67, "end": 86}, {"term": "surgeon communication", "negation": "affirmed", "UMLS": {}, "start": 96, "end": 117}, {"term": "trust in surgeons", "negation": "affirmed", "UMLS": {}, "start": 128, "end": 145}, {"term": "quantitative assessments", "negation": "affirmed", "UMLS": {}, "start": 165, "end": 189}], "Observation": [], "Count": []}, "Evidence Propositions": []}, {"Section": "UNKNOWN", "Text": "After the clinic encounter , patients completed a verbal survey including validated Clinician and Group Consumer Assessment of Healthcare Providers and Systems questions .", "Evidence Elements": {"Participant": [], "Intervention": [], "Outcome": [], "Observation": [], "Count": []}, "Evidence Propositions": []}, {"Section": "UNKNOWN", "Text": "Additional questions involved surgeon empathy , trust , and the patient 's impression of the surgeon 's mask .", "Evidence Elements": {"Participant": [], "Intervention": [], "Outcome": [{"term": "surgeon empathy", "negation": "affirmed", "UMLS": {}, "start": 30, "end": 45}, {"term": "trust", "negation": "affirmed", "UMLS": {}, "start": 48, "end": 53}, {"term": "patient 's impression of", "negation": "affirmed", "UMLS": {}, "start": 64, "end": 88}], "Observation": [], "Count": []}, "Evidence Propositions": []}, {"Section": "UNKNOWN", "Text": "Data were analyzed by comparing patient data in the clear vs covered groups using Cochran-Mantel-Haenszel tests , and comments were analyzed for themes .", "Evidence Elements": {"Participant": [], "Intervention": [{"term": "clear", "negation": "affirmed", "UMLS": {}, "start": 52, "end": 57, "has_relation": "N/A"}, {"term": "covered", "negation": "affirmed", "UMLS": {}, "start": 61, "end": 68, "has_relation": "N/A"}], "Outcome": [], "Observation": [], "Count": []}, "Evidence Propositions": []}, {"Section": "UNKNOWN", "Text": "Results : Two hundred patients were enrolled from 15 surgeons ' clinics spanning 7 subspecialties .", "Evidence Elements": {"Participant": [{"term": "surgeons", "negation": "affirmed", "UMLS": {}, "start": 53, "end": 61}], "Intervention": [], "Outcome": [], "Observation": [], "Count": []}, "Evidence Propositions": []}, {"Section": "UNKNOWN", "Text": "When surgeons wore a clear mask , patients rated their surgeons higher for providing understandable explanations ( clear , 95 of 100 [ 95 % ] vs covered , 78 of 100 [ 78 % ] ; P < .001 ) , demonstrating empathy ( clear , 99 [ 99 % ] vs covered , 85 [ 85 % ] ; P < .001 ) , and building trust ( clear , 94 [ 94 % ] vs covered , 72 [ 72 % ] ; P < .001 ) .", "Evidence Elements": {"Participant": [{"term": "surgeons", "negation": "affirmed", "UMLS": {}, "start": 5, "end": 13}, {"term": "surgeons", "negation": "affirmed", "UMLS": {}, "start": 5, "end": 13}], "Intervention": [{"term": "clear mask", "negation": "affirmed", "UMLS": {}, "start": 21, "end": 31, "has_device": [{"text": "clear mask", "maps_to": "C0024861:mask", "start": 0, "end": 10}], "has_relation": "N/A"}, {"term": "clear", "negation": "affirmed", "UMLS": {}, "start": 21, "end": 26, "has_relation": "N/A"}, {"term": "covered", "negation": "affirmed", "UMLS": {}, "start": 145, "end": 152, "has_relation": "N/A"}, {"term": "clear", "negation": "affirmed", "UMLS": {}, "start": 21, "end": 26, "has_relation": "N/A"}, {"term": "covered", "negation": "affirmed", "UMLS": {}, "start": 145, "end": 152, "has_relation": "N/A"}], "Outcome": [{"term": "understandable explanations", "negation": "affirmed", "UMLS": {}, "start": 85, "end": 112}, {"term": "empathy", "negation": "affirmed", "UMLS": {}, "start": 203, "end": 210}], "Observation": [{"term": "higher", "negation": "affirmed", "UMLS": {}, "start": 64, "end": 70}], "Count": [{"term": "95 of 100 [ 95 % ]", "negation": "affirmed", "UMLS": {}, "start": 123, "end": 141}, {"term": "78 of 100 [ 78 % ]", "negation": "affirmed", "UMLS": {}, "start": 155, "end": 173}, {"term": "99 [ 99 % ]", "negation": "affirmed", "UMLS": {}, "start": 221, "end": 232}]}, "Evidence Propositions": [{"Intervention": [], "Observation": "higher", "Outcome": "", "Count": ""}, {"Intervention": {"term": "clear mask", "has_device": [{"text": "clear mask", "maps_to": "C0024861:mask", "start": 0, "end": 10}], "has_relation": "N/A"}, "Observation": "", "Count": "95 of 100 [ 95 % ]", "Outcome": "understandable explanations"}, {"Intervention": {"term": "clear", "has_relation": "N/A"}, "Observation": "", "Count": "95 of 100 [ 95 % ]", "Outcome": "understandable explanations"}, {"Intervention": {"term": "covered", "has_relation": "N/A"}, "Observation": "", "Count": "78 of 100 [ 78 % ]", "Outcome": "understandable explanations"}, {"Intervention": {"term": "clear mask", "has_device": [{"text": "clear mask", "maps_to": "C0024861:mask", "start": 0, "end": 10}], "has_relation": "N/A"}, "Observation": "", "Count": "99 [ 99 % ]", "Outcome": "empathy"}, {"Intervention": {"term": "clear", "has_relation": "N/A"}, "Observation": "", "Count": "99 [ 99 % ]", "Outcome": "empathy"}]}, {"Section": "UNKNOWN", "Text": "Patients preferred clear masks ( clear , 100 [ 100 % ] vs covered , 72 [ 72 % ] ; P < .001 ) , citing improved surgeon communication and appreciation for visualization of the face .", "Evidence Elements": {"Participant": [], "Intervention": [{"term": "clear masks", "negation": "affirmed", "UMLS": {}, "start": 19, "end": 30, "has_device": [{"text": "clear masks", "maps_to": "C0024861:masks", "start": 0, "end": 11}], "has_relation": "N/A"}, {"term": "clear", "negation": "affirmed", "UMLS": {}, "start": 19, "end": 24, "has_relation": "N/A"}, {"term": "covered", "negation": "affirmed", "UMLS": {}, "start": 58, "end": 65, "has_relation": "N/A"}], "Outcome": [], "Observation": [], "Count": [{"term": "100 [ 100 % ]", "negation": "affirmed", "UMLS": {}, "start": 41, "end": 54}, {"term": "72 [ 72 % ]", "negation": "affirmed", "UMLS": {}, "start": 68, "end": 79}]}, "Evidence Propositions": []}, {"Section": "UNKNOWN", "Text": "Conversely , 8 of 15 surgeons ( 53 % ) were unlikely to choose the clear mask over their standard covered mask .", "Evidence Elements": {"Participant": [{"term": "surgeons ( 53 % )", "negation": "affirmed", "UMLS": {}, "start": 21, "end": 38}], "Intervention": [{"term": "clear mask", "negation": "affirmed", "UMLS": {}, "start": 67, "end": 77, "has_device": [{"text": "clear mask", "maps_to": "C0024861:mask", "start": 0, "end": 10}], "has_relation": "N/A"}], "Outcome": [], "Observation": [], "Count": [{"term": "8 of 15", "negation": "negated", "UMLS": {}, "start": 13, "end": 20}]}, "Evidence Propositions": []}, {"Section": "UNKNOWN", "Text": "Conclusions and Relevance : This randomized clinical trial demonstrates that patients prefer to see their surgeon 's face .", "Evidence Elements": {"Participant": [{"term": "surgeon", "negation": "affirmed", "UMLS": {}, "start": 106, "end": 113}], "Intervention": [], "Outcome": [], "Observation": [{"term": "prefer", "negation": "affirmed", "UMLS": {}, "start": 86, "end": 92}], "Count": []}, "Evidence Propositions": []}, {"Section": "UNKNOWN", "Text": "Surgeons who wore clear masks were perceived by patients to be better communicators , have more empathy , and elicit greater trust .", "Evidence Elements": {"Participant": [{"term": "Surgeons", "negation": "affirmed", "UMLS": {}, "start": 0, "end": 8}], "Intervention": [{"term": "clear masks", "negation": "affirmed", "UMLS": {}, "start": 18, "end": 29, "has_device": [{"text": "clear masks", "maps_to": "C0024861:masks", "start": 0, "end": 11}], "has_relation": "N/A"}], "Outcome": [{"term": "communicators", "negation": "affirmed", "UMLS": {}, "start": 70, "end": 83}, {"term": "empathy", "negation": "affirmed", "UMLS": {}, "start": 96, "end": 103}], "Observation": [{"term": "better", "negation": "affirmed", "UMLS": {}, "start": 63, "end": 69}, {"term": "more", "negation": "affirmed", "UMLS": {}, "start": 91, "end": 95}], "Count": []}, "Evidence Propositions": []}, {"Section": "UNKNOWN", "Text": "Because masks will remain part of the health care landscape for some time , deliberate attention to preserving communication within the surgeon-patient relationship is warranted .", "Evidence Elements": {"Participant": [], "Intervention": [], "Outcome": [], "Observation": [], "Count": []}, "Evidence Propositions": []}, {"Section": "UNKNOWN", "Text": "Trial Registration : ClinicalTrials.gov Identifier : NCT04595695 .", "Evidence Elements": {"Participant": [], "Intervention": [], "Outcome": [], "Observation": [], "Count": []}, "Evidence Propositions": []}]}