{"doc_id": "33725772", "type of study": "Therapy", "title": "", "abstract": "A randomized trial in the investigation of anxiety and depression in patients with coronavirus disease 2019 (COVID-19).\nIn March 2020, the World Health Organization (WHO) declared COVID-19 a public health emergency of international concern.\nA small proportion of patients infected with COVID-19 go on to develop pneumonia.\nWe speculated that COVID-19 may be likely to result in psychological disorders such as anxiety and depression.\nIn this study, we conducted an investigation of anxiety and depression in patients with COVID-19.\nSixty-five COVID-19 patients were randomly enrolled into this study.\nAnxiety and depression among participants were measured through the completion of anonymous Chinese-language Zung self-rating anxiety scale and self-rating depression scale questionnaires.\nData were analyzed using independent samples t-tests, Mann-Whitney U-tests, and \u03c72 tests.\nThe questionnaire results showed that 26.15% and 41.54% of participants suffered from anxiety and depression, respectively, although there was no significantly statistical difference between the proportions of COVID-19 patients with anxiety and depression.\nStatistically significant differences in employment status, partial pressure of oxygen, and corticosteroid application existed between moderate- and severe COVID-19 patients (P<0.05).\nIn particular, the partial pressure of oxygen was significantly lower in severe COVID-19 patients than in their moderate counter parts (71.31\u00b123.54 vs. 101.06\u00b134.43, U=156, P=0.006).\nTotal lymphocytes was lower in severe group than in moderate group [1.659\u00b10.643 vs. 0.745 (0.645, 0.928), U=109, P=0.000].\nAlso, a higher proportion of female than male patients had anxiety (\u03c72=5.388, P=0.02).\nCOVID-19 patients who received antiviral medications also displayed a higher rate of anxiety (\u03c72=4.481, P=0.034).\nTotal lymphocytes between the non-anxiety and anxiety had statistical difference (U=321, P=0.019).\nMeanwhile, total lymphocytes between the non-depression and depression also had statistical difference (U=389.5, P=0.01).\nAmong patients with COVID-19, females and those treated with antiviral medications were more likely to experience anxiety.\nIn addition, our findings reflected the effect of anxiety and depression on immune system.\n", "Evidence Map": {"Enrollment": [{"term": "coronavirus disease 2019 (", "negation": "affirmed", "UMLS": {}, "start": 83, "end": 109}, {"term": "COVID-19", "negation": "affirmed", "UMLS": {}, "start": 11, "end": 19}, {"term": "COVID-19", "negation": "negated", "UMLS": {}, "start": 214, "end": 222}, {"term": "COVID-19", "negation": "affirmed", "UMLS": {}, "start": 0, "end": 8}, {"term": "COVID-19", "negation": "affirmed", "UMLS": {}, "start": 20, "end": 28}, {"term": "females", "negation": "affirmed", "UMLS": {}, "start": 31, "end": 38}], "Comparison Results": [], "Study Arm 1 Results": [], "Study Arm 2 Results": [], "Hypothesis": []}, "Sentence-level breakdown": [{"Section": "TITLE", "Text": "A randomized trial in the investigation of anxiety and depression in patients with coronavirus disease 2019 ( COVID-19 ) .", "Evidence Elements": {"Participant": [{"term": "coronavirus disease 2019 (", "negation": "affirmed", "UMLS": {}, "start": 83, "end": 109}], "Intervention": [], "Outcome": [{"term": "anxiety", "negation": "affirmed", "UMLS": {}, "start": 43, "end": 50}, {"term": "depression", "negation": "affirmed", "UMLS": {}, "start": 55, "end": 65}], "Observation": [], "Count": []}, "Evidence Propositions": []}, {"Section": "BACKGROUND", "Text": "In March 2020 , the World Health Organization ( WHO ) declared COVID-19 a public health emergency of international concern .", "Evidence Elements": {"Participant": [], "Intervention": [], "Outcome": [], "Observation": [], "Count": []}, "Evidence Propositions": []}, {"Section": "BACKGROUND", "Text": "A small proportion of patients infected with COVID-19 go on to develop pneumonia .", "Evidence Elements": {"Participant": [], "Intervention": [], "Outcome": [{"term": "pneumonia", "negation": "affirmed", "UMLS": {}, "start": 71, "end": 80}], "Observation": [], "Count": []}, "Evidence Propositions": []}, {"Section": "BACKGROUND", "Text": "We speculated that COVID-19 may be likely to result in psychological disorders such as anxiety and depression .", "Evidence Elements": {"Participant": [], "Intervention": [], "Outcome": [], "Observation": [], "Count": []}, "Evidence Propositions": []}, {"Section": "BACKGROUND", "Text": "In this study , we conducted an investigation of anxiety and depression in patients with COVID-19 .", "Evidence Elements": {"Participant": [], "Intervention": [], "Outcome": [{"term": "anxiety", "negation": "affirmed", "UMLS": {}, "start": 49, "end": 56}, {"term": "depression", "negation": "affirmed", "UMLS": {}, "start": 61, "end": 71}], "Observation": [], "Count": []}, "Evidence Propositions": []}, {"Section": "METHODS", "Text": "Sixty-five COVID-19 patients were randomly enrolled into this study .", "Evidence Elements": {"Participant": [{"term": "COVID-19", "negation": "affirmed", "UMLS": {}, "start": 11, "end": 19}], "Intervention": [], "Outcome": [], "Observation": [], "Count": []}, "Evidence Propositions": []}, {"Section": "METHODS", "Text": "Anxiety and depression among participants were measured through the completion of anonymous Chinese-language Zung self-rating anxiety scale and self-rating depression scale questionnaires .", "Evidence Elements": {"Participant": [], "Intervention": [], "Outcome": [{"term": "Anxiety", "negation": "affirmed", "UMLS": {}, "start": 0, "end": 7}, {"term": "depression", "negation": "affirmed", "UMLS": {}, "start": 12, "end": 22}], "Observation": [], "Count": []}, "Evidence Propositions": []}, {"Section": "METHODS", "Text": "Data were analyzed using independent samples t-tests , Mann-Whitney U-tests , and \u03c72 tests .", "Evidence Elements": {"Participant": [], "Intervention": [], "Outcome": [], "Observation": [], "Count": []}, "Evidence Propositions": []}, {"Section": "RESULTS", "Text": "The questionnaire results showed that 26.15 % and 41.54 % of participants suffered from anxiety and depression , respectively , although there was no significantly statistical difference between the proportions of COVID-19 patients with anxiety and depression .", "Evidence Elements": {"Participant": [{"term": "COVID-19", "negation": "negated", "UMLS": {}, "start": 214, "end": 222}], "Intervention": [], "Outcome": [{"term": "anxiety", "negation": "negated", "UMLS": {}, "start": 88, "end": 95}, {"term": "depression", "negation": "negated", "UMLS": {}, "start": 100, "end": 110}, {"term": "proportions", "negation": "negated", "UMLS": {}, "start": 199, "end": 210}], "Observation": [{"term": "significantly statistical difference", "negation": "negated", "UMLS": {}, "start": 150, "end": 186}], "Count": [{"term": "26.15 %", "negation": "affirmed", "UMLS": {}, "start": 38, "end": 45}, {"term": "41.54 % of participants", "negation": "affirmed", "UMLS": {}, "start": 50, "end": 73}]}, "Evidence Propositions": [{"Intervention": [], "Observation": "significantly statistical difference", "Outcome": "proportions", "Count": ""}]}, {"Section": "RESULTS", "Text": "Statistically significant differences in employment status , partial pressure of oxygen , and corticosteroid application existed between moderate- and severe COVID-19 patients ( P < 0.05 ) .", "Evidence Elements": {"Participant": [], "Intervention": [{"term": "moderate- and severe COVID-19", "negation": "affirmed", "UMLS": {}, "start": 137, "end": 166, "has_procedure": [{"text": "severe coronavirus", "maps_to": "C5401375:Coronavirus", "start": 13, "end": 31}], "has_relation": "N/A"}], "Outcome": [{"term": "employment status", "negation": "affirmed", "UMLS": {}, "start": 41, "end": 58}, {"term": "partial pressure of oxygen", "negation": "affirmed", "UMLS": {}, "start": 61, "end": 87}, {"term": "corticosteroid application", "negation": "affirmed", "UMLS": {}, "start": 94, "end": 120}], "Observation": [{"term": "Statistically significant differences", "negation": "affirmed", "UMLS": {}, "start": 0, "end": 37}], "Count": []}, "Evidence Propositions": [{"Intervention": [{"term": "moderate- and severe COVID-19", "has_procedure": [{"text": "severe coronavirus", "maps_to": "C5401375:Coronavirus", "start": 13, "end": 31}], "has_relation": "N/A"}], "Observation": "Statistically significant differences", "Outcome": "employment status", "Count": ""}, {"Intervention": [{"term": "moderate- and severe COVID-19", "has_procedure": [{"text": "severe coronavirus", "maps_to": "C5401375:Coronavirus", "start": 13, "end": 31}], "has_relation": "N/A"}], "Observation": "Statistically significant differences", "Outcome": "partial pressure of oxygen", "Count": ""}, {"Intervention": [{"term": "moderate- and severe COVID-19", "has_procedure": [{"text": "severe coronavirus", "maps_to": "C5401375:Coronavirus", "start": 13, "end": 31}], "has_relation": "N/A"}], "Observation": "Statistically significant differences", "Outcome": "corticosteroid application", "Count": ""}]}, {"Section": "RESULTS", "Text": "In particular , the partial pressure of oxygen was significantly lower in severe COVID-19 patients than in their moderate counter parts ( 71.31 ##\u00b123.54 vs . 101.06 ##\u00b134.43 , U=156 , P = 0.006 ) .", "Evidence Elements": {"Participant": [], "Intervention": [{"term": "severe COVID-19", "negation": "affirmed", "UMLS": {}, "start": 74, "end": 89, "has_procedure": [{"text": "severe coronavirus", "maps_to": "C5401375:Coronavirus", "start": 0, "end": 18}], "has_relation": "N/A"}, {"term": "moderate counter parts", "negation": "affirmed", "UMLS": {}, "start": 113, "end": 135, "has_relation": "N/A"}], "Outcome": [{"term": "partial pressure of oxygen", "negation": "affirmed", "UMLS": {}, "start": 20, "end": 46}], "Observation": [{"term": "significantly lower", "negation": "affirmed", "UMLS": {}, "start": 51, "end": 70}, {"term": "71.31 ##\u00b123.54", "negation": "affirmed", "UMLS": {}, "start": 138, "end": 152}], "Count": []}, "Evidence Propositions": [{"Intervention": [{"term": "severe COVID-19", "has_procedure": [{"text": "severe coronavirus", "maps_to": "C5401375:Coronavirus", "start": 0, "end": 18}], "has_relation": "N/A"}, {"term": "moderate counter parts", "has_relation": "N/A"}], "Observation": "significantly lower", "Outcome": "partial pressure of oxygen", "Count": ""}, {"Intervention": {"term": "severe COVID-19", "has_procedure": [{"text": "severe coronavirus", "maps_to": "C5401375:Coronavirus", "start": 0, "end": 18}], "has_relation": "N/A"}, "Observation": "71.31 ##\u00b123.54", "Outcome": "partial pressure of oxygen", "Count": ""}]}, {"Section": "RESULTS", "Text": "Total lymphocytes was lower in severe group than in moderate group [ 1.659 ##\u00b10.643 vs . 0.745 ( 0.645 , 0.928 ) , U=109 , P = 0.000 ] .", "Evidence Elements": {"Participant": [], "Intervention": [{"term": "severe group", "negation": "affirmed", "UMLS": {}, "start": 31, "end": 43, "has_procedure": [{"text": "severe", "maps_to": "C1306232:severed", "start": 0, "end": 6}], "has_relation": "N/A"}, {"term": "moderate group", "negation": "affirmed", "UMLS": {}, "start": 52, "end": 66, "has_relation": "N/A"}], "Outcome": [{"term": "Total lymphocytes", "negation": "affirmed", "UMLS": {}, "start": 0, "end": 17}], "Observation": [{"term": "lower", "negation": "affirmed", "UMLS": {}, "start": 22, "end": 27}, {"term": "1.659 ##\u00b10.643", "negation": "affirmed", "UMLS": {}, "start": 69, "end": 83}, {"term": "0.745", "negation": "affirmed", "UMLS": {}, "start": 89, "end": 94}], "Count": []}, "Evidence Propositions": [{"Intervention": [{"term": "severe group", "has_procedure": [{"text": "severe", "maps_to": "C1306232:severed", "start": 0, "end": 6}], "has_relation": "N/A"}, {"term": "moderate group", "has_relation": "N/A"}], "Observation": "lower", "Outcome": "Total lymphocytes", "Count": ""}, {"Intervention": {"term": "severe group", "has_procedure": [{"text": "severe", "maps_to": "C1306232:severed", "start": 0, "end": 6}], "has_relation": "N/A"}, "Observation": "1.659 ##\u00b10.643", "Outcome": "Total lymphocytes", "Count": ""}, {"Intervention": {"term": "moderate group", "has_relation": "N/A"}, "Observation": "0.745", "Outcome": "Total lymphocytes", "Count": ""}]}, {"Section": "RESULTS", "Text": "Also , a higher proportion of female than male patients had anxiety ( \u03c72 = 5.388 , P = 0.02 ) .", "Evidence Elements": {"Participant": [], "Intervention": [{"term": "male", "negation": "affirmed", "UMLS": {}, "start": 32, "end": 36, "has_relation": "N/A"}], "Outcome": [{"term": "anxiety", "negation": "affirmed", "UMLS": {}, "start": 60, "end": 67}], "Observation": [{"term": "higher proportion of female", "negation": "affirmed", "UMLS": {}, "start": 9, "end": 36}], "Count": []}, "Evidence Propositions": [{"Intervention": [{"term": "male", "has_relation": "N/A"}], "Observation": "higher proportion of female", "Outcome": "anxiety", "Count": ""}]}, {"Section": "RESULTS", "Text": "COVID-19 patients who received antiviral medications also displayed a higher rate of anxiety ( \u03c72 = 4.481 , P = 0.034 ) .", "Evidence Elements": {"Participant": [{"term": "COVID-19", "negation": "affirmed", "UMLS": {}, "start": 0, "end": 8}], "Intervention": [{"term": "antiviral medications", "negation": "affirmed", "UMLS": {}, "start": 31, "end": 52, "has_chemical": [{"text": "antiviral medications", "maps_to": "C0013227:medications", "start": 0, "end": 21}], "has_relation": "N/A"}], "Outcome": [{"term": "rate of anxiety", "negation": "affirmed", "UMLS": {}, "start": 77, "end": 92}], "Observation": [{"term": "higher", "negation": "affirmed", "UMLS": {}, "start": 70, "end": 76}], "Count": []}, "Evidence Propositions": []}, {"Section": "RESULTS", "Text": "Total lymphocytes between the non-anxiety and anxiety had statistical difference ( U=321 , P = 0.019 ) .", "Evidence Elements": {"Participant": [], "Intervention": [{"term": "non-anxiety", "negation": "affirmed", "UMLS": {}, "start": 30, "end": 41, "has_relation": "N/A"}, {"term": "anxiety", "negation": "affirmed", "UMLS": {}, "start": 34, "end": 41, "has_relation": "N/A"}], "Outcome": [{"term": "Total lymphocytes", "negation": "affirmed", "UMLS": {}, "start": 0, "end": 17}], "Observation": [{"term": "statistical difference", "negation": "affirmed", "UMLS": {}, "start": 58, "end": 80}], "Count": []}, "Evidence Propositions": [{"Intervention": [{"term": "non-anxiety", "has_relation": "N/A"}, {"term": "anxiety", "has_relation": "N/A"}], "Observation": "statistical difference", "Outcome": "Total lymphocytes", "Count": ""}]}, {"Section": "RESULTS", "Text": "Meanwhile , total lymphocytes between the non-depression and depression also had statistical difference ( U=389.5 , P = 0.01 ) .", "Evidence Elements": {"Participant": [], "Intervention": [{"term": "non-depression", "negation": "affirmed", "UMLS": {}, "start": 42, "end": 56, "has_relation": "N/A"}, {"term": "depression", "negation": "affirmed", "UMLS": {}, "start": 46, "end": 56, "has_relation": "N/A"}], "Outcome": [{"term": "total lymphocytes", "negation": "affirmed", "UMLS": {}, "start": 12, "end": 29}], "Observation": [{"term": "statistical difference", "negation": "affirmed", "UMLS": {}, "start": 81, "end": 103}], "Count": []}, "Evidence Propositions": [{"Intervention": [{"term": "non-depression", "has_relation": "N/A"}, {"term": "depression", "has_relation": "N/A"}], "Observation": "statistical difference", "Outcome": "total lymphocytes", "Count": ""}]}, {"Section": "CONCLUSIONS", "Text": "Among patients with COVID-19 , females and those treated with antiviral medications were more likely to experience anxiety .", "Evidence Elements": {"Participant": [{"term": "COVID-19", "negation": "affirmed", "UMLS": {}, "start": 20, "end": 28}, {"term": "females", "negation": "affirmed", "UMLS": {}, "start": 31, "end": 38}], "Intervention": [{"term": "antiviral medications", "negation": "affirmed", "UMLS": {}, "start": 62, "end": 83, "has_chemical": [{"text": "antiviral medications", "maps_to": "C0013227:medications", "start": 0, "end": 21}], "has_relation": "N/A"}], "Outcome": [], "Observation": [{"term": "more likely", "negation": "affirmed", "UMLS": {}, "start": 89, "end": 100}], "Count": []}, "Evidence Propositions": [{"Intervention": [{"term": "antiviral medications", "has_chemical": [{"text": "antiviral medications", "maps_to": "C0013227:medications", "start": 0, "end": 21}], "has_relation": "N/A"}], "Observation": "more likely", "Outcome": "", "Count": ""}]}, {"Section": "CONCLUSIONS", "Text": "In addition , our findings reflected the effect of anxiety and depression on immune system .", "Evidence Elements": {"Participant": [], "Intervention": [{"term": "anxiety", "negation": "affirmed", "UMLS": {}, "start": 51, "end": 58, "has_relation": "N/A"}, {"term": "depression", "negation": "affirmed", "UMLS": {}, "start": 63, "end": 73, "has_relation": "N/A"}], "Outcome": [{"term": "immune", "negation": "affirmed", "UMLS": {}, "start": 77, "end": 83}], "Observation": [], "Count": []}, "Evidence Propositions": []}]}