{"doc_id": "33761870", "type of study": "Therapy", "title": "", "abstract": "Efficacy and safety of Levamisole treatment in clinical presentations of non-hospitalized patients with COVID-19: a double-blind, randomized, controlled trial.\nLevamisole has shown clinical benefits in the management of COVID-19 via its immunomodulatory effect.\nHowever, the exact role of Levamisole effect in clinical status of COVID-19 patients is unknown.\nWe aimed to evaluate the efficacy of Levamisole on clinical status of patients with COVID-19 during their course of the disease.\nThis prospective, double-blind, randomized controlled clinical trial was performed in adult patients with mild to moderate COVID-19 (room-air oxygen saturation\u2009>\u200994%) from late April 2020 to mid-August 2020.\nPatients were randomly assigned to receive a 3-day course of Levamisole or placebo in combination with routine standard of care.\nWith 25 patients in each arm, 50 patients with COVID-19 were enrolled in the study.\nMost of the study participants were men (60%).\nOn days 3 and 14, patients in Levamisole group had significantly better cough status distribution when compared to the placebo group (P-value\u2009=\u20090.034 and 0.005, respectively).\nMoreover, there was significant differences between the two groups in dyspnea at follow-up intervals of 7 (P-value\u2009=\u20090.015) and 14 (P-value\u2009=\u20090.010) days after receiving the interventions.\nHowever, no significant difference in fever status was observed on days 1, 3, 7, and 14 in both groups (P-value >\u20090.05).\nThe results of the current study suggest that Levamisole may improve most of clinical status of patients with COVID-19.\nThe patients receiving Levamisole had significantly better chance of clinical status including cough and dyspnea on day 14 when compared to the placebo.\nHowever, the effect-size of this finding has uncertain clinical importance.\nTRIAL REGISTRATION : The trial was registered as IRCT20190810044500N7 (19/09/2020).\n", "Evidence Map": {"Enrollment": [{"term": "clinical presentations", "negation": "affirmed", "UMLS": {}, "start": 47, "end": 69}, {"term": "non-hospitalized patients", "negation": "affirmed", "UMLS": {}, "start": 73, "end": 98}, {"term": "COVID-19", "negation": "affirmed", "UMLS": {}, "start": 104, "end": 112}, {"term": "COVID-19", "negation": "affirmed", "UMLS": {}, "start": 84, "end": 92}, {"term": "adult", "negation": "affirmed", "UMLS": {}, "start": 88, "end": 93}, {"term": "mild to moderate COVID-19", "negation": "affirmed", "UMLS": {}, "start": 108, "end": 133}, {"term": "COVID-19", "negation": "affirmed", "UMLS": {}, "start": 48, "end": 56}, {"term": "men", "negation": "affirmed", "UMLS": {}, "start": 36, "end": 39}, {"term": "COVID-19", "negation": "affirmed", "UMLS": {}, "start": 110, "end": 118}], "Comparison Results": [], "Study Arm 1 Results": [], "Study Arm 2 Results": [], "Hypothesis": []}, "Sentence-level breakdown": [{"Section": "TITLE", "Text": "Efficacy and safety of Levamisole treatment in clinical presentations of non-hospitalized patients with COVID-19 : a double-blind , randomized , controlled trial .", "Evidence Elements": {"Participant": [{"term": "clinical presentations", "negation": "affirmed", "UMLS": {}, "start": 47, "end": 69}, {"term": "non-hospitalized patients", "negation": "affirmed", "UMLS": {}, "start": 73, "end": 98}, {"term": "COVID-19", "negation": "affirmed", "UMLS": {}, "start": 104, "end": 112}], "Intervention": [{"term": "Levamisole", "negation": "affirmed", "UMLS": {}, "start": 23, "end": 33, "has_chemical": [{"text": "levamisole", "maps_to": "C0023556:levamisole", "start": 0, "end": 10}], "has_relation": "N/A"}], "Outcome": [{"term": "safety", "negation": "affirmed", "UMLS": {}, "start": 13, "end": 19}], "Observation": [], "Count": []}, "Evidence Propositions": []}, {"Section": "BACKGROUND", "Text": "Levamisole has shown clinical benefits in the management of COVID-19 via its immunomodulatory effect .", "Evidence Elements": {"Participant": [], "Intervention": [], "Outcome": [], "Observation": [{"term": "benefits", "negation": "affirmed", "UMLS": {}, "start": 30, "end": 38}], "Count": []}, "Evidence Propositions": []}, {"Section": "BACKGROUND", "Text": "However , the exact role of Levamisole effect in clinical status of COVID-19 patients is unknown .", "Evidence Elements": {"Participant": [], "Intervention": [], "Outcome": [], "Observation": [], "Count": []}, "Evidence Propositions": []}, {"Section": "BACKGROUND", "Text": "We aimed to evaluate the efficacy of Levamisole on clinical status of patients with COVID-19 during their course of the disease .", "Evidence Elements": {"Participant": [{"term": "COVID-19", "negation": "affirmed", "UMLS": {}, "start": 84, "end": 92}], "Intervention": [{"term": "Levamisole", "negation": "affirmed", "UMLS": {}, "start": 37, "end": 47, "has_chemical": [{"text": "levamisole", "maps_to": "C0023556:levamisole", "start": 0, "end": 10}], "has_relation": "N/A"}], "Outcome": [{"term": "clinical status", "negation": "affirmed", "UMLS": {}, "start": 51, "end": 66}], "Observation": [], "Count": []}, "Evidence Propositions": []}, {"Section": "METHODS", "Text": "This prospective , double-blind , randomized controlled clinical trial was performed in adult patients with mild to moderate COVID-19 ( room-air oxygen saturation > 94 % ) from late April 2020 to mid-August 2020 .", "Evidence Elements": {"Participant": [{"term": "adult", "negation": "affirmed", "UMLS": {}, "start": 88, "end": 93}, {"term": "mild to moderate COVID-19", "negation": "affirmed", "UMLS": {}, "start": 108, "end": 133}], "Intervention": [], "Outcome": [], "Observation": [], "Count": []}, "Evidence Propositions": []}, {"Section": "METHODS", "Text": "Patients were randomly assigned to receive a 3-day course of Levamisole or placebo in combination with routine standard of care .", "Evidence Elements": {"Participant": [], "Intervention": [{"term": "Levamisole", "negation": "affirmed", "UMLS": {}, "start": 61, "end": 71, "has_chemical": [{"text": "levamisole", "maps_to": "C0023556:levamisole", "start": 0, "end": 10}], "has_relation": "N/A"}, {"term": "placebo in combination with routine standard of care", "negation": "affirmed", "UMLS": {}, "start": 75, "end": 127, "has_procedure": [{"text": "placebo", "maps_to": "C0032042:placebos", "start": 0, "end": 7}, {"text": "routine standard of care", "maps_to": "C2936643:standard of care", "start": 28, "end": 52}], "has_relation": "combined_with (C0032042<->C2936643)"}], "Outcome": [], "Observation": [], "Count": []}, "Evidence Propositions": []}, {"Section": "RESULTS", "Text": "With 25 patients in each arm , 50 patients with COVID-19 were enrolled in the study .", "Evidence Elements": {"Participant": [{"term": "COVID-19", "negation": "affirmed", "UMLS": {}, "start": 48, "end": 56}], "Intervention": [], "Outcome": [], "Observation": [], "Count": []}, "Evidence Propositions": []}, {"Section": "RESULTS", "Text": "Most of the study participants were men ( 60 % ) .", "Evidence Elements": {"Participant": [{"term": "men", "negation": "affirmed", "UMLS": {}, "start": 36, "end": 39}], "Intervention": [], "Outcome": [], "Observation": [], "Count": []}, "Evidence Propositions": []}, {"Section": "RESULTS", "Text": "On days 3 and 14 , patients in Levamisole group had significantly better cough status distribution when compared to the placebo group ( P-value = 0.034 and 0.005 , respectively ) .", "Evidence Elements": {"Participant": [], "Intervention": [{"term": "Levamisole", "negation": "affirmed", "UMLS": {}, "start": 31, "end": 41, "has_chemical": [{"text": "levamisole", "maps_to": "C0023556:levamisole", "start": 0, "end": 10}], "has_relation": "N/A"}, {"term": "placebo", "negation": "affirmed", "UMLS": {}, "start": 120, "end": 127, "has_procedure": [{"text": "placebo", "maps_to": "C0032042:placebos", "start": 0, "end": 7}], "has_relation": "N/A"}], "Outcome": [{"term": "cough status distribution", "negation": "affirmed", "UMLS": {}, "start": 73, "end": 98}], "Observation": [{"term": "significantly better", "negation": "affirmed", "UMLS": {}, "start": 52, "end": 72}], "Count": []}, "Evidence Propositions": []}, {"Section": "RESULTS", "Text": "Moreover , there was significant differences between the two groups in dyspnea at follow-up intervals of 7 ( P-value = 0.015 ) and 14 ( P-value = 0.010 ) days after receiving the interventions .", "Evidence Elements": {"Participant": [], "Intervention": [{"term": "two groups", "negation": "affirmed", "UMLS": {}, "start": 57, "end": 67, "has_relation": "N/A"}], "Outcome": [{"term": "dyspnea", "negation": "affirmed", "UMLS": {}, "start": 71, "end": 78}], "Observation": [{"term": "significant differences", "negation": "affirmed", "UMLS": {}, "start": 21, "end": 44}], "Count": []}, "Evidence Propositions": [{"Intervention": [{"term": "two groups", "has_relation": "N/A"}], "Observation": "significant differences", "Outcome": "dyspnea", "Count": ""}]}, {"Section": "RESULTS", "Text": "However , no significant difference in fever status was observed on days 1 , 3 , 7 , and 14 in both groups ( P-value > 0.05 ) .", "Evidence Elements": {"Participant": [], "Intervention": [{"term": "both", "negation": "negated", "UMLS": {}, "start": 95, "end": 99, "has_relation": "N/A"}], "Outcome": [{"term": "fever status", "negation": "negated", "UMLS": {}, "start": 39, "end": 51}], "Observation": [{"term": "significant difference", "negation": "affirmed", "UMLS": {}, "start": 13, "end": 35}], "Count": []}, "Evidence Propositions": [{"Intervention": [{"term": "both", "has_relation": "N/A"}], "Observation": "significant difference", "Outcome": "fever status", "Count": ""}]}, {"Section": "CONCLUSION", "Text": "The results of the current study suggest that Levamisole may improve most of clinical status of patients with COVID-19 .", "Evidence Elements": {"Participant": [{"term": "COVID-19", "negation": "affirmed", "UMLS": {}, "start": 110, "end": 118}], "Intervention": [{"term": "Levamisole", "negation": "affirmed", "UMLS": {}, "start": 46, "end": 56, "has_chemical": [{"text": "levamisole", "maps_to": "C0023556:levamisole", "start": 0, "end": 10}], "has_relation": "N/A"}], "Outcome": [{"term": "clinical status", "negation": "affirmed", "UMLS": {}, "start": 77, "end": 92}], "Observation": [{"term": "improve most", "negation": "affirmed", "UMLS": {}, "start": 61, "end": 73}], "Count": []}, "Evidence Propositions": [{"Intervention": [{"term": "Levamisole", "has_chemical": [{"text": "levamisole", "maps_to": "C0023556:levamisole", "start": 0, "end": 10}], "has_relation": "N/A"}], "Observation": "improve most", "Outcome": "clinical status", "Count": ""}]}, {"Section": "CONCLUSION", "Text": "The patients receiving Levamisole had significantly better chance of clinical status including cough and dyspnea on day 14 when compared to the placebo .", "Evidence Elements": {"Participant": [], "Intervention": [{"term": "Levamisole", "negation": "affirmed", "UMLS": {}, "start": 23, "end": 33, "has_chemical": [{"text": "levamisole", "maps_to": "C0023556:levamisole", "start": 0, "end": 10}], "has_relation": "N/A"}, {"term": "placebo", "negation": "affirmed", "UMLS": {}, "start": 144, "end": 151, "has_procedure": [{"text": "placebo", "maps_to": "C0032042:placebos", "start": 0, "end": 7}], "has_relation": "N/A"}], "Outcome": [{"term": "chance of clinical status", "negation": "affirmed", "UMLS": {}, "start": 59, "end": 84}, {"term": "cough", "negation": "affirmed", "UMLS": {}, "start": 95, "end": 100}, {"term": "dyspnea", "negation": "affirmed", "UMLS": {}, "start": 105, "end": 112}], "Observation": [{"term": "significantly better", "negation": "affirmed", "UMLS": {}, "start": 38, "end": 58}], "Count": []}, "Evidence Propositions": []}, {"Section": "CONCLUSION", "Text": "However , the effect-size of this finding has uncertain clinical importance .", "Evidence Elements": {"Participant": [], "Intervention": [], "Outcome": [], "Observation": [], "Count": []}, "Evidence Propositions": []}, {"Section": "UNKNOWN", "Text": "TRIAL REGISTRATION : The trial was registered as IRCT20190810044500N7 ( 19 / 09 / 2020 ) .", "Evidence Elements": {"Participant": [], "Intervention": [], "Outcome": [], "Observation": [], "Count": []}, "Evidence Propositions": []}]}