{"doc_id": "33798303", "type of study": "Therapy", "title": "", "abstract": "[Observation of therapeutic effect on coronavirus disease 2019 with insomnia in treatment with baduanjin and auricular point sticking therapy].\nTo compare the clinical therapeutic effect on coronavirus disease 2019 (COVID-19) with insomnia between the combined treatment of baduanjin and auricular point sticking therapy and the medication with oral estazolam on the base of the conventional treatment.\nA total of 90 patients with COVID-19 accompanied with insomnia were randomly divided into an observation group (45 cases, 3 cases dropped off) and a control group (45 cases).\nIn the observation group, baduanjin, a traditional Chinese fitness activity, was practiced everyday.\nBesides, auricular point sticking therapy was exerted at ear-shenmen (TF 4), subcortex (AT 4), heart (CO 15), occiput (AT 3), etc.\nThese auricular points were pressed and kneaded three times a day, 30 s at each point each time, consecutively for 12 days.\nIn the control group, estazolam tablets were prescribed for oral administration, 1 mg, once daily, consecutively for 12 days.\nBefore and after treatment, the score of Pittsburgh sleep quality index (PSQI), the score of self-rating anxiety scale (SAS), the score of self-rating depression scale (SDS) and the score of symptoms in traditional Chinese medicine (TCM) were observed in the two groups and the clinical therapeutic effect was evaluated.\nAfter treatment, the scores of every item and the total scores in PSQI were all reduced as compared with those before treatment in the two groups (P<0.01).\nThe scores of sleep time and sleep efficiency in the observation group were lower than those in the control group after treatment (P<0.05).\nSAS scores and SDS scores in the observation group and SAS score in the control group after treatment were all reduced as compared with those before treatment (P<0.01), and SDS score in the observation group was lower than that in the control group (P<0.01).\nAfter treatment, in the observation group, the score of each of the symptoms of TCM, i.e. unsound sleep, irritability and hot temper, profuse sputum and sticky feeling in the mouth, bitter taste in the mouth and foul breath, abdominal distention and poor appetite, as well as lassitude was reduced as compared with that before treatment successively (P<0.01), and the scores aforementioned (excepted for the unsound sleep) in the observation group were all lower than the control group (P<0.05).\nThe total effective rates were 83.3% (35/42) in the observation group and 84.4% (38/45) in the control group, without statistical difference in comparison (P>0.05).\nThe combined treatment of baduanjin and auricular point sticking therapy improves sleep quality, the conditions of anxiety and depression and the symptoms in TCM for patients of COVID-19 with insomnia.\nThe therapeutic effect of this combined treatment is better than the oral administration of estazolam.\n", "Evidence Map": {"Enrollment": [{"term": "insomnia", "negation": "affirmed", "UMLS": {}, "start": 69, "end": 77}, {"term": "insomnia", "negation": "affirmed", "UMLS": {}, "start": 89, "end": 97}, {"term": "COVID-19", "negation": "affirmed", "UMLS": {}, "start": 28, "end": 36}, {"term": "insomnia", "negation": "affirmed", "UMLS": {}, "start": 54, "end": 62}, {"term": "TCM", "negation": "affirmed", "UMLS": {}, "start": 159, "end": 162}, {"term": "COVID-19", "negation": "affirmed", "UMLS": {}, "start": 179, "end": 187}], "Comparison Results": [], "Study Arm 1 Results": [], "Study Arm 2 Results": [], "Hypothesis": []}, "Sentence-level breakdown": [{"Section": "TITLE", "Text": "[ Observation of therapeutic effect on coronavirus disease 2019 with insomnia in treatment with baduanjin and auricular point sticking therapy ] .", "Evidence Elements": {"Participant": [{"term": "insomnia", "negation": "affirmed", "UMLS": {}, "start": 69, "end": 77}], "Intervention": [{"term": "baduanjin", "negation": "affirmed", "UMLS": {}, "start": 96, "end": 105, "has_relation": "N/A"}, {"term": "auricular point sticking", "negation": "affirmed", "UMLS": {}, "start": 110, "end": 134, "has_relation": "N/A"}], "Outcome": [{"term": "therapeutic effect", "negation": "affirmed", "UMLS": {}, "start": 17, "end": 35}, {"term": "coronavirus disease", "negation": "affirmed", "UMLS": {}, "start": 39, "end": 58}], "Observation": [], "Count": []}, "Evidence Propositions": []}, {"Section": "OBJECTIVE", "Text": "To compare the clinical therapeutic effect on coronavirus disease 2019 ( COVID-19 ) with insomnia between the combined treatment of baduanjin and auricular point sticking therapy and the medication with oral estazolam on the base of the conventional treatment .", "Evidence Elements": {"Participant": [{"term": "insomnia", "negation": "affirmed", "UMLS": {}, "start": 89, "end": 97}], "Intervention": [{"term": "combined treatment of baduanjin and auricular point sticking therapy", "negation": "affirmed", "UMLS": {}, "start": 110, "end": 178, "has_procedure": [{"text": "combined treatment", "maps_to": "C0009429:combined treatment", "start": 0, "end": 18}, {"text": "therapy", "maps_to": "C0087111:therapy", "start": 61, "end": 68}], "has_relation": "combined_with (C0009429<->C0087111)"}, {"term": "medication with oral estazolam", "negation": "affirmed", "UMLS": {}, "start": 187, "end": 217, "has_chemical": [{"text": "medication", "maps_to": "C0013227:medication", "start": 0, "end": 10}, {"text": "estazolam", "maps_to": "C0014892:estazolam", "start": 21, "end": 30, "has_route": ["oral"]}], "has_relation": "combined_with (C0013227<->C0014892)"}], "Outcome": [{"term": "clinical therapeutic effect", "negation": "affirmed", "UMLS": {}, "start": 15, "end": 42}, {"term": "coronavirus disease 2019 ( COVID-19 )", "negation": "affirmed", "UMLS": {}, "start": 46, "end": 83}], "Observation": [], "Count": []}, "Evidence Propositions": []}, {"Section": "METHODS", "Text": "A total of 90 patients with COVID-19 accompanied with insomnia were randomly divided into an observation group ( 45 cases , 3 cases dropped off ) and a control group ( 45 cases ) .", "Evidence Elements": {"Participant": [{"term": "COVID-19", "negation": "affirmed", "UMLS": {}, "start": 28, "end": 36}, {"term": "insomnia", "negation": "affirmed", "UMLS": {}, "start": 54, "end": 62}], "Intervention": [{"term": "observation", "negation": "affirmed", "UMLS": {}, "start": 93, "end": 104, "has_procedure": [{"text": "observation", "maps_to": "C3889687:observation", "start": 0, "end": 11}], "has_relation": "N/A"}, {"term": "control", "negation": "affirmed", "UMLS": {}, "start": 152, "end": 159, "has_relation": "N/A"}], "Outcome": [], "Observation": [], "Count": []}, "Evidence Propositions": []}, {"Section": "METHODS", "Text": "In the observation group , baduanjin , a traditional Chinese fitness activity , was practiced everyday .", "Evidence Elements": {"Participant": [], "Intervention": [{"term": "baduanjin", "negation": "affirmed", "UMLS": {}, "start": 27, "end": 36, "has_relation": "N/A"}], "Outcome": [], "Observation": [], "Count": []}, "Evidence Propositions": []}, {"Section": "METHODS", "Text": "Besides , auricular point sticking therapy was exerted at ear-shenmen ( TF 4 ) , subcortex ( AT 4 ) , heart ( CO 15 ) , occiput ( AT 3 ) , etc .", "Evidence Elements": {"Participant": [], "Intervention": [{"term": "auricular point sticking therapy", "negation": "affirmed", "UMLS": {}, "start": 10, "end": 42, "has_procedure": [{"text": "therapy", "maps_to": "C0087111:therapy", "start": 25, "end": 32}], "has_relation": "N/A"}], "Outcome": [], "Observation": [], "Count": []}, "Evidence Propositions": []}, {"Section": "METHODS", "Text": "These auricular points were pressed and kneaded three times a day , 30 s at each point each time , consecutively for 12 days .", "Evidence Elements": {"Participant": [], "Intervention": [], "Outcome": [], "Observation": [], "Count": []}, "Evidence Propositions": []}, {"Section": "METHODS", "Text": "In the control group , estazolam tablets were prescribed for oral administration , 1 mg , once daily , consecutively for 12 days .", "Evidence Elements": {"Participant": [], "Intervention": [{"term": "estazolam tablets", "negation": "affirmed", "UMLS": {}, "start": 23, "end": 40, "has_chemical": [{"text": "estazolam", "maps_to": "C0014892:estazolam", "start": 0, "end": 9, "has_form": ["tablets"]}], "has_relation": "N/A"}], "Outcome": [], "Observation": [], "Count": []}, "Evidence Propositions": []}, {"Section": "METHODS", "Text": "Before and after treatment , the score of Pittsburgh sleep quality index ( PSQI ) , the score of self-rating anxiety scale ( SAS ) , the score of self-rating depression scale ( SDS ) and the score of symptoms in traditional Chinese medicine ( TCM ) were observed in the two groups and the clinical therapeutic effect was evaluated .", "Evidence Elements": {"Participant": [], "Intervention": [], "Outcome": [{"term": "score of Pittsburgh sleep quality index ( PSQI )", "negation": "affirmed", "UMLS": {}, "start": 33, "end": 81}, {"term": "score of self-rating anxiety scale ( SAS )", "negation": "affirmed", "UMLS": {}, "start": 88, "end": 130}, {"term": "score of self-rating depression scale ( SDS )", "negation": "affirmed", "UMLS": {}, "start": 137, "end": 182}, {"term": "score of symptoms in traditional Chinese medicine ( TCM )", "negation": "affirmed", "UMLS": {}, "start": 191, "end": 248}], "Observation": [], "Count": []}, "Evidence Propositions": []}, {"Section": "RESULTS", "Text": "After treatment , the scores of every item and the total scores in PSQI were all reduced as compared with those before treatment in the two groups ( P < 0.01 ) .", "Evidence Elements": {"Participant": [], "Intervention": [{"term": "treatment", "negation": "affirmed", "UMLS": {}, "start": 6, "end": 15, "has_procedure": [{"text": "treatment", "maps_to": "C0087111:treatment", "start": 0, "end": 9}], "has_relation": "N/A"}, {"term": "two groups", "negation": "affirmed", "UMLS": {}, "start": 136, "end": 146, "has_relation": "N/A"}], "Outcome": [{"term": "scores of every item and the total scores in PSQI", "negation": "affirmed", "UMLS": {}, "start": 22, "end": 71}], "Observation": [{"term": "all", "negation": "affirmed", "UMLS": {}, "start": 77, "end": 80}, {"term": "reduced", "negation": "affirmed", "UMLS": {}, "start": 81, "end": 88}], "Count": []}, "Evidence Propositions": []}, {"Section": "RESULTS", "Text": "The scores of sleep time and sleep efficiency in the observation group were lower than those in the control group after treatment ( P < 0.05 ) .", "Evidence Elements": {"Participant": [], "Intervention": [{"term": "observation", "negation": "affirmed", "UMLS": {}, "start": 53, "end": 64, "has_procedure": [{"text": "observation", "maps_to": "C3889687:observation", "start": 0, "end": 11}], "has_relation": "N/A"}, {"term": "control", "negation": "affirmed", "UMLS": {}, "start": 100, "end": 107, "has_relation": "N/A"}], "Outcome": [{"term": "scores of sleep time and sleep efficiency", "negation": "affirmed", "UMLS": {}, "start": 4, "end": 45}], "Observation": [{"term": "lower", "negation": "affirmed", "UMLS": {}, "start": 76, "end": 81}], "Count": []}, "Evidence Propositions": [{"Intervention": [{"term": "observation", "has_procedure": [{"text": "observation", "maps_to": "C3889687:observation", "start": 0, "end": 11}], "has_relation": "N/A"}, {"term": "control", "has_relation": "N/A"}], "Observation": "lower", "Outcome": "scores of sleep time and sleep efficiency", "Count": ""}]}, {"Section": "RESULTS", "Text": "SAS scores and SDS scores in the observation group and SAS score in the control group after treatment were all reduced as compared with those before treatment ( P < 0.01 ) , and SDS score in the observation group was lower than that in the control group ( P < 0.01 ) .", "Evidence Elements": {"Participant": [], "Intervention": [{"term": "observation", "negation": "affirmed", "UMLS": {}, "start": 33, "end": 44, "has_procedure": [{"text": "observation", "maps_to": "C3889687:observation", "start": 0, "end": 11}], "has_relation": "N/A"}, {"term": "control", "negation": "affirmed", "UMLS": {}, "start": 72, "end": 79, "has_relation": "N/A"}, {"term": "before", "negation": "affirmed", "UMLS": {}, "start": 142, "end": 148, "has_relation": "N/A"}, {"term": "observation", "negation": "affirmed", "UMLS": {}, "start": 33, "end": 44, "has_procedure": [{"text": "observation", "maps_to": "C3889687:observation", "start": 0, "end": 11}], "has_relation": "N/A"}], "Outcome": [{"term": "SAS scores", "negation": "affirmed", "UMLS": {}, "start": 0, "end": 10}, {"term": "SDS scores", "negation": "affirmed", "UMLS": {}, "start": 15, "end": 25}, {"term": "SAS score", "negation": "affirmed", "UMLS": {}, "start": 0, "end": 9}, {"term": "SDS score", "negation": "affirmed", "UMLS": {}, "start": 15, "end": 24}], "Observation": [{"term": "reduced", "negation": "affirmed", "UMLS": {}, "start": 111, "end": 118}, {"term": "lower", "negation": "affirmed", "UMLS": {}, "start": 217, "end": 222}], "Count": []}, "Evidence Propositions": [{"Intervention": {"term": "observation", "has_procedure": [{"text": "observation", "maps_to": "C3889687:observation", "start": 0, "end": 11}], "has_relation": "N/A"}, "Observation": "reduced", "Outcome": "SAS scores", "Count": ""}, {"Intervention": {"term": "observation", "has_procedure": [{"text": "observation", "maps_to": "C3889687:observation", "start": 0, "end": 11}], "has_relation": "N/A"}, "Observation": "reduced", "Outcome": "SDS scores", "Count": ""}, {"Intervention": {"term": "observation", "has_procedure": [{"text": "observation", "maps_to": "C3889687:observation", "start": 0, "end": 11}], "has_relation": "N/A"}, "Observation": "reduced", "Outcome": "SAS score", "Count": ""}, {"Intervention": {"term": "control", "has_relation": "N/A"}, "Observation": "reduced", "Outcome": "SAS scores", "Count": ""}, {"Intervention": {"term": "control", "has_relation": "N/A"}, "Observation": "reduced", "Outcome": "SDS scores", "Count": ""}, {"Intervention": {"term": "control", "has_relation": "N/A"}, "Observation": "reduced", "Outcome": "SAS score", "Count": ""}, {"Intervention": {"term": "before", "has_relation": "N/A"}, "Observation": "reduced", "Outcome": "SAS scores", "Count": ""}, {"Intervention": {"term": "before", "has_relation": "N/A"}, "Observation": "reduced", "Outcome": "SDS scores", "Count": ""}, {"Intervention": {"term": "before", "has_relation": "N/A"}, "Observation": "reduced", "Outcome": "SAS score", "Count": ""}, {"Intervention": [{"term": "observation", "has_procedure": [{"text": "observation", "maps_to": "C3889687:observation", "start": 0, "end": 11}], "has_relation": "N/A"}], "Observation": "lower", "Outcome": "SDS score", "Count": ""}]}, {"Section": "RESULTS", "Text": "After treatment , in the observation group , the score of each of the symptoms of TCM , i.e . unsound sleep , irritability and hot temper , profuse sputum and sticky feeling in the mouth , bitter taste in the mouth and foul breath , abdominal distention and poor appetite , as well as lassitude was reduced as compared with that before treatment successively ( P < 0.01 ) , and the scores aforementioned ( excepted for the unsound sleep ) in the observation group were all lower than the control group ( P < 0.05 ) .", "Evidence Elements": {"Participant": [], "Intervention": [{"term": "observation", "negation": "affirmed", "UMLS": {}, "start": 25, "end": 36, "has_procedure": [{"text": "observation", "maps_to": "C3889687:observation", "start": 0, "end": 11}], "has_relation": "N/A"}], "Outcome": [{"term": "score of each of the symptoms of TCM", "negation": "affirmed", "UMLS": {}, "start": 49, "end": 85}, {"term": "unsound sleep", "negation": "affirmed", "UMLS": {}, "start": 94, "end": 107}, {"term": "irritability", "negation": "affirmed", "UMLS": {}, "start": 110, "end": 122}, {"term": "hot temper", "negation": "affirmed", "UMLS": {}, "start": 127, "end": 137}, {"term": "profuse sputum", "negation": "affirmed", "UMLS": {}, "start": 140, "end": 154}, {"term": "sticky feeling in the mouth", "negation": "affirmed", "UMLS": {}, "start": 159, "end": 186}, {"term": "bitter taste in the mouth", "negation": "affirmed", "UMLS": {}, "start": 189, "end": 214}, {"term": "foul breath", "negation": "affirmed", "UMLS": {}, "start": 219, "end": 230}, {"term": "abdominal distention", "negation": "affirmed", "UMLS": {}, "start": 233, "end": 253}, {"term": "lassitude", "negation": "affirmed", "UMLS": {}, "start": 285, "end": 294}, {"term": "scores", "negation": "affirmed", "UMLS": {}, "start": 382, "end": 388}], "Observation": [{"term": "poor appetite", "negation": "affirmed", "UMLS": {}, "start": 258, "end": 271}, {"term": "reduced", "negation": "affirmed", "UMLS": {}, "start": 299, "end": 306}], "Count": []}, "Evidence Propositions": [{"Intervention": {"term": "observation", "has_procedure": [{"text": "observation", "maps_to": "C3889687:observation", "start": 0, "end": 11}], "has_relation": "N/A"}, "Observation": "poor appetite", "Outcome": "foul breath", "Count": ""}, {"Intervention": {"term": "observation", "has_procedure": [{"text": "observation", "maps_to": "C3889687:observation", "start": 0, "end": 11}], "has_relation": "N/A"}, "Observation": "reduced", "Outcome": "abdominal distention", "Count": ""}, {"Intervention": {"term": "observation", "has_procedure": [{"text": "observation", "maps_to": "C3889687:observation", "start": 0, "end": 11}], "has_relation": "N/A"}, "Observation": "reduced", "Outcome": "lassitude", "Count": ""}]}, {"Section": "RESULTS", "Text": "The total effective rates were 83.3 % ( 35 / 42 ) in the observation group and 84.4 % ( 38 / 45 ) in the control group , without statistical difference in comparison ( P > 0.05 ) .", "Evidence Elements": {"Participant": [], "Intervention": [{"term": "observation", "negation": "affirmed", "UMLS": {}, "start": 57, "end": 68, "has_procedure": [{"text": "observation", "maps_to": "C3889687:observation", "start": 0, "end": 11}], "has_relation": "N/A"}, {"term": "control", "negation": "affirmed", "UMLS": {}, "start": 105, "end": 112, "has_relation": "N/A"}], "Outcome": [{"term": "total effective rates", "negation": "affirmed", "UMLS": {}, "start": 4, "end": 25}], "Observation": [{"term": "83.3 % (", "negation": "affirmed", "UMLS": {}, "start": 31, "end": 39}, {"term": "84.4 % (", "negation": "affirmed", "UMLS": {}, "start": 79, "end": 87}], "Count": [{"term": "42 )", "negation": "affirmed", "UMLS": {}, "start": 45, "end": 49}, {"term": "45 )", "negation": "affirmed", "UMLS": {}, "start": 93, "end": 97}]}, "Evidence Propositions": [{"Intervention": {"term": "observation", "has_procedure": [{"text": "observation", "maps_to": "C3889687:observation", "start": 0, "end": 11}], "has_relation": "N/A"}, "Observation": "83.3 % (", "Outcome": "total effective rates", "Count": ""}, {"Intervention": {"term": "control", "has_relation": "N/A"}, "Observation": "84.4 % (", "Outcome": "total effective rates", "Count": ""}, {"Intervention": {"term": "observation", "has_procedure": [{"text": "observation", "maps_to": "C3889687:observation", "start": 0, "end": 11}], "has_relation": "N/A"}, "Observation": "", "Count": "42 )", "Outcome": "total effective rates"}, {"Intervention": {"term": "control", "has_relation": "N/A"}, "Observation": "", "Count": "45 )", "Outcome": "total effective rates"}]}, {"Section": "CONCLUSION", "Text": "The combined treatment of baduanjin and auricular point sticking therapy improves sleep quality , the conditions of anxiety and depression and the symptoms in TCM for patients of COVID-19 with insomnia .", "Evidence Elements": {"Participant": [{"term": "TCM", "negation": "affirmed", "UMLS": {}, "start": 159, "end": 162}, {"term": "COVID-19", "negation": "affirmed", "UMLS": {}, "start": 179, "end": 187}], "Intervention": [{"term": "combined treatment of baduanjin and auricular point sticking therapy", "negation": "affirmed", "UMLS": {}, "start": 4, "end": 72, "has_procedure": [{"text": "combined treatment", "maps_to": "C0009429:combined treatment", "start": 0, "end": 18}, {"text": "therapy", "maps_to": "C0087111:therapy", "start": 61, "end": 68}], "has_relation": "combined_with (C0009429<->C0087111)"}], "Outcome": [{"term": "sleep quality", "negation": "affirmed", "UMLS": {}, "start": 82, "end": 95}, {"term": "conditions of anxiety and depression", "negation": "affirmed", "UMLS": {}, "start": 102, "end": 138}, {"term": "symptoms", "negation": "affirmed", "UMLS": {}, "start": 147, "end": 155}], "Observation": [{"term": "improves", "negation": "affirmed", "UMLS": {}, "start": 73, "end": 81}], "Count": []}, "Evidence Propositions": []}, {"Section": "CONCLUSION", "Text": "The therapeutic effect of this combined treatment is better than the oral administration of estazolam .", "Evidence Elements": {"Participant": [], "Intervention": [{"term": "combined treatment", "negation": "affirmed", "UMLS": {}, "start": 31, "end": 49, "has_procedure": [{"text": "combined treatment", "maps_to": "C0009429:combined treatment", "start": 0, "end": 18}], "has_relation": "N/A"}, {"term": "oral administration of estazolam", "negation": "affirmed", "UMLS": {}, "start": 69, "end": 101, "has_chemical": [{"text": "estazolam", "maps_to": "C0014892:estazolam", "start": 23, "end": 32}], "has_procedure": [{"text": "oral administration", "maps_to": "C0001563:oral administration", "start": 0, "end": 19, "has_route": ["oral"]}], "has_relation": "N/A"}], "Outcome": [{"term": "therapeutic effect", "negation": "affirmed", "UMLS": {}, "start": 4, "end": 22}], "Observation": [{"term": "better", "negation": "affirmed", "UMLS": {}, "start": 53, "end": 59}], "Count": []}, "Evidence Propositions": [{"Intervention": [{"term": "combined treatment", "has_procedure": [{"text": "combined treatment", "maps_to": "C0009429:combined treatment", "start": 0, "end": 18}], "has_relation": "N/A"}, {"term": "oral administration of estazolam", "has_chemical": [{"text": "estazolam", "maps_to": "C0014892:estazolam", "start": 23, "end": 32}], "has_procedure": [{"text": "oral administration", "maps_to": "C0001563:oral administration", "start": 0, "end": 19, "has_route": ["oral"]}], "has_relation": "N/A"}], "Observation": "better", "Outcome": "therapeutic effect", "Count": ""}]}]}