{"doc_id": "33802870", "type of study": "Therapy", "title": "", "abstract": "Community Health Workers as a Strategy to Tackle Psychosocial Suffering Due to Physical Distancing: A Randomized Controlled Trial.\nDuring the COVID-19 pandemic, many primary care professionals were overburdened and experienced difficulties reaching vulnerable patients and meeting the increased need for psychosocial support.\nThis randomized controlled trial (RCT) tested whether a primary healthcare (PHC) based community health worker (CHW) intervention could tackle psychosocial suffering due to physical distancing measures in patients with limited social networks.\nCHWs provided 8 weeks of tailored psychosocial support to the intervention group.\nControl group patients received 'care as usual'.\nThe impact on feelings of emotional support, social isolation, social participation, anxiety and fear of COVID-19 were measured longitudinally using a face-to-face survey to determine their mean change from baseline.\nSelf-rated change in psychosocial health at 8 weeks was determined.\nWe failed to find a significant effect of the intervention on the prespecified psychosocial health measures.\nHowever, the intervention did lead to significant improvement in self-rated change in psychosocial health.\nThis study confirms partially the existing evidence on the effectiveness of CHW interventions as a strategy to address mental health in PHC in a COVID context.\nFurther research is needed to elaborate the implementation of CHWs in PHC to reach vulnerable populations during and after health crises.\n", "Evidence Map": {"Enrollment": [{"term": "Community", "negation": "affirmed", "UMLS": {}, "start": 0, "end": 9}, {"term": "CHWs", "negation": "affirmed", "UMLS": {}, "start": 0, "end": 4}, {"term": "PHC", "negation": "affirmed", "UMLS": {}, "start": 136, "end": 139}], "Comparison Results": [], "Study Arm 1 Results": [], "Study Arm 2 Results": [], "Hypothesis": []}, "Sentence-level breakdown": [{"Section": "TITLE", "Text": "Community Health Workers as a Strategy to Tackle Psychosocial Suffering Due to Physical Distancing : A Randomized Controlled Trial .", "Evidence Elements": {"Participant": [{"term": "Community", "negation": "affirmed", "UMLS": {}, "start": 0, "end": 9}], "Intervention": [], "Outcome": [{"term": "Tackle", "negation": "affirmed", "UMLS": {}, "start": 42, "end": 48}, {"term": "Suffering", "negation": "affirmed", "UMLS": {}, "start": 62, "end": 71}, {"term": "Distancing", "negation": "affirmed", "UMLS": {}, "start": 88, "end": 98}], "Observation": [], "Count": []}, "Evidence Propositions": []}, {"Section": "BACKGROUND", "Text": "During the COVID-19 pandemic , many primary care professionals were overburdened and experienced difficulties reaching vulnerable patients and meeting the increased need for psychosocial support .", "Evidence Elements": {"Participant": [], "Intervention": [], "Outcome": [], "Observation": [], "Count": []}, "Evidence Propositions": []}, {"Section": "BACKGROUND", "Text": "This randomized controlled trial ( RCT ) tested whether a primary healthcare ( PHC ) based community health worker ( CHW ) intervention could tackle psychosocial suffering due to physical distancing measures in patients with limited social networks .", "Evidence Elements": {"Participant": [], "Intervention": [{"term": "primary healthcare ( PHC ) based community health worker ( CHW ) intervention", "negation": "affirmed", "UMLS": {}, "start": 58, "end": 135, "has_procedure": [{"text": "primary healthcare based community health worker intervention", "maps_to": "C0886296:intervention", "start": 0, "end": 61}], "has_relation": "N/A"}], "Outcome": [{"term": "psychosocial suffering due to physical distancing measures", "negation": "affirmed", "UMLS": {}, "start": 149, "end": 207}], "Observation": [{"term": "tackle", "negation": "affirmed", "UMLS": {}, "start": 142, "end": 148}], "Count": []}, "Evidence Propositions": []}, {"Section": "METHODS", "Text": "CHWs provided 8 weeks of tailored psychosocial support to the intervention group .", "Evidence Elements": {"Participant": [{"term": "CHWs", "negation": "affirmed", "UMLS": {}, "start": 0, "end": 4}], "Intervention": [{"term": "tailored psychosocial support", "negation": "affirmed", "UMLS": {}, "start": 25, "end": 54, "has_procedure": [{"text": "psychosocial support", "maps_to": "C3665378:psychosocial support", "start": 9, "end": 29}], "has_relation": "N/A"}, {"term": "intervention", "negation": "affirmed", "UMLS": {}, "start": 62, "end": 74, "has_procedure": [{"text": "intervention", "maps_to": "C0886296:intervention", "start": 0, "end": 12}], "has_relation": "N/A"}], "Outcome": [], "Observation": [], "Count": []}, "Evidence Propositions": []}, {"Section": "METHODS", "Text": "Control group patients received ' care as usual ' .", "Evidence Elements": {"Participant": [], "Intervention": [{"term": "' care as", "negation": "affirmed", "UMLS": {}, "start": 32, "end": 41, "has_relation": "N/A"}], "Outcome": [], "Observation": [], "Count": []}, "Evidence Propositions": []}, {"Section": "METHODS", "Text": "The impact on feelings of emotional support , social isolation , social participation , anxiety and fear of COVID-19 were measured longitudinally using a face-to-face survey to determine their mean change from baseline .", "Evidence Elements": {"Participant": [], "Intervention": [], "Outcome": [{"term": "feelings of emotional support", "negation": "affirmed", "UMLS": {}, "start": 14, "end": 43}, {"term": "social isolation", "negation": "affirmed", "UMLS": {}, "start": 46, "end": 62}, {"term": "social participation", "negation": "affirmed", "UMLS": {}, "start": 65, "end": 85}, {"term": "anxiety", "negation": "affirmed", "UMLS": {}, "start": 88, "end": 95}, {"term": "fear of COVID-19", "negation": "affirmed", "UMLS": {}, "start": 100, "end": 116}, {"term": "mean", "negation": "affirmed", "UMLS": {}, "start": 193, "end": 197}], "Observation": [], "Count": []}, "Evidence Propositions": []}, {"Section": "METHODS", "Text": "Self-rated change in psychosocial health at 8 weeks was determined .", "Evidence Elements": {"Participant": [], "Intervention": [], "Outcome": [{"term": "Self-rated change in psychosocial health", "negation": "affirmed", "UMLS": {}, "start": 0, "end": 40}], "Observation": [], "Count": []}, "Evidence Propositions": []}, {"Section": "RESULTS", "Text": "We failed to find a significant effect of the intervention on the prespecified psychosocial health measures .", "Evidence Elements": {"Participant": [], "Intervention": [{"term": "intervention", "negation": "affirmed", "UMLS": {}, "start": 46, "end": 58, "has_procedure": [{"text": "intervention", "maps_to": "C0886296:intervention", "start": 0, "end": 12}], "has_relation": "N/A"}], "Outcome": [{"term": "prespecified psychosocial health measures", "negation": "affirmed", "UMLS": {}, "start": 66, "end": 107}], "Observation": [{"term": "significant effect", "negation": "affirmed", "UMLS": {}, "start": 20, "end": 38}], "Count": []}, "Evidence Propositions": [{"Intervention": {"term": "intervention", "has_procedure": [{"text": "intervention", "maps_to": "C0886296:intervention", "start": 0, "end": 12}], "has_relation": "N/A"}, "Observation": "significant effect", "Outcome": "prespecified psychosocial health measures", "Count": ""}]}, {"Section": "RESULTS", "Text": "However , the intervention did lead to significant improvement in self-rated change in psychosocial health .", "Evidence Elements": {"Participant": [], "Intervention": [], "Outcome": [{"term": "self-rated change in psychosocial", "negation": "affirmed", "UMLS": {}, "start": 66, "end": 99}], "Observation": [{"term": "significant improvement", "negation": "affirmed", "UMLS": {}, "start": 39, "end": 62}], "Count": []}, "Evidence Propositions": []}, {"Section": "CONCLUSIONS", "Text": "This study confirms partially the existing evidence on the effectiveness of CHW interventions as a strategy to address mental health in PHC in a COVID context .", "Evidence Elements": {"Participant": [{"term": "PHC", "negation": "affirmed", "UMLS": {}, "start": 136, "end": 139}], "Intervention": [{"term": "CHW", "negation": "affirmed", "UMLS": {}, "start": 76, "end": 79, "has_relation": "N/A"}], "Outcome": [{"term": "mental health", "negation": "affirmed", "UMLS": {}, "start": 119, "end": 132}], "Observation": [], "Count": []}, "Evidence Propositions": []}, {"Section": "CONCLUSIONS", "Text": "Further research is needed to elaborate the implementation of CHWs in PHC to reach vulnerable populations during and after health crises .", "Evidence Elements": {"Participant": [], "Intervention": [], "Outcome": [], "Observation": [], "Count": []}, "Evidence Propositions": []}]}