{"doc_id": "33819910", "type of study": "Therapy", "title": "", "abstract": "Assessment of the Effectiveness of Identity-Based Public Health Announcements in Increasing the Likelihood of Complying With COVID-19 Guidelines: Randomized Controlled Cross-sectional Web-Based Study.\nPublic health campaigns aimed at curbing the spread of COVID-19 are important in reducing disease transmission, but traditional information-based campaigns have received unexpectedly extreme backlash.\nThis study aimed to investigate whether customizing of public service announcements (PSAs) providing health guidelines to match individuals' identities increases their compliance.\nWe conducted a within- and between-subjects, randomized controlled cross-sectional, web-based study in July 2020.\nParticipants viewed two PSAs: one advocating wearing a mask in public settings and one advocating staying at home.\nThe control PSA only provided information, and the treatment PSAs were designed to appeal to the identities held by individuals; that is, either a Christian identity or an economically motivated identity.\nParticipants were asked about their identity and then provided a control PSA and treatment PSA matching their identity, in random order.\nThe PSAs were of approximately 100 words.\nWe recruited 300 social media users from Amazon Mechanical Turk in accordance with usual protocols to ensure data quality.\nIn total, 8 failed the data quality checks, and the remaining 292 were included in the analysis.\nIn the identity-based PSA, the source of the PSA was changed, and a phrase of approximately 12 words relevant to the individual's identity was inserted.\nA PSA tailored for Christians, when matched with a Christian identity, increased the likelihood of compliance by 12 percentage points.\nA PSA that focused on economic values, when shown to individuals who identified as economically motivated, increased the likelihood of compliance by 6 points.\nUsing social media to deliver COVID-19 public health announcements customized to individuals' identities is a promising measure to increase compliance with public health guidelines.\nTRIAL REGISTRATION : ISRCTN Registry 22331899; https://www.isrctn.com/ISRCTN22331899.\n\u00a9Alexander S Dennis, Patricia L Moravec, Antino Kim, Alan R Dennis.\nOriginally published in JMIR Public Health and Surveillance (http://publichealth.jmir.org), 13.04.2021.\n", "Evidence Map": {"Enrollment": [{"term": "COVID-19 Guidelines", "negation": "affirmed", "UMLS": {}, "start": 125, "end": 144}, {"term": "Christians", "negation": "affirmed", "UMLS": {}, "start": 19, "end": 29}], "Comparison Results": [], "Study Arm 1 Results": [], "Study Arm 2 Results": [], "Hypothesis": []}, "Sentence-level breakdown": [{"Section": "TITLE", "Text": "Assessment of the Effectiveness of Identity-Based Public Health Announcements in Increasing the Likelihood of Complying With COVID-19 Guidelines : Randomized Controlled Cross-sectional Web-Based Study .", "Evidence Elements": {"Participant": [{"term": "COVID-19 Guidelines", "negation": "affirmed", "UMLS": {}, "start": 125, "end": 144}], "Intervention": [{"term": "Identity-Based Public Health Announcements", "negation": "affirmed", "UMLS": {}, "start": 35, "end": 77, "has_procedure": [{"text": "public health", "maps_to": "C0699943:public health", "start": 15, "end": 28}], "has_relation": "N/A"}], "Outcome": [{"term": "Likelihood of Complying With", "negation": "affirmed", "UMLS": {}, "start": 96, "end": 124}], "Observation": [], "Count": []}, "Evidence Propositions": []}, {"Section": "BACKGROUND", "Text": "Public health campaigns aimed at curbing the spread of COVID-19 are important in reducing disease transmission , but traditional information-based campaigns have received unexpectedly extreme backlash .", "Evidence Elements": {"Participant": [], "Intervention": [], "Outcome": [], "Observation": [], "Count": []}, "Evidence Propositions": []}, {"Section": "OBJECTIVE", "Text": "This study aimed to investigate whether customizing of public service announcements ( PSAs ) providing health guidelines to match individuals ' identities increases their compliance .", "Evidence Elements": {"Participant": [], "Intervention": [{"term": "customizing of public service announcements ( PSAs ) providing health guidelines", "negation": "affirmed", "UMLS": {}, "start": 40, "end": 120, "has_activity": [{"text": "public service", "maps_to": "C0557854:service", "start": 15, "end": 29}], "has_relation": "N/A"}], "Outcome": [], "Observation": [], "Count": []}, "Evidence Propositions": []}, {"Section": "METHODS", "Text": "We conducted a within- and between-subjects , randomized controlled cross-sectional , web-based study in July 2020 .", "Evidence Elements": {"Participant": [], "Intervention": [], "Outcome": [], "Observation": [], "Count": []}, "Evidence Propositions": []}, {"Section": "METHODS", "Text": "Participants viewed two PSAs : one advocating wearing a mask in public settings and one advocating staying at home .", "Evidence Elements": {"Participant": [], "Intervention": [{"term": "PSAs", "negation": "affirmed", "UMLS": {}, "start": 24, "end": 28, "has_activity": [{"text": "public service", "maps_to": "C0557854:service", "start": 0, "end": 14}], "has_relation": "N/A"}, {"term": "mask", "negation": "affirmed", "UMLS": {}, "start": 56, "end": 60, "has_device": [{"text": "mask", "maps_to": "C0024861:mask", "start": 0, "end": 4}], "has_relation": "N/A"}, {"term": "staying at", "negation": "affirmed", "UMLS": {}, "start": 99, "end": 109, "has_relation": "N/A"}], "Outcome": [], "Observation": [], "Count": []}, "Evidence Propositions": []}, {"Section": "METHODS", "Text": "The control PSA only provided information , and the treatment PSAs were designed to appeal to the identities held by individuals ; that is , either a Christian identity or an economically motivated identity .", "Evidence Elements": {"Participant": [], "Intervention": [{"term": "PSA", "negation": "affirmed", "UMLS": {}, "start": 12, "end": 15, "has_relation": "N/A"}], "Outcome": [], "Observation": [], "Count": []}, "Evidence Propositions": []}, {"Section": "METHODS", "Text": "Participants were asked about their identity and then provided a control PSA and treatment PSA matching their identity , in random order .", "Evidence Elements": {"Participant": [], "Intervention": [{"term": "control PSA", "negation": "affirmed", "UMLS": {}, "start": 65, "end": 76, "has_relation": "N/A"}, {"term": "treatment PSA", "negation": "affirmed", "UMLS": {}, "start": 81, "end": 94, "has_procedure": [{"text": "treatment", "maps_to": "C0087111:treatment", "start": 0, "end": 9}], "has_relation": "N/A"}], "Outcome": [], "Observation": [], "Count": []}, "Evidence Propositions": []}, {"Section": "METHODS", "Text": "The PSAs were of approximately 100 words .", "Evidence Elements": {"Participant": [], "Intervention": [], "Outcome": [{"term": "PSAs", "negation": "affirmed", "UMLS": {}, "start": 4, "end": 8}], "Observation": [], "Count": []}, "Evidence Propositions": []}, {"Section": "RESULTS", "Text": "We recruited 300 social media users from Amazon Mechanical Turk in accordance with usual protocols to ensure data quality .", "Evidence Elements": {"Participant": [], "Intervention": [{"term": "social media", "negation": "affirmed", "UMLS": {}, "start": 17, "end": 29, "has_relation": "N/A"}], "Outcome": [], "Observation": [], "Count": []}, "Evidence Propositions": []}, {"Section": "RESULTS", "Text": "In total , 8 failed the data quality checks , and the remaining 292 were included in the analysis .", "Evidence Elements": {"Participant": [], "Intervention": [], "Outcome": [], "Observation": [], "Count": []}, "Evidence Propositions": []}, {"Section": "RESULTS", "Text": "In the identity-based PSA , the source of the PSA was changed , and a phrase of approximately 12 words relevant to the individual 's identity was inserted .", "Evidence Elements": {"Participant": [], "Intervention": [{"term": "identity-based PSA", "negation": "affirmed", "UMLS": {}, "start": 7, "end": 25, "has_relation": "N/A"}], "Outcome": [], "Observation": [], "Count": []}, "Evidence Propositions": []}, {"Section": "RESULTS", "Text": "A PSA tailored for Christians , when matched with a Christian identity , increased the likelihood of compliance by 12 percentage points .", "Evidence Elements": {"Participant": [{"term": "Christians", "negation": "affirmed", "UMLS": {}, "start": 19, "end": 29}], "Intervention": [{"term": "PSA", "negation": "affirmed", "UMLS": {}, "start": 2, "end": 5, "has_relation": "N/A"}], "Outcome": [{"term": "likelihood of compliance", "negation": "affirmed", "UMLS": {}, "start": 87, "end": 111}], "Observation": [{"term": "increased", "negation": "affirmed", "UMLS": {}, "start": 73, "end": 82}, {"term": "12", "negation": "affirmed", "UMLS": {}, "start": 115, "end": 117}], "Count": []}, "Evidence Propositions": [{"Intervention": {"term": "PSA", "has_relation": "N/A"}, "Observation": "increased", "Outcome": "likelihood of compliance", "Count": ""}]}, {"Section": "RESULTS", "Text": "A PSA that focused on economic values , when shown to individuals who identified as economically motivated , increased the likelihood of compliance by 6 points .", "Evidence Elements": {"Participant": [], "Intervention": [], "Outcome": [{"term": "likelihood of compliance", "negation": "affirmed", "UMLS": {}, "start": 123, "end": 147}], "Observation": [{"term": "increased", "negation": "affirmed", "UMLS": {}, "start": 109, "end": 118}], "Count": []}, "Evidence Propositions": []}, {"Section": "CONCLUSIONS", "Text": "Using social media to deliver COVID-19 public health announcements customized to individuals ' identities is a promising measure to increase compliance with public health guidelines .", "Evidence Elements": {"Participant": [], "Intervention": [], "Outcome": [], "Observation": [], "Count": []}, "Evidence Propositions": []}, {"Section": "UNKNOWN", "Text": "TRIAL REGISTRATION : ISRCTN Registry 22331899 ; https:/ / www . isrctn.com / ISRCTN22331899 .", "Evidence Elements": {"Participant": [], "Intervention": [], "Outcome": [], "Observation": [], "Count": []}, "Evidence Propositions": []}, {"Section": "UNKNOWN", "Text": "\u00a9 ##Alexander S Dennis, Patricia L Moravec, Antino Kim, Alan R Dennis .", "Evidence Elements": {"Participant": [], "Intervention": [], "Outcome": [], "Observation": [], "Count": []}, "Evidence Propositions": []}, {"Section": "UNKNOWN", "Text": "Originally published in JMIR Public Health and Surveillance ( http:/ / publichealth . jmir.org ) , 13.04.2021 .", "Evidence Elements": {"Participant": [], "Intervention": [], "Outcome": [], "Observation": [], "Count": []}, "Evidence Propositions": []}]}