{"doc_id": "33827848", "type of study": "Therapy", "title": "", "abstract": "Prognostic model to identify and quantify risk factors for mortality among hospitalised patients with COVID-19 in the USA.\nTo develop a prognostic model to identify and quantify risk factors for mortality among patients admitted to the hospital with COVID-19.\nRetrospective cohort study.\nPatients were randomly assigned to either training (80%) or test (20%) sets.\nThe training set was used to fit a multivariable logistic regression.\nPredictors were ranked using variable importance metrics.\nModels were assessed by C-indices, Brier scores and calibration plots in the test set.\nOptum de-identified COVID-19 Electronic Health Record dataset including over 700 hospitals and 7000 clinics in the USA.\n17\u2009086 patients hospitalised with COVID-19 between 20 February 2020 and 5 June 2020.\nMAIN OUTCOME MEASURE : All-cause mortality while hospitalised.\nThe full model that included information on demographics, comorbidities, laboratory results, and vital signs had good discrimination (C-index=0.87) and was well calibrated, with some overpredictions for the most at-risk patients.\nResults were similar on the training and test sets, suggesting that there was little overfitting.\nAge was the most important risk factor.\nThe performance of models that included all demographics and comorbidities (C-index=0.79) was only slightly better than a model that only included age (C-index=0.76).\nAcross the study period, predicted mortality was 1.3% for patients aged 18 years old, 8.9% for 55 years old and 28.7% for 85 years old.\nPredicted mortality across all ages declined over the study period from 22.4% by March to 14.0% by May.\nAge was the most important predictor of all-cause mortality, although vital signs and laboratory results added considerable prognostic information, with oxygen saturation, temperature, respiratory rate, lactate dehydrogenase and white cell count being among the most important predictors.\nDemographic and comorbidity factors did not improve model performance appreciably.\nThe full model had good discrimination and was reasonably well calibrated, suggesting that it may be useful for assessment of prognosis.\n\u00a9 Author(s) (or their employer(s)) 2021. Re-use permitted under CC BY-NC.\nNo commercial re-use. See rights and permissions.\nPublished by BMJ.\n", "Evidence Map": {"Enrollment": [{"term": "hospitalised patients with COVID-19", "negation": "affirmed", "UMLS": {}, "start": 75, "end": 110}, {"term": "admitted to the hospital", "negation": "affirmed", "UMLS": {}, "start": 97, "end": 121}, {"term": "COVID-19", "negation": "affirmed", "UMLS": {}, "start": 127, "end": 135}, {"term": "hospitalised", "negation": "affirmed", "UMLS": {}, "start": 16, "end": 28}, {"term": "COVID-19", "negation": "affirmed", "UMLS": {}, "start": 34, "end": 42}, {"term": "hospitalised", "negation": "affirmed", "UMLS": {}, "start": 49, "end": 61}], "Comparison Results": [], "Study Arm 1 Results": [], "Study Arm 2 Results": [], "Hypothesis": []}, "Sentence-level breakdown": [{"Section": "TITLE", "Text": "Prognostic model to identify and quantify risk factors for mortality among hospitalised patients with COVID-19 in the USA .", "Evidence Elements": {"Participant": [{"term": "hospitalised patients with COVID-19", "negation": "affirmed", "UMLS": {}, "start": 75, "end": 110}], "Intervention": [], "Outcome": [{"term": "risk factors for mortality", "negation": "affirmed", "UMLS": {}, "start": 42, "end": 68}], "Observation": [], "Count": []}, "Evidence Propositions": []}, {"Section": "OBJECTIVES", "Text": "To develop a prognostic model to identify and quantify risk factors for mortality among patients admitted to the hospital with COVID-19 .", "Evidence Elements": {"Participant": [{"term": "admitted to the hospital", "negation": "affirmed", "UMLS": {}, "start": 97, "end": 121}, {"term": "COVID-19", "negation": "affirmed", "UMLS": {}, "start": 127, "end": 135}], "Intervention": [], "Outcome": [{"term": "risk factors for mortality", "negation": "affirmed", "UMLS": {}, "start": 55, "end": 81}], "Observation": [], "Count": []}, "Evidence Propositions": []}, {"Section": "DESIGN", "Text": "Retrospective cohort study .", "Evidence Elements": {"Participant": [], "Intervention": [], "Outcome": [], "Observation": [], "Count": []}, "Evidence Propositions": []}, {"Section": "DESIGN", "Text": "Patients were randomly assigned to either training ( 80 % ) or test ( 20 % ) sets .", "Evidence Elements": {"Participant": [], "Intervention": [{"term": "training", "negation": "affirmed", "UMLS": {}, "start": 42, "end": 50, "has_procedure": [{"text": "training", "maps_to": "C0220931:training", "start": 0, "end": 8}], "has_relation": "N/A"}], "Outcome": [], "Observation": [], "Count": []}, "Evidence Propositions": []}, {"Section": "DESIGN", "Text": "The training set was used to fit a multivariable logistic regression .", "Evidence Elements": {"Participant": [], "Intervention": [], "Outcome": [], "Observation": [], "Count": []}, "Evidence Propositions": []}, {"Section": "DESIGN", "Text": "Predictors were ranked using variable importance metrics .", "Evidence Elements": {"Participant": [], "Intervention": [], "Outcome": [], "Observation": [], "Count": []}, "Evidence Propositions": []}, {"Section": "DESIGN", "Text": "Models were assessed by C-indices , Brier scores and calibration plots in the test set .", "Evidence Elements": {"Participant": [], "Intervention": [], "Outcome": [{"term": "Models", "negation": "affirmed", "UMLS": {}, "start": 0, "end": 6}, {"term": "C-indices", "negation": "affirmed", "UMLS": {}, "start": 24, "end": 33}, {"term": "Brier scores", "negation": "affirmed", "UMLS": {}, "start": 36, "end": 48}, {"term": "calibration plots", "negation": "affirmed", "UMLS": {}, "start": 53, "end": 70}], "Observation": [], "Count": []}, "Evidence Propositions": []}, {"Section": "SETTING", "Text": "Optum de-identified COVID-19 Electronic Health Record dataset including over 700 hospitals and 7000 clinics in the USA .", "Evidence Elements": {"Participant": [], "Intervention": [], "Outcome": [], "Observation": [], "Count": []}, "Evidence Propositions": []}, {"Section": "PARTICIPANTS", "Text": "17 086 patients hospitalised with COVID-19 between 20 February 2020 and 5 June 2020 .", "Evidence Elements": {"Participant": [{"term": "hospitalised", "negation": "affirmed", "UMLS": {}, "start": 16, "end": 28}, {"term": "COVID-19", "negation": "affirmed", "UMLS": {}, "start": 34, "end": 42}], "Intervention": [], "Outcome": [], "Observation": [], "Count": []}, "Evidence Propositions": []}, {"Section": "UNKNOWN", "Text": "MAIN OUTCOME MEASURE : All-cause mortality while hospitalised .", "Evidence Elements": {"Participant": [{"term": "hospitalised", "negation": "affirmed", "UMLS": {}, "start": 49, "end": 61}], "Intervention": [], "Outcome": [{"term": "All-cause mortality", "negation": "affirmed", "UMLS": {}, "start": 23, "end": 42}], "Observation": [], "Count": []}, "Evidence Propositions": []}, {"Section": "RESULTS", "Text": "The full model that included information on demographics , comorbidities , laboratory results , and vital signs had good discrimination ( C-index = 0.87 ) and was well calibrated , with some overpredictions for the most at-risk patients .", "Evidence Elements": {"Participant": [], "Intervention": [], "Outcome": [{"term": "discrimination", "negation": "affirmed", "UMLS": {}, "start": 121, "end": 135}], "Observation": [{"term": "good", "negation": "affirmed", "UMLS": {}, "start": 116, "end": 120}, {"term": "well", "negation": "affirmed", "UMLS": {}, "start": 163, "end": 167}], "Count": []}, "Evidence Propositions": []}, {"Section": "RESULTS", "Text": "Results were similar on the training and test sets , suggesting that there was little overfitting .", "Evidence Elements": {"Participant": [], "Intervention": [], "Outcome": [], "Observation": [{"term": "similar", "negation": "affirmed", "UMLS": {}, "start": 13, "end": 20}], "Count": []}, "Evidence Propositions": []}, {"Section": "RESULTS", "Text": "Age was the most important risk factor .", "Evidence Elements": {"Participant": [], "Intervention": [], "Outcome": [], "Observation": [], "Count": []}, "Evidence Propositions": []}, {"Section": "RESULTS", "Text": "The performance of models that included all demographics and comorbidities ( C-index = 0.79 ) was only slightly better than a model that only included age ( C-index = 0.76 ) .", "Evidence Elements": {"Participant": [], "Intervention": [{"term": "demographics", "negation": "affirmed", "UMLS": {}, "start": 44, "end": 56, "has_relation": "N/A"}], "Outcome": [{"term": "performance", "negation": "affirmed", "UMLS": {}, "start": 4, "end": 15}], "Observation": [{"term": "slightly better", "negation": "affirmed", "UMLS": {}, "start": 103, "end": 118}], "Count": []}, "Evidence Propositions": [{"Intervention": [{"term": "demographics", "has_relation": "N/A"}], "Observation": "slightly better", "Outcome": "performance", "Count": ""}]}, {"Section": "RESULTS", "Text": "Across the study period , predicted mortality was 1.3 % for patients aged 18 years old , 8.9 % for 55 years old and 28.7 % for 85 years old .", "Evidence Elements": {"Participant": [], "Intervention": [{"term": "18 years old", "negation": "affirmed", "UMLS": {}, "start": 74, "end": 86, "has_relation": "N/A"}, {"term": "55 years old", "negation": "affirmed", "UMLS": {}, "start": 99, "end": 111, "has_relation": "N/A"}], "Outcome": [{"term": "predicted mortality", "negation": "affirmed", "UMLS": {}, "start": 26, "end": 45}], "Observation": [{"term": "1.3 %", "negation": "affirmed", "UMLS": {}, "start": 50, "end": 55}, {"term": "8.9 %", "negation": "affirmed", "UMLS": {}, "start": 89, "end": 94}, {"term": "28.7", "negation": "affirmed", "UMLS": {}, "start": 116, "end": 120}], "Count": []}, "Evidence Propositions": [{"Intervention": {"term": "18 years old", "has_relation": "N/A"}, "Observation": "1.3 %", "Outcome": "predicted mortality", "Count": ""}, {"Intervention": {"term": "55 years old", "has_relation": "N/A"}, "Observation": "8.9 %", "Outcome": "predicted mortality", "Count": ""}]}, {"Section": "RESULTS", "Text": "Predicted mortality across all ages declined over the study period from 22.4 % by March to 14.0 % by May .", "Evidence Elements": {"Participant": [], "Intervention": [], "Outcome": [{"term": "Predicted mortality across all ages", "negation": "affirmed", "UMLS": {}, "start": 0, "end": 35}], "Observation": [{"term": "declined", "negation": "negated", "UMLS": {}, "start": 36, "end": 44}, {"term": "from 22.4 % by March to 14.0 %", "negation": "affirmed", "UMLS": {}, "start": 67, "end": 97}], "Count": []}, "Evidence Propositions": []}, {"Section": "CONCLUSION", "Text": "Age was the most important predictor of all-cause mortality , although vital signs and laboratory results added considerable prognostic information , with oxygen saturation , temperature , respiratory rate , lactate dehydrogenase and white cell count being among the most important predictors .", "Evidence Elements": {"Participant": [], "Intervention": [], "Outcome": [{"term": "Age", "negation": "affirmed", "UMLS": {}, "start": 0, "end": 3}, {"term": "all-cause mortality", "negation": "affirmed", "UMLS": {}, "start": 40, "end": 59}, {"term": "vital signs", "negation": "affirmed", "UMLS": {}, "start": 71, "end": 82}, {"term": "laboratory results", "negation": "affirmed", "UMLS": {}, "start": 87, "end": 105}, {"term": "oxygen saturation", "negation": "affirmed", "UMLS": {}, "start": 155, "end": 172}, {"term": "temperature", "negation": "affirmed", "UMLS": {}, "start": 175, "end": 186}, {"term": "respiratory rate", "negation": "affirmed", "UMLS": {}, "start": 189, "end": 205}, {"term": "lactate dehydrogenase", "negation": "affirmed", "UMLS": {}, "start": 208, "end": 229}, {"term": "white cell count", "negation": "affirmed", "UMLS": {}, "start": 234, "end": 250}], "Observation": [{"term": "most important predictor", "negation": "affirmed", "UMLS": {}, "start": 12, "end": 36}, {"term": "considerable prognostic information", "negation": "affirmed", "UMLS": {}, "start": 112, "end": 147}], "Count": []}, "Evidence Propositions": [{"Intervention": [], "Observation": "most important predictor", "Outcome": "Age", "Count": ""}, {"Intervention": [], "Observation": "most important predictor", "Outcome": "all-cause mortality", "Count": ""}]}, {"Section": "CONCLUSION", "Text": "Demographic and comorbidity factors did not improve model performance appreciably .", "Evidence Elements": {"Participant": [], "Intervention": [], "Outcome": [{"term": "model performance", "negation": "negated", "UMLS": {}, "start": 52, "end": 69}], "Observation": [{"term": "improve", "negation": "negated", "UMLS": {}, "start": 44, "end": 51}], "Count": []}, "Evidence Propositions": []}, {"Section": "CONCLUSION", "Text": "The full model had good discrimination and was reasonably well calibrated , suggesting that it may be useful for assessment of prognosis .", "Evidence Elements": {"Participant": [], "Intervention": [{"term": "full model", "negation": "affirmed", "UMLS": {}, "start": 4, "end": 14, "has_device": [{"text": "full model", "maps_to": "C0026336:model", "start": 0, "end": 10}], "has_relation": "N/A"}], "Outcome": [{"term": "discrimination", "negation": "affirmed", "UMLS": {}, "start": 24, "end": 38}], "Observation": [{"term": "good", "negation": "affirmed", "UMLS": {}, "start": 19, "end": 23}, {"term": "reasonably well calibrated", "negation": "affirmed", "UMLS": {}, "start": 47, "end": 73}, {"term": "useful", "negation": "affirmed", "UMLS": {}, "start": 102, "end": 108}], "Count": []}, "Evidence Propositions": []}, {"Section": "UNKNOWN", "Text": "\u00a9 Author (s ) ( or their employer (s ) ) 2021 . Re-use permitted under CC BY-NC .", "Evidence Elements": {"Participant": [], "Intervention": [], "Outcome": [], "Observation": [], "Count": []}, "Evidence Propositions": []}, {"Section": "UNKNOWN", "Text": "No commercial re-use . See rights and permissions .", "Evidence Elements": {"Participant": [], "Intervention": [], "Outcome": [], "Observation": [], "Count": []}, "Evidence Propositions": []}, {"Section": "UNKNOWN", "Text": "Published by BMJ .", "Evidence Elements": {"Participant": [], "Intervention": [], "Outcome": [], "Observation": [], "Count": []}, "Evidence Propositions": []}]}