{"doc_id": "33831046", "type of study": "Therapy", "title": "", "abstract": "What about tocilizumab?\nA retrospective study from a NYC Hospital during the COVID-19 outbreak.\nTocilizumab, an interleukin-6 receptor blocker, has been used in the inflammatory phase of COVID-19, but its impact independent of corticosteroids remains unclear in patients with severe disease.\nIn this retrospective analysis of patients with COVID-19 admitted between March 2 and April 14, 2020 to a large academic medical center in New York City, we describe outcomes associated with tocilizumab 400 mg (without methylprednisolone) compared to a propensity-matched control.\nThe primary endpoints were change in a 7-point ordinal scale of oxygenation and ventilator free survival, both at days 14 and 28.\nSecondary endpoints include incidence of bacterial superinfections and gastrointestinal perforation.\nPrimary outcomes were evaluated using t-test.\nWe identified 33 patients who received tocilizumab and matched 74 controls based on demographics and health measures upon admission.\nAfter adjusting for illness severity and baseline ordinal scale, we failed to find evidence of an improvement in hypoxemia based on an ordinal scale at hospital day 14 in the tocilizumab group (OR 2.2; 95% CI, 0.7-6.5; p = 0.157) or day 28 (OR 1.1; 95% CI, 0.4-3.6; p = 0.82).\nThere also was no evidence of an improvement in ventilator-free survival at day 14 (OR 0.8; 95% CI, 0.18-3.5; p = 0.75) or day 28 (OR 1.1; 95% CI, 0.1-1.8; p = 0.23).\nThere was no increase in secondary bacterial infection rates in the tocilizumab group compared to controls (OR 0.37; 95% CI, 0.09-1.53; p = 0.168).\nThere was no evidence to support an improvement in hypoxemia or ventilator-free survival with use of tocilizumab 400 mg in the absence of corticosteroids.\nNo increase in secondary bacterial infections was observed in the group receiving tocilizumab.\n", "Evidence Map": {"Enrollment": [{"term": "COVID-19", "negation": "affirmed", "UMLS": {}, "start": 48, "end": 56}, {"term": "absence of corticosteroids", "negation": "affirmed", "UMLS": {}, "start": 127, "end": 153}], "Comparison Results": [], "Study Arm 1 Results": [], "Study Arm 2 Results": [], "Hypothesis": []}, "Sentence-level breakdown": [{"Section": "TITLE", "Text": "What about tocilizumab ?", "Evidence Elements": {"Participant": [], "Intervention": [{"term": "tocilizumab", "negation": "affirmed", "UMLS": {}, "start": 11, "end": 22, "has_chemical": [{"text": "tocilizumab", "maps_to": "C1609165:tocilizumab", "start": 0, "end": 11}], "has_relation": "N/A"}], "Outcome": [], "Observation": [], "Count": []}, "Evidence Propositions": []}, {"Section": "TITLE", "Text": "A retrospective study from a NYC Hospital during the COVID-19 outbreak .", "Evidence Elements": {"Participant": [], "Intervention": [], "Outcome": [], "Observation": [], "Count": []}, "Evidence Propositions": []}, {"Section": "BACKGROUND", "Text": "Tocilizumab , an interleukin-6 receptor blocker , has been used in the inflammatory phase of COVID-19 , but its impact independent of corticosteroids remains unclear in patients with severe disease .", "Evidence Elements": {"Participant": [], "Intervention": [], "Outcome": [], "Observation": [], "Count": []}, "Evidence Propositions": []}, {"Section": "METHODS", "Text": "In this retrospective analysis of patients with COVID-19 admitted between March 2 and April 14 , 2020 to a large academic medical center in New York City , we describe outcomes associated with tocilizumab 400 mg ( without methylprednisolone ) compared to a propensity-matched control .", "Evidence Elements": {"Participant": [{"term": "COVID-19", "negation": "affirmed", "UMLS": {}, "start": 48, "end": 56}], "Intervention": [{"term": "tocilizumab 400 mg ( without methylprednisolone )", "negation": "affirmed", "UMLS": {}, "start": 193, "end": 242, "has_chemical": [{"text": "tocilizumab", "maps_to": "C1609165:tocilizumab", "start": 0, "end": 11, "has_strength": ["400 mg"]}], "has_relation": "N/A"}], "Outcome": [{"term": "outcomes", "negation": "affirmed", "UMLS": {}, "start": 168, "end": 176}], "Observation": [], "Count": []}, "Evidence Propositions": []}, {"Section": "METHODS", "Text": "The primary endpoints were change in a 7-point ordinal scale of oxygenation and ventilator free survival , both at days 14 and 28 .", "Evidence Elements": {"Participant": [], "Intervention": [], "Outcome": [{"term": "change in a 7-point ordinal scale of oxygenation", "negation": "negated", "UMLS": {}, "start": 27, "end": 75}, {"term": "ventilator free survival", "negation": "affirmed", "UMLS": {}, "start": 80, "end": 104}], "Observation": [], "Count": []}, "Evidence Propositions": []}, {"Section": "METHODS", "Text": "Secondary endpoints include incidence of bacterial superinfections and gastrointestinal perforation .", "Evidence Elements": {"Participant": [], "Intervention": [], "Outcome": [{"term": "incidence of bacterial superinfections and gastrointestinal perforation", "negation": "affirmed", "UMLS": {}, "start": 28, "end": 99}], "Observation": [], "Count": []}, "Evidence Propositions": []}, {"Section": "METHODS", "Text": "Primary outcomes were evaluated using t-test .", "Evidence Elements": {"Participant": [], "Intervention": [], "Outcome": [], "Observation": [], "Count": []}, "Evidence Propositions": []}, {"Section": "RESULTS", "Text": "We identified 33 patients who received tocilizumab and matched 74 controls based on demographics and health measures upon admission .", "Evidence Elements": {"Participant": [], "Intervention": [{"term": "tocilizumab", "negation": "affirmed", "UMLS": {}, "start": 39, "end": 50, "has_chemical": [{"text": "tocilizumab", "maps_to": "C1609165:tocilizumab", "start": 0, "end": 11}], "has_relation": "N/A"}, {"term": "controls", "negation": "affirmed", "UMLS": {}, "start": 66, "end": 74, "has_relation": "N/A"}], "Outcome": [], "Observation": [], "Count": []}, "Evidence Propositions": []}, {"Section": "RESULTS", "Text": "After adjusting for illness severity and baseline ordinal scale , we failed to find evidence of an improvement in hypoxemia based on an ordinal scale at hospital day 14 in the tocilizumab group ( OR 2.2 ; 95 % CI , 0.7-6.5 ; p=0.157 ) or day 28 ( OR 1.1 ; 95 % CI , 0.4-3.6 ; p=0.82 ) .", "Evidence Elements": {"Participant": [], "Intervention": [{"term": "tocilizumab", "negation": "affirmed", "UMLS": {}, "start": 176, "end": 187, "has_chemical": [{"text": "tocilizumab", "maps_to": "C1609165:tocilizumab", "start": 0, "end": 11}], "has_relation": "N/A"}], "Outcome": [{"term": "hypoxemia", "negation": "affirmed", "UMLS": {}, "start": 114, "end": 123}], "Observation": [{"term": "improvement", "negation": "affirmed", "UMLS": {}, "start": 99, "end": 110}], "Count": []}, "Evidence Propositions": [{"Intervention": {"term": "tocilizumab", "has_chemical": [{"text": "tocilizumab", "maps_to": "C1609165:tocilizumab", "start": 0, "end": 11}], "has_relation": "N/A"}, "Observation": "improvement", "Outcome": "hypoxemia", "Count": ""}]}, {"Section": "RESULTS", "Text": "There also was no evidence of an improvement in ventilator-free survival at day 14 ( OR 0.8 ; 95 % CI , 0.18-3.5 ; p=0.75 ) or day 28 ( OR 1.1 ; 95 % CI , 0.1-1.8 ; p=0.23 ) .", "Evidence Elements": {"Participant": [], "Intervention": [], "Outcome": [{"term": "ventilator-free survival", "negation": "affirmed", "UMLS": {}, "start": 48, "end": 72}], "Observation": [{"term": "improvement", "negation": "negated", "UMLS": {}, "start": 33, "end": 44}], "Count": []}, "Evidence Propositions": []}, {"Section": "RESULTS", "Text": "There was no increase in secondary bacterial infection rates in the tocilizumab group compared to controls ( OR 0.37 ; 95 % CI , 0.09-1.53 ; p = 0.168 ) .", "Evidence Elements": {"Participant": [], "Intervention": [{"term": "tocilizumab", "negation": "negated", "UMLS": {}, "start": 68, "end": 79, "has_chemical": [{"text": "tocilizumab", "maps_to": "C1609165:tocilizumab", "start": 0, "end": 11}], "has_relation": "N/A"}, {"term": "controls", "negation": "negated", "UMLS": {}, "start": 98, "end": 106, "has_relation": "N/A"}], "Outcome": [{"term": "secondary bacterial infection rates", "negation": "negated", "UMLS": {}, "start": 25, "end": 60}], "Observation": [{"term": "increase", "negation": "negated", "UMLS": {}, "start": 13, "end": 21}], "Count": []}, "Evidence Propositions": [{"Intervention": {"term": "tocilizumab", "has_chemical": [{"text": "tocilizumab", "maps_to": "C1609165:tocilizumab", "start": 0, "end": 11}], "has_relation": "N/A"}, "Observation": "increase", "Outcome": "secondary bacterial infection rates", "Count": ""}, {"Intervention": {"term": "controls", "has_relation": "N/A"}, "Observation": "increase", "Outcome": "secondary bacterial infection rates", "Count": ""}]}, {"Section": "CONCLUSIONS", "Text": "There was no evidence to support an improvement in hypoxemia or ventilator-free survival with use of tocilizumab 400 mg in the absence of corticosteroids .", "Evidence Elements": {"Participant": [{"term": "absence of corticosteroids", "negation": "affirmed", "UMLS": {}, "start": 127, "end": 153}], "Intervention": [{"term": "tocilizumab 400 mg", "negation": "affirmed", "UMLS": {}, "start": 101, "end": 119, "has_chemical": [{"text": "tocilizumab", "maps_to": "C1609165:tocilizumab", "start": 0, "end": 11, "has_strength": ["400 mg"]}], "has_relation": "N/A"}], "Outcome": [{"term": "hypoxemia", "negation": "negated", "UMLS": {}, "start": 51, "end": 60}, {"term": "ventilator-free survival", "negation": "affirmed", "UMLS": {}, "start": 64, "end": 88}], "Observation": [{"term": "improvement", "negation": "negated", "UMLS": {}, "start": 36, "end": 47}], "Count": []}, "Evidence Propositions": [{"Intervention": {"term": "tocilizumab 400 mg", "has_chemical": [{"text": "tocilizumab", "maps_to": "C1609165:tocilizumab", "start": 0, "end": 11, "has_strength": ["400 mg"]}], "has_relation": "N/A"}, "Observation": "improvement", "Outcome": "hypoxemia", "Count": ""}, {"Intervention": {"term": "tocilizumab 400 mg", "has_chemical": [{"text": "tocilizumab", "maps_to": "C1609165:tocilizumab", "start": 0, "end": 11, "has_strength": ["400 mg"]}], "has_relation": "N/A"}, "Observation": "improvement", "Outcome": "ventilator-free survival", "Count": ""}]}, {"Section": "CONCLUSIONS", "Text": "No increase in secondary bacterial infections was observed in the group receiving tocilizumab .", "Evidence Elements": {"Participant": [], "Intervention": [{"term": "tocilizumab", "negation": "negated", "UMLS": {}, "start": 82, "end": 93, "has_chemical": [{"text": "tocilizumab", "maps_to": "C1609165:tocilizumab", "start": 0, "end": 11}], "has_relation": "N/A"}], "Outcome": [{"term": "secondary bacterial infections", "negation": "negated", "UMLS": {}, "start": 15, "end": 45}], "Observation": [{"term": "increase", "negation": "negated", "UMLS": {}, "start": 3, "end": 11}], "Count": []}, "Evidence Propositions": [{"Intervention": {"term": "tocilizumab", "has_chemical": [{"text": "tocilizumab", "maps_to": "C1609165:tocilizumab", "start": 0, "end": 11}], "has_relation": "N/A"}, "Observation": "increase", "Outcome": "secondary bacterial infections", "Count": ""}]}]}