{"doc_id": "33845863", "type of study": "Therapy", "title": "", "abstract": "A stepped wedge cluster randomized control trial to evaluate the implementation and effectiveness of optimized initiatives in improving quality of care for ST segment elevation myocardial infarction in response to the COVID-19 outbreak.\nThe National Chest Pain Center Accreditation Program (CHANGE) is the first hospital-based, multifaceted, nationwide quality improvement (QI) initiative, to monitor and improve the quality of the ST segment elevation myocardial infarction (STEMI) care in China.\nThe QI initiatives, as implementation strategies, include a bundle of evidence-based interventions adapted for implementation in China.\nDuring the pandemic of coronavirus disease 2019 (COVID-19), fear of infection with severe acute respiratory syndrome coronavirus 2, national lockdowns, and altered health care priorities have highlighted the program's importance in improving STEMI care quality.\nThis study aims to minimize the adverse impact of the COVID-19 pandemic on the quality of STEMI care, by developing interventions that optimize the QI initiatives, implementing and evaluating the optimized QI initiatives, and developing scale-up activities of the optimized QI initiatives in response to COVID-19 and other public health emergencies.\nA stepped wedge cluster randomized control trial will be conducted in three selected cities of China: Wuhan, Suzhou, and Shenzhen.\nTwo districts have been randomly selected in each city, yielding a total of 24 registered hospitals.\nThis study will conduct a rollout in these hospitals every 3 months.\nThe 24 hospitals will be randomly assigned to four clusters, and each cluster will commence the intervention (optimized QI initiatives) at one of the four steps.\nWe will conduct hospital-based assessments, questionnaire surveys among health care providers, community-based household surveys, and key informant interviews during the trial.\nAll outcome measures will be organized using the RE-AIM (reach, effectiveness, adoption, implementation, maintenance) framework, including implementation outcomes, service outcomes (e.g., treatment time), and patient outcomes (e.g., in-hospital mortality and 1-year complication).\nThe Consolidated Framework for Implementation Research framework will be used to identify factors that influence implementation of the optimized QI interventions.\nThe study findings could be translated into a systematic solution to implementing QI initiatives in response to COVID-19 and future potential major public health emergencies.\nSuch actionable knowledge is critical for implementors of scale-up activities in low- and middle-income settings.\nTRIAL REGISTRATION : ChiCTR 2100043319 .\nRegistered on 10 February 2021.\n", "Evidence Map": {"Enrollment": [{"term": "ST segment elevation myocardial infarction", "negation": "affirmed", "UMLS": {}, "start": 156, "end": 198}, {"term": "COVID-19", "negation": "affirmed", "UMLS": {}, "start": 218, "end": 226}, {"term": "segment", "negation": "affirmed", "UMLS": {}, "start": 205, "end": 212}, {"term": "COVID-19 pandemic", "negation": "affirmed", "UMLS": {}, "start": 54, "end": 71}, {"term": "COVID-19", "negation": "affirmed", "UMLS": {}, "start": 54, "end": 62}, {"term": "health care providers", "negation": "affirmed", "UMLS": {}, "start": 73, "end": 94}], "Comparison Results": [], "Study Arm 1 Results": [], "Study Arm 2 Results": [], "Hypothesis": []}, "Sentence-level breakdown": [{"Section": "TITLE", "Text": "A stepped wedge cluster randomized control trial to evaluate the implementation and effectiveness of optimized initiatives in improving quality of care for ST segment elevation myocardial infarction in response to the COVID-19 outbreak .", "Evidence Elements": {"Participant": [{"term": "ST segment elevation myocardial infarction", "negation": "affirmed", "UMLS": {}, "start": 156, "end": 198}, {"term": "COVID-19", "negation": "affirmed", "UMLS": {}, "start": 218, "end": 226}], "Intervention": [{"term": "optimized initiatives", "negation": "affirmed", "UMLS": {}, "start": 101, "end": 122, "has_relation": "N/A"}], "Outcome": [{"term": "quality of care", "negation": "affirmed", "UMLS": {}, "start": 136, "end": 151}], "Observation": [{"term": "improving", "negation": "affirmed", "UMLS": {}, "start": 126, "end": 135}], "Count": []}, "Evidence Propositions": []}, {"Section": "BACKGROUND", "Text": "The National Chest Pain Center Accreditation Program ( CHANGE ) is the first hospital-based , multifaceted , nationwide quality improvement ( QI ) initiative , to monitor and improve the quality of the ST segment elevation myocardial infarction ( STEMI ) care in China .", "Evidence Elements": {"Participant": [{"term": "segment", "negation": "affirmed", "UMLS": {}, "start": 205, "end": 212}], "Intervention": [], "Outcome": [], "Observation": [], "Count": []}, "Evidence Propositions": []}, {"Section": "BACKGROUND", "Text": "The QI initiatives , as implementation strategies , include a bundle of evidence-based interventions adapted for implementation in China .", "Evidence Elements": {"Participant": [], "Intervention": [], "Outcome": [], "Observation": [], "Count": []}, "Evidence Propositions": []}, {"Section": "BACKGROUND", "Text": "During the pandemic of coronavirus disease 2019 ( COVID-19 ) , fear of infection with severe acute respiratory syndrome coronavirus 2 , national lockdowns , and altered health care priorities have highlighted the program 's importance in improving STEMI care quality .", "Evidence Elements": {"Participant": [], "Intervention": [], "Outcome": [], "Observation": [], "Count": []}, "Evidence Propositions": []}, {"Section": "BACKGROUND", "Text": "This study aims to minimize the adverse impact of the COVID-19 pandemic on the quality of STEMI care , by developing interventions that optimize the QI initiatives , implementing and evaluating the optimized QI initiatives , and developing scale-up activities of the optimized QI initiatives in response to COVID-19 and other public health emergencies .", "Evidence Elements": {"Participant": [{"term": "COVID-19 pandemic", "negation": "affirmed", "UMLS": {}, "start": 54, "end": 71}, {"term": "COVID-19", "negation": "affirmed", "UMLS": {}, "start": 54, "end": 62}], "Intervention": [{"term": "QI initiatives", "negation": "affirmed", "UMLS": {}, "start": 149, "end": 163, "has_activity": [{"text": "quality improvement", "maps_to": "C2936612:quality improvement", "start": 0, "end": 19}], "has_relation": "N/A"}, {"term": "optimized QI initiatives", "negation": "affirmed", "UMLS": {}, "start": 198, "end": 222, "has_activity": [{"text": "quality improvement", "maps_to": "C2936612:quality improvement", "start": 10, "end": 29}], "has_relation": "N/A"}, {"term": "optimized QI initiatives", "negation": "affirmed", "UMLS": {}, "start": 198, "end": 222, "has_activity": [{"text": "quality improvement", "maps_to": "C2936612:quality improvement", "start": 10, "end": 29}], "has_relation": "N/A"}], "Outcome": [{"term": "quality of STEMI care", "negation": "affirmed", "UMLS": {}, "start": 79, "end": 100}], "Observation": [{"term": "impact", "negation": "affirmed", "UMLS": {}, "start": 40, "end": 46}], "Count": []}, "Evidence Propositions": []}, {"Section": "METHODS", "Text": "A stepped wedge cluster randomized control trial will be conducted in three selected cities of China : Wuhan , Suzhou , and Shenzhen .", "Evidence Elements": {"Participant": [], "Intervention": [], "Outcome": [], "Observation": [], "Count": []}, "Evidence Propositions": []}, {"Section": "METHODS", "Text": "Two districts have been randomly selected in each city , yielding a total of 24 registered hospitals .", "Evidence Elements": {"Participant": [], "Intervention": [], "Outcome": [], "Observation": [], "Count": []}, "Evidence Propositions": []}, {"Section": "METHODS", "Text": "This study will conduct a rollout in these hospitals every 3 months .", "Evidence Elements": {"Participant": [], "Intervention": [], "Outcome": [], "Observation": [], "Count": []}, "Evidence Propositions": []}, {"Section": "METHODS", "Text": "The 24 hospitals will be randomly assigned to four clusters , and each cluster will commence the intervention ( optimized QI initiatives ) at one of the four steps .", "Evidence Elements": {"Participant": [], "Intervention": [{"term": "intervention", "negation": "affirmed", "UMLS": {}, "start": 97, "end": 109, "has_procedure": [{"text": "intervention", "maps_to": "C0886296:intervention", "start": 0, "end": 12}], "has_relation": "N/A"}], "Outcome": [], "Observation": [], "Count": []}, "Evidence Propositions": []}, {"Section": "METHODS", "Text": "We will conduct hospital-based assessments , questionnaire surveys among health care providers , community-based household surveys , and key informant interviews during the trial .", "Evidence Elements": {"Participant": [{"term": "health care providers", "negation": "affirmed", "UMLS": {}, "start": 73, "end": 94}], "Intervention": [], "Outcome": [{"term": "hospital-based assessments", "negation": "affirmed", "UMLS": {}, "start": 16, "end": 42}, {"term": "questionnaire surveys", "negation": "affirmed", "UMLS": {}, "start": 45, "end": 66}, {"term": "community-based household surveys", "negation": "affirmed", "UMLS": {}, "start": 97, "end": 130}, {"term": "key informant interviews", "negation": "affirmed", "UMLS": {}, "start": 137, "end": 161}], "Observation": [], "Count": []}, "Evidence Propositions": []}, {"Section": "METHODS", "Text": "All outcome measures will be organized using the RE-AIM ( reach , effectiveness , adoption , implementation , maintenance ) framework , including implementation outcomes , service outcomes ( e.g. , treatment time ) , and patient outcomes ( e.g. , in-hospital mortality and 1-year complication ) .", "Evidence Elements": {"Participant": [], "Intervention": [], "Outcome": [{"term": "reach", "negation": "affirmed", "UMLS": {}, "start": 58, "end": 63}, {"term": "effectiveness", "negation": "affirmed", "UMLS": {}, "start": 66, "end": 79}, {"term": "adoption", "negation": "affirmed", "UMLS": {}, "start": 82, "end": 90}, {"term": "implementation", "negation": "affirmed", "UMLS": {}, "start": 93, "end": 107}, {"term": "maintenance", "negation": "affirmed", "UMLS": {}, "start": 110, "end": 121}, {"term": "implementation outcomes", "negation": "affirmed", "UMLS": {}, "start": 146, "end": 169}, {"term": "service outcomes", "negation": "affirmed", "UMLS": {}, "start": 172, "end": 188}, {"term": "treatment", "negation": "affirmed", "UMLS": {}, "start": 198, "end": 207}], "Observation": [], "Count": []}, "Evidence Propositions": []}, {"Section": "METHODS", "Text": "The Consolidated Framework for Implementation Research framework will be used to identify factors that influence implementation of the optimized QI interventions .", "Evidence Elements": {"Participant": [], "Intervention": [{"term": "optimized QI interventions", "negation": "affirmed", "UMLS": {}, "start": 135, "end": 161, "has_procedure": [{"text": "quality improvement interventions", "maps_to": "C0886296:interventions", "start": 10, "end": 43}], "has_relation": "N/A"}], "Outcome": [], "Observation": [], "Count": []}, "Evidence Propositions": []}, {"Section": "DISCUSSION", "Text": "The study findings could be translated into a systematic solution to implementing QI initiatives in response to COVID-19 and future potential major public health emergencies .", "Evidence Elements": {"Participant": [], "Intervention": [], "Outcome": [], "Observation": [], "Count": []}, "Evidence Propositions": []}, {"Section": "DISCUSSION", "Text": "Such actionable knowledge is critical for implementors of scale-up activities in low- and middle-income settings .", "Evidence Elements": {"Participant": [], "Intervention": [], "Outcome": [], "Observation": [], "Count": []}, "Evidence Propositions": []}, {"Section": "UNKNOWN", "Text": "TRIAL REGISTRATION : ChiCTR 2100043319 .", "Evidence Elements": {"Participant": [], "Intervention": [], "Outcome": [], "Observation": [], "Count": []}, "Evidence Propositions": []}, {"Section": "UNKNOWN", "Text": "Registered on 10 February 2021 .", "Evidence Elements": {"Participant": [], "Intervention": [], "Outcome": [], "Observation": [], "Count": []}, "Evidence Propositions": []}]}