{"doc_id": "33854307", "type of study": "Therapy", "title": "", "abstract": "Changes in Body Composition and Cardiometabolic Health After Detraining in Older Men with Osteosarcopenia: 6-Month Follow-Up of the Randomized Controlled Franconian Osteopenia and Sarcopenia Trial (FrOST) Study.\nPurpose : Temporary cessation of exercise but maintenance of habitual physical activity might be a frequent situation in older people's lives.\nParticularly the COVID-19 induced lockdown of exercise training facilities with individual outdoor activities still being allowed might be a blueprint for this potentially harmful scenario.\nThus, the aim of the present study was to determine the effects of 6 months of detraining after 18 months of high-intensity resistance exercise (HIT-RT) on body composition and cardiometabolic outcomes in predominately obese older men with osteosarcopenia.\nMaterials and Methods : Community-dwelling predominately obese men 72-91 years old with low muscle and bone mass (n=43) were randomly assigned to an 18-month HIT-RT (EG: n=21) or a non-training control group (CG, n=22).\nAfter the intervention, participants of the EG discontinued HIT-RT for 6 months, but increased their habitual physical activity.\nStudy outcomes were group differences in detraining changes (\"effects\") for lean body mass (LBM), total and abdominal body fat rate (determined by dual-energy x-ray absorptiometry) and the Metabolic Syndrome Z-Score (MetSZ).\nWe applied an intention-to-treat analysis with multiple imputation to analyze the data.\nResults : After the 18-month HIT-RT, we observed significant positive training effects for LBM, total and abdominal body fat rate and the MetSZ (all p<0.001).\nAbrupt cessation of HIT-RT for 6 months resulted in significantly higher unfavorable changes in the HIT-RT compared with the CG for LBM (p=0.001), total body fat (p=0.003) and the MetSZ (p=0.003), apart from abdominal body fat (p=0.059).\nHowever, significant overall effects were still present after 24 months for LBM and body fat indices but not for the MetSZ.\nConclusion : The present study clearly indicates the unfavorable effects of 6 months of detraining after HIT-RT.\nCorrespondingly, exercise protocols particularly for older people should focus on continuous exercise with short regeneration periods rather than on intermitted protocols with pronounced training breaks.\n\u00a9 2021 Kemmler et al.\n", "Evidence Map": {"Enrollment": [{"term": "Older Men", "negation": "affirmed", "UMLS": {}, "start": 75, "end": 84}, {"term": "Osteosarcopenia", "negation": "affirmed", "UMLS": {}, "start": 90, "end": 105}, {"term": "older people", "negation": "affirmed", "UMLS": {}, "start": 121, "end": 133}, {"term": "predominately obese", "negation": "affirmed", "UMLS": {}, "start": 208, "end": 227}, {"term": "older", "negation": "affirmed", "UMLS": {}, "start": 228, "end": 233}, {"term": "Community-dwelling predominately obese men", "negation": "affirmed", "UMLS": {}, "start": 24, "end": 66}, {"term": "low muscle and bone mass", "negation": "affirmed", "UMLS": {}, "start": 88, "end": 112}], "Comparison Results": [], "Study Arm 1 Results": [], "Study Arm 2 Results": [], "Hypothesis": []}, "Sentence-level breakdown": [{"Section": "TITLE", "Text": "Changes in Body Composition and Cardiometabolic Health After Detraining in Older Men with Osteosarcopenia : 6-Month Follow-Up of the Randomized Controlled Franconian Osteopenia and Sarcopenia Trial ( FrOST ) Study .", "Evidence Elements": {"Participant": [{"term": "Older Men", "negation": "affirmed", "UMLS": {}, "start": 75, "end": 84}, {"term": "Osteosarcopenia", "negation": "affirmed", "UMLS": {}, "start": 90, "end": 105}], "Intervention": [], "Outcome": [{"term": "Body Composition", "negation": "affirmed", "UMLS": {}, "start": 11, "end": 27}, {"term": "Cardiometabolic Health", "negation": "affirmed", "UMLS": {}, "start": 32, "end": 54}], "Observation": [{"term": "Changes", "negation": "affirmed", "UMLS": {}, "start": 0, "end": 7}], "Count": []}, "Evidence Propositions": []}, {"Section": "UNKNOWN", "Text": "Purpose : Temporary cessation of exercise but maintenance of habitual physical activity might be a frequent situation in older people 's lives .", "Evidence Elements": {"Participant": [{"term": "older people", "negation": "affirmed", "UMLS": {}, "start": 121, "end": 133}], "Intervention": [], "Outcome": [], "Observation": [], "Count": []}, "Evidence Propositions": []}, {"Section": "UNKNOWN", "Text": "Particularly the COVID-19 induced lockdown of exercise training facilities with individual outdoor activities still being allowed might be a blueprint for this potentially harmful scenario .", "Evidence Elements": {"Participant": [], "Intervention": [], "Outcome": [], "Observation": [], "Count": []}, "Evidence Propositions": []}, {"Section": "UNKNOWN", "Text": "Thus , the aim of the present study was to determine the effects of 6 months of detraining after 18 months of high-intensity resistance exercise ( HIT-RT ) on body composition and cardiometabolic outcomes in predominately obese older men with osteosarcopenia .", "Evidence Elements": {"Participant": [{"term": "predominately obese", "negation": "affirmed", "UMLS": {}, "start": 208, "end": 227}, {"term": "older", "negation": "affirmed", "UMLS": {}, "start": 228, "end": 233}], "Intervention": [{"term": "high-intensity resistance exercise ( HIT-RT )", "negation": "affirmed", "UMLS": {}, "start": 110, "end": 155, "has_procedure": [{"text": "high intensity resistance exercise", "maps_to": "C0452240:exercises", "start": 0, "end": 34}], "has_relation": "N/A"}], "Outcome": [{"term": "body composition", "negation": "affirmed", "UMLS": {}, "start": 159, "end": 175}, {"term": "cardiometabolic outcomes", "negation": "affirmed", "UMLS": {}, "start": 180, "end": 204}], "Observation": [], "Count": []}, "Evidence Propositions": []}, {"Section": "UNKNOWN", "Text": "Materials and Methods : Community-dwelling predominately obese men 72-91 years old with low muscle and bone mass ( n = 43 ) were randomly assigned to an 18-month HIT-RT ( EG : n = 21 ) or a non-training control group ( CG , n = 22 ) .", "Evidence Elements": {"Participant": [{"term": "Community-dwelling predominately obese men", "negation": "affirmed", "UMLS": {}, "start": 24, "end": 66}, {"term": "low muscle and bone mass", "negation": "affirmed", "UMLS": {}, "start": 88, "end": 112}], "Intervention": [{"term": "HIT-RT", "negation": "affirmed", "UMLS": {}, "start": 162, "end": 168, "has_procedure": [{"text": "high intensity resistance exercise", "maps_to": "C0452240:exercises", "start": 0, "end": 34}], "has_relation": "N/A"}], "Outcome": [], "Observation": [], "Count": []}, "Evidence Propositions": []}, {"Section": "UNKNOWN", "Text": "After the intervention , participants of the EG discontinued HIT-RT for 6 months , but increased their habitual physical activity .", "Evidence Elements": {"Participant": [], "Intervention": [{"term": "EG", "negation": "affirmed", "UMLS": {}, "start": 45, "end": 47, "has_relation": "N/A"}, {"term": "discontinued HIT-RT", "negation": "affirmed", "UMLS": {}, "start": 48, "end": 67, "has_procedure": [{"text": "high intensity resistance exercise", "maps_to": "C0452240:exercises", "start": 13, "end": 47}], "has_relation": "N/A"}], "Outcome": [{"term": "habitual", "negation": "affirmed", "UMLS": {}, "start": 103, "end": 111}], "Observation": [{"term": "increased", "negation": "affirmed", "UMLS": {}, "start": 87, "end": 96}], "Count": []}, "Evidence Propositions": []}, {"Section": "UNKNOWN", "Text": "Study outcomes were group differences in detraining changes ( \" effects \" ) for lean body mass ( LBM ) , total and abdominal body fat rate ( determined by dual-energy x-ray absorptiometry ) and the Metabolic Syndrome Z-Score ( MetSZ ) .", "Evidence Elements": {"Participant": [], "Intervention": [], "Outcome": [{"term": "detraining changes", "negation": "affirmed", "UMLS": {}, "start": 41, "end": 59}, {"term": "lean body mass ( LBM )", "negation": "affirmed", "UMLS": {}, "start": 80, "end": 102}, {"term": "total and abdominal body fat rate", "negation": "affirmed", "UMLS": {}, "start": 105, "end": 138}], "Observation": [{"term": "group", "negation": "affirmed", "UMLS": {}, "start": 20, "end": 25}], "Count": []}, "Evidence Propositions": []}, {"Section": "UNKNOWN", "Text": "We applied an intention-to-treat analysis with multiple imputation to analyze the data .", "Evidence Elements": {"Participant": [], "Intervention": [], "Outcome": [], "Observation": [], "Count": []}, "Evidence Propositions": []}, {"Section": "UNKNOWN", "Text": "Results : After the 18-month HIT-RT , we observed significant positive training effects for LBM , total and abdominal body fat rate and the MetSZ ( all p < 0.001 ) .", "Evidence Elements": {"Participant": [], "Intervention": [], "Outcome": [{"term": "training effects", "negation": "affirmed", "UMLS": {}, "start": 71, "end": 87}, {"term": "LBM", "negation": "affirmed", "UMLS": {}, "start": 92, "end": 95}, {"term": "total and abdominal body fat rate", "negation": "affirmed", "UMLS": {}, "start": 98, "end": 131}, {"term": "MetSZ", "negation": "affirmed", "UMLS": {}, "start": 140, "end": 145}], "Observation": [{"term": "significant positive", "negation": "affirmed", "UMLS": {}, "start": 50, "end": 70}], "Count": []}, "Evidence Propositions": []}, {"Section": "UNKNOWN", "Text": "Abrupt cessation of HIT-RT for 6 months resulted in significantly higher unfavorable changes in the HIT-RT compared with the CG for LBM ( p = 0.001 ) , total body fat ( p = 0.003 ) and the MetSZ ( p = 0.003 ) , apart from abdominal body fat ( p = 0.059 ) .", "Evidence Elements": {"Participant": [], "Intervention": [{"term": "Abrupt cessation of HIT-RT", "negation": "affirmed", "UMLS": {}, "start": 0, "end": 26, "has_procedure": [{"text": "high intensity resistance exercise", "maps_to": "C0452240:exercises", "start": 20, "end": 54}], "has_relation": "N/A"}, {"term": "CG for LBM", "negation": "affirmed", "UMLS": {}, "start": 125, "end": 135, "has_relation": "N/A"}], "Outcome": [{"term": "unfavorable changes", "negation": "affirmed", "UMLS": {}, "start": 73, "end": 92}, {"term": "HIT-RT", "negation": "affirmed", "UMLS": {}, "start": 20, "end": 26}, {"term": "total body fat", "negation": "affirmed", "UMLS": {}, "start": 152, "end": 166}], "Observation": [{"term": "significantly higher", "negation": "affirmed", "UMLS": {}, "start": 52, "end": 72}], "Count": []}, "Evidence Propositions": []}, {"Section": "UNKNOWN", "Text": "However , significant overall effects were still present after 24 months for LBM and body fat indices but not for the MetSZ .", "Evidence Elements": {"Participant": [], "Intervention": [], "Outcome": [{"term": "overall effects", "negation": "affirmed", "UMLS": {}, "start": 22, "end": 37}, {"term": "LBM", "negation": "affirmed", "UMLS": {}, "start": 77, "end": 80}, {"term": "body fat indices", "negation": "affirmed", "UMLS": {}, "start": 85, "end": 101}], "Observation": [{"term": "significant", "negation": "affirmed", "UMLS": {}, "start": 10, "end": 21}], "Count": []}, "Evidence Propositions": []}, {"Section": "UNKNOWN", "Text": "Conclusion : The present study clearly indicates the unfavorable effects of 6 months of detraining after HIT-RT .", "Evidence Elements": {"Participant": [], "Intervention": [{"term": "HIT-RT", "negation": "affirmed", "UMLS": {}, "start": 105, "end": 111, "has_procedure": [{"text": "high intensity resistance exercise", "maps_to": "C0452240:exercises", "start": 0, "end": 34}], "has_relation": "N/A"}], "Outcome": [], "Observation": [{"term": "unfavorable effects", "negation": "affirmed", "UMLS": {}, "start": 53, "end": 72}], "Count": []}, "Evidence Propositions": []}, {"Section": "UNKNOWN", "Text": "Correspondingly , exercise protocols particularly for older people should focus on continuous exercise with short regeneration periods rather than on intermitted protocols with pronounced training breaks .", "Evidence Elements": {"Participant": [], "Intervention": [], "Outcome": [], "Observation": [], "Count": []}, "Evidence Propositions": []}, {"Section": "UNKNOWN", "Text": "\u00a9 2021 Kemmler et al .", "Evidence Elements": {"Participant": [], "Intervention": [], "Outcome": [], "Observation": [], "Count": []}, "Evidence Propositions": []}]}