{"doc_id": "33863342", "type of study": "Therapy", "title": "", "abstract": "Lifestyle, Exercise and Activity Package for People living with Progressive Multiple Sclerosis (LEAP-MS): adaptions during the COVID-19 pandemic and remote delivery for improved efficiency.\nThe LEAP-MS (Lifestyle, Exercise and Activity Package for People living with Progressive Multiple Sclerosis) study has developed an individualised supported self-management approach for physical activity for people with progressive multiple sclerosis (MS) and severe disability.\nThe intervention has been evaluated in a single-arm feasibility study with embedded process evaluation.\nThe feasibility study was due to open to recruitment during the COVID-19 2020-2021 pandemic, 1\u00a0month into the first UK-wide lockdown.\nWe worked rapidly to implement adaptions to the trial procedures and intervention delivery that we believe are applicable to randomised controlled trials.\nRecruitment became predominantly via self-referral.\nElectronic consent was employed, with consent discussions occurring over the telephone.\nRegistration, consent, eligibility assessment and data collection as well as the intervention (online physical activity tool) were via a secure, encrypted multi-user web-based platform for participants, physiotherapists and researchers accessible via various hardware.\nPhysiotherapy consultations, as well as the process evaluation, were conducted remotely using video conferencing software or the telephone.\nA remote training package for physiotherapists and site initiations was also developed and electronic site files employed.\nOur adaptions are extremely topical given the COVID-19 situation, and whilst not what we had originally planned, have enabled successful delivery of the feasibility study and are relevant to conducting randomised controlled trials and meeting the needs of people with MS who are far more isolated than ever before.\nTRIAL REGISTRATION: ClinicalTrials.gov NCT03951181 .\nRegistered on 15 May 2019.\n", "Evidence Map": {"Enrollment": [{"term": "Progressive Multiple Sclerosis ( LEAP-MS )", "negation": "affirmed", "UMLS": {}, "start": 65, "end": 107}, {"term": "COVID-19 pandemic", "negation": "affirmed", "UMLS": {}, "start": 131, "end": 148}, {"term": "progressive multiple sclerosis (", "negation": "affirmed", "UMLS": {}, "start": 223, "end": 255}, {"term": "physiotherapists", "negation": "affirmed", "UMLS": {}, "start": 209, "end": 225}], "Comparison Results": [], "Study Arm 1 Results": [], "Study Arm 2 Results": [], "Hypothesis": []}, "Sentence-level breakdown": [{"Section": "TITLE", "Text": "Lifestyle , Exercise and Activity Package for People living with Progressive Multiple Sclerosis ( LEAP-MS ) : adaptions during the COVID-19 pandemic and remote delivery for improved efficiency .", "Evidence Elements": {"Participant": [{"term": "Progressive Multiple Sclerosis ( LEAP-MS )", "negation": "affirmed", "UMLS": {}, "start": 65, "end": 107}, {"term": "COVID-19 pandemic", "negation": "affirmed", "UMLS": {}, "start": 131, "end": 148}], "Intervention": [{"term": "Lifestyle", "negation": "affirmed", "UMLS": {}, "start": 0, "end": 9, "has_activity": [{"text": "lifestyle", "maps_to": "C0023676:lifestyle", "start": 0, "end": 9}], "has_relation": "N/A"}, {"term": "Exercise", "negation": "affirmed", "UMLS": {}, "start": 12, "end": 20, "has_procedure": [{"text": "exercise", "maps_to": "C0452240:exercises", "start": 0, "end": 8}], "has_relation": "N/A"}, {"term": "Activity Package", "negation": "affirmed", "UMLS": {}, "start": 25, "end": 41, "has_activity": [{"text": "activity", "maps_to": "C0026606:activity", "start": 0, "end": 8}], "has_relation": "N/A"}, {"term": "adaptions", "negation": "affirmed", "UMLS": {}, "start": 110, "end": 119, "has_relation": "N/A"}], "Outcome": [], "Observation": [], "Count": []}, "Evidence Propositions": []}, {"Section": "UNKNOWN", "Text": "The LEAP-MS ( Lifestyle , Exercise and Activity Package for People living with Progressive Multiple Sclerosis ) study has developed an individualised supported self-management approach for physical activity for people with progressive multiple sclerosis ( MS ) and severe disability .", "Evidence Elements": {"Participant": [{"term": "progressive multiple sclerosis (", "negation": "affirmed", "UMLS": {}, "start": 223, "end": 255}], "Intervention": [], "Outcome": [], "Observation": [], "Count": []}, "Evidence Propositions": []}, {"Section": "UNKNOWN", "Text": "The intervention has been evaluated in a single-arm feasibility study with embedded process evaluation .", "Evidence Elements": {"Participant": [], "Intervention": [], "Outcome": [], "Observation": [], "Count": []}, "Evidence Propositions": []}, {"Section": "UNKNOWN", "Text": "The feasibility study was due to open to recruitment during the COVID-19 2020-2021 pandemic , 1 month into the first UK-wide lockdown .", "Evidence Elements": {"Participant": [], "Intervention": [], "Outcome": [], "Observation": [], "Count": []}, "Evidence Propositions": []}, {"Section": "UNKNOWN", "Text": "We worked rapidly to implement adaptions to the trial procedures and intervention delivery that we believe are applicable to randomised controlled trials .", "Evidence Elements": {"Participant": [], "Intervention": [], "Outcome": [], "Observation": [], "Count": []}, "Evidence Propositions": []}, {"Section": "UNKNOWN", "Text": "Recruitment became predominantly via self-referral .", "Evidence Elements": {"Participant": [], "Intervention": [], "Outcome": [], "Observation": [], "Count": []}, "Evidence Propositions": []}, {"Section": "UNKNOWN", "Text": "Electronic consent was employed , with consent discussions occurring over the telephone .", "Evidence Elements": {"Participant": [], "Intervention": [], "Outcome": [], "Observation": [], "Count": []}, "Evidence Propositions": []}, {"Section": "UNKNOWN", "Text": "Registration , consent , eligibility assessment and data collection as well as the intervention ( online physical activity tool ) were via a secure , encrypted multi-user web-based platform for participants , physiotherapists and researchers accessible via various hardware .", "Evidence Elements": {"Participant": [{"term": "physiotherapists", "negation": "affirmed", "UMLS": {}, "start": 209, "end": 225}], "Intervention": [], "Outcome": [], "Observation": [], "Count": []}, "Evidence Propositions": []}, {"Section": "UNKNOWN", "Text": "Physiotherapy consultations , as well as the process evaluation , were conducted remotely using video conferencing software or the telephone .", "Evidence Elements": {"Participant": [], "Intervention": [], "Outcome": [{"term": "Physiotherapy consultations", "negation": "affirmed", "UMLS": {}, "start": 0, "end": 27}, {"term": "process evaluation", "negation": "affirmed", "UMLS": {}, "start": 45, "end": 63}], "Observation": [], "Count": []}, "Evidence Propositions": []}, {"Section": "UNKNOWN", "Text": "A remote training package for physiotherapists and site initiations was also developed and electronic site files employed .", "Evidence Elements": {"Participant": [], "Intervention": [{"term": "package", "negation": "affirmed", "UMLS": {}, "start": 18, "end": 25, "has_relation": "N/A"}], "Outcome": [], "Observation": [], "Count": []}, "Evidence Propositions": []}, {"Section": "UNKNOWN", "Text": "Our adaptions are extremely topical given the COVID-19 situation , and whilst not what we had originally planned , have enabled successful delivery of the feasibility study and are relevant to conducting randomised controlled trials and meeting the needs of people with MS who are far more isolated than ever before .", "Evidence Elements": {"Participant": [], "Intervention": [], "Outcome": [], "Observation": [], "Count": []}, "Evidence Propositions": []}, {"Section": "UNKNOWN", "Text": "TRIAL REGISTRATION : ClinicalTrials.gov NCT03951181 .", "Evidence Elements": {"Participant": [], "Intervention": [], "Outcome": [], "Observation": [], "Count": []}, "Evidence Propositions": []}, {"Section": "UNKNOWN", "Text": "Registered on 15 May 2019 .", "Evidence Elements": {"Participant": [], "Intervention": [], "Outcome": [], "Observation": [], "Count": []}, "Evidence Propositions": []}]}