{"doc_id": "33867046", "type of study": "Therapy", "title": "", "abstract": "Efficacy and safety of Lianhuaqingwen capsules, a repurposed Chinese herb, in patients with coronavirus disease 2019: A multicenter, prospective, randomized controlled trial.\nCoronavirus disease 2019 (Covid-19) has resulted in a global outbreak.\nFew existing targeted medications are available.\nLianhuaqingwen (LH) capsule, a repurposed marketed Chinese herb product, has been proven effective for influenza.\nTo determine the safety and efficacy of LH capsule in patients with Covid-19.\nWe did a prospective multicenter open-label randomized controlled trial on LH capsule in confirmed cases with Covid-19.\nPatients were randomized to receive usual treatment alone or in combination with LH capsules (4 capsules, thrice daily) for 14 days.\nThe primary endpoint was the rate of symptom (fever, fatigue, coughing) recovery.\nWe included 284 patients (142 each in treatment and control group) in the full-analysis set.\nThe recovery rate was significantly higher in treatment group as compared with control group (91.5% vs. 82.4%, p = 0.022).\nThe median time to symptom recovery was markedly shorter in treatment group (median: 7 vs. 10 days, p < 0.001).\nTime to recovery of fever (2 vs. 3 days), fatigue (3 vs. 6 days) and coughing (7 vs. 10 days) was also significantly shorter in treatment group (all p < 0.001).\nThe rate of improvement in chest computed tomographic manifestations (83.8% vs. 64.1%, p < 0.001) and clinical cure (78.9% vs. 66.2%, p = 0.017) was also higher in treatment group.\nHowever, both groups did not differ in the rate of conversion to severe cases or viral assay findings (both p > 0.05).\nNo serious adverse events were reported.\nIn light of the safety and effectiveness profiles, LH capsules could be considered to ameliorate clinical symptoms of Covid-19.\nCopyright \u00a9 2020.\nPublished by Elsevier GmbH.\n", "Evidence Map": {"Enrollment": [{"term": "coronavirus disease 2019", "negation": "affirmed", "UMLS": {}, "start": 94, "end": 118}, {"term": "Covid-19", "negation": "affirmed", "UMLS": {}, "start": 68, "end": 76}, {"term": "Covid-19", "negation": "affirmed", "UMLS": {}, "start": 110, "end": 118}], "Comparison Results": [], "Study Arm 1 Results": [], "Study Arm 2 Results": [], "Hypothesis": []}, "Sentence-level breakdown": [{"Section": "TITLE", "Text": "Efficacy and safety of Lianhuaqingwen capsules , a repurposed Chinese herb , in patients with coronavirus disease 2019 : A multicenter , prospective , randomized controlled trial .", "Evidence Elements": {"Participant": [{"term": "coronavirus disease 2019", "negation": "affirmed", "UMLS": {}, "start": 94, "end": 118}], "Intervention": [{"term": "Lianhuaqingwen capsules", "negation": "affirmed", "UMLS": {}, "start": 23, "end": 46, "has_chemical": [{"text": "lianhuaqingwen capsules", "maps_to": "C0006935:capsules", "start": 0, "end": 23, "has_form": ["capsules"], "has_frequency": ["daily"]}], "has_relation": "N/A"}], "Outcome": [{"term": "Efficacy", "negation": "affirmed", "UMLS": {}, "start": 0, "end": 8}, {"term": "safety", "negation": "affirmed", "UMLS": {}, "start": 13, "end": 19}], "Observation": [], "Count": []}, "Evidence Propositions": []}, {"Section": "BACKGROUND", "Text": "Coronavirus disease 2019 ( Covid-19 ) has resulted in a global outbreak .", "Evidence Elements": {"Participant": [], "Intervention": [], "Outcome": [], "Observation": [], "Count": []}, "Evidence Propositions": []}, {"Section": "BACKGROUND", "Text": "Few existing targeted medications are available .", "Evidence Elements": {"Participant": [], "Intervention": [], "Outcome": [], "Observation": [], "Count": []}, "Evidence Propositions": []}, {"Section": "BACKGROUND", "Text": "Lianhuaqingwen ( LH ) capsule , a repurposed marketed Chinese herb product , has been proven effective for influenza .", "Evidence Elements": {"Participant": [], "Intervention": [], "Outcome": [], "Observation": [], "Count": []}, "Evidence Propositions": []}, {"Section": "PURPOSE", "Text": "To determine the safety and efficacy of LH capsule in patients with Covid-19 .", "Evidence Elements": {"Participant": [{"term": "Covid-19", "negation": "affirmed", "UMLS": {}, "start": 68, "end": 76}], "Intervention": [{"term": "LH capsule", "negation": "affirmed", "UMLS": {}, "start": 40, "end": 50, "has_chemical": [{"text": "lianhuaqingwen", "maps_to": "C3852361:lianhuaqingwen", "start": 0, "end": 14, "has_form": ["capsule"]}], "has_relation": "N/A"}], "Outcome": [{"term": "safety", "negation": "affirmed", "UMLS": {}, "start": 17, "end": 23}, {"term": "efficacy", "negation": "affirmed", "UMLS": {}, "start": 28, "end": 36}], "Observation": [], "Count": []}, "Evidence Propositions": []}, {"Section": "METHODS", "Text": "We did a prospective multicenter open-label randomized controlled trial on LH capsule in confirmed cases with Covid-19 .", "Evidence Elements": {"Participant": [{"term": "Covid-19", "negation": "affirmed", "UMLS": {}, "start": 110, "end": 118}], "Intervention": [{"term": "LH capsule", "negation": "affirmed", "UMLS": {}, "start": 75, "end": 85, "has_chemical": [{"text": "lianhuaqingwen", "maps_to": "C3852361:lianhuaqingwen", "start": 0, "end": 14, "has_form": ["capsule"]}], "has_relation": "N/A"}], "Outcome": [], "Observation": [], "Count": []}, "Evidence Propositions": []}, {"Section": "METHODS", "Text": "Patients were randomized to receive usual treatment alone or in combination with LH capsules ( 4 capsules , thrice daily ) for 14 days .", "Evidence Elements": {"Participant": [], "Intervention": [{"term": "usual treatment alone", "negation": "affirmed", "UMLS": {}, "start": 36, "end": 57, "has_procedure": [{"text": "usual treatment", "maps_to": "C0087111:treatment", "start": 0, "end": 15}], "has_relation": "N/A"}, {"term": "in combination with LH capsules", "negation": "affirmed", "UMLS": {}, "start": 61, "end": 92, "has_chemical": [{"text": "lianhuaqingwen capsules", "maps_to": "C0006935:capsules", "start": 20, "end": 43, "has_form": ["capsules"], "has_frequency": ["daily"]}], "has_relation": "N/A"}], "Outcome": [], "Observation": [], "Count": []}, "Evidence Propositions": []}, {"Section": "METHODS", "Text": "The primary endpoint was the rate of symptom ( fever , fatigue , coughing ) recovery .", "Evidence Elements": {"Participant": [], "Intervention": [], "Outcome": [{"term": "rate of symptom ( fever , fatigue", "negation": "affirmed", "UMLS": {}, "start": 29, "end": 62}], "Observation": [], "Count": []}, "Evidence Propositions": []}, {"Section": "RESULTS", "Text": "We included 284 patients ( 142 each in treatment and control group ) in the full-analysis set .", "Evidence Elements": {"Participant": [], "Intervention": [], "Outcome": [], "Observation": [], "Count": []}, "Evidence Propositions": []}, {"Section": "RESULTS", "Text": "The recovery rate was significantly higher in treatment group as compared with control group ( 91.5 % vs . 82.4 % , p = 0.022 ) .", "Evidence Elements": {"Participant": [], "Intervention": [{"term": "treatment", "negation": "affirmed", "UMLS": {}, "start": 46, "end": 55, "has_procedure": [{"text": "treatment", "maps_to": "C0087111:treatment", "start": 0, "end": 9}], "has_relation": "N/A"}, {"term": "control", "negation": "affirmed", "UMLS": {}, "start": 79, "end": 86, "has_relation": "N/A"}], "Outcome": [{"term": "recovery rate", "negation": "affirmed", "UMLS": {}, "start": 4, "end": 17}], "Observation": [{"term": "significantly higher", "negation": "affirmed", "UMLS": {}, "start": 22, "end": 42}, {"term": "91.5 %", "negation": "affirmed", "UMLS": {}, "start": 95, "end": 101}, {"term": "82.4", "negation": "affirmed", "UMLS": {}, "start": 107, "end": 111}], "Count": []}, "Evidence Propositions": [{"Intervention": [{"term": "treatment", "has_procedure": [{"text": "treatment", "maps_to": "C0087111:treatment", "start": 0, "end": 9}], "has_relation": "N/A"}, {"term": "control", "has_relation": "N/A"}], "Observation": "significantly higher", "Outcome": "recovery rate", "Count": ""}, {"Intervention": {"term": "treatment", "has_procedure": [{"text": "treatment", "maps_to": "C0087111:treatment", "start": 0, "end": 9}], "has_relation": "N/A"}, "Observation": "91.5 %", "Outcome": "recovery rate", "Count": ""}, {"Intervention": {"term": "control", "has_relation": "N/A"}, "Observation": "82.4", "Outcome": "recovery rate", "Count": ""}]}, {"Section": "RESULTS", "Text": "The median time to symptom recovery was markedly shorter in treatment group ( median : 7 vs . 10 days , p < 0.001 ) .", "Evidence Elements": {"Participant": [], "Intervention": [{"term": "treatment", "negation": "affirmed", "UMLS": {}, "start": 60, "end": 69, "has_procedure": [{"text": "treatment", "maps_to": "C0087111:treatment", "start": 0, "end": 9}], "has_relation": "N/A"}], "Outcome": [{"term": "median time to symptom recovery", "negation": "affirmed", "UMLS": {}, "start": 4, "end": 35}], "Observation": [{"term": "markedly shorter", "negation": "affirmed", "UMLS": {}, "start": 40, "end": 56}, {"term": "7", "negation": "affirmed", "UMLS": {}, "start": 87, "end": 88}, {"term": "10 days", "negation": "affirmed", "UMLS": {}, "start": 94, "end": 101}], "Count": []}, "Evidence Propositions": [{"Intervention": [{"term": "treatment", "has_procedure": [{"text": "treatment", "maps_to": "C0087111:treatment", "start": 0, "end": 9}], "has_relation": "N/A"}], "Observation": "markedly shorter", "Outcome": "median time to symptom recovery", "Count": ""}, {"Intervention": {"term": "treatment", "has_procedure": [{"text": "treatment", "maps_to": "C0087111:treatment", "start": 0, "end": 9}], "has_relation": "N/A"}, "Observation": "7", "Outcome": "median time to symptom recovery", "Count": ""}]}, {"Section": "RESULTS", "Text": "Time to recovery of fever ( 2 vs . 3 days ) , fatigue ( 3 vs . 6 days ) and coughing ( 7 vs . 10 days ) was also significantly shorter in treatment group ( all p < 0.001 ) .", "Evidence Elements": {"Participant": [], "Intervention": [], "Outcome": [{"term": "Time to recovery of fever", "negation": "affirmed", "UMLS": {}, "start": 0, "end": 25}, {"term": "fatigue", "negation": "affirmed", "UMLS": {}, "start": 46, "end": 53}, {"term": "and coughing", "negation": "affirmed", "UMLS": {}, "start": 72, "end": 84}], "Observation": [{"term": "2", "negation": "affirmed", "UMLS": {}, "start": 28, "end": 29}, {"term": "3 days", "negation": "affirmed", "UMLS": {}, "start": 35, "end": 41}, {"term": "3", "negation": "affirmed", "UMLS": {}, "start": 35, "end": 36}, {"term": "6 days", "negation": "affirmed", "UMLS": {}, "start": 63, "end": 69}, {"term": "7", "negation": "affirmed", "UMLS": {}, "start": 87, "end": 88}, {"term": "10 days", "negation": "affirmed", "UMLS": {}, "start": 94, "end": 101}], "Count": []}, "Evidence Propositions": []}, {"Section": "RESULTS", "Text": "The rate of improvement in chest computed tomographic manifestations ( 83.8 % vs . 64.1 % , p < 0.001 ) and clinical cure ( 78.9 % vs . 66.2 % , p = 0.017 ) was also higher in treatment group .", "Evidence Elements": {"Participant": [], "Intervention": [], "Outcome": [{"term": "rate of improvement in chest computed tomographic manifestations", "negation": "affirmed", "UMLS": {}, "start": 4, "end": 68}, {"term": "clinical cure", "negation": "affirmed", "UMLS": {}, "start": 108, "end": 121}], "Observation": [{"term": "83.8 %", "negation": "affirmed", "UMLS": {}, "start": 71, "end": 77}, {"term": "64.1 %", "negation": "affirmed", "UMLS": {}, "start": 83, "end": 89}, {"term": "78.9 %", "negation": "affirmed", "UMLS": {}, "start": 124, "end": 130}, {"term": "66.2", "negation": "affirmed", "UMLS": {}, "start": 136, "end": 140}], "Count": []}, "Evidence Propositions": []}, {"Section": "RESULTS", "Text": "However , both groups did not differ in the rate of conversion to severe cases or viral assay findings ( both p > 0.05 ) .", "Evidence Elements": {"Participant": [], "Intervention": [{"term": "both groups", "negation": "affirmed", "UMLS": {}, "start": 10, "end": 21, "has_relation": "N/A"}], "Outcome": [{"term": "rate of conversion to severe cases", "negation": "negated", "UMLS": {}, "start": 44, "end": 78}, {"term": "viral assay findings", "negation": "negated", "UMLS": {}, "start": 82, "end": 102}], "Observation": [{"term": "differ", "negation": "negated", "UMLS": {}, "start": 30, "end": 36}], "Count": []}, "Evidence Propositions": [{"Intervention": {"term": "both groups", "has_relation": "N/A"}, "Observation": "differ", "Outcome": "rate of conversion to severe cases", "Count": ""}, {"Intervention": {"term": "both groups", "has_relation": "N/A"}, "Observation": "differ", "Outcome": "viral assay findings", "Count": ""}]}, {"Section": "RESULTS", "Text": "No serious adverse events were reported .", "Evidence Elements": {"Participant": [], "Intervention": [], "Outcome": [{"term": "serious adverse events", "negation": "negated", "UMLS": {}, "start": 3, "end": 25}], "Observation": [], "Count": [{"term": "No", "negation": "negated", "UMLS": {}, "start": 0, "end": 2}]}, "Evidence Propositions": []}, {"Section": "CONCLUSION", "Text": "In light of the safety and effectiveness profiles , LH capsules could be considered to ameliorate clinical symptoms of Covid-19 .", "Evidence Elements": {"Participant": [], "Intervention": [{"term": "LH capsules", "negation": "affirmed", "UMLS": {}, "start": 52, "end": 63, "has_chemical": [{"text": "lianhuaqingwen capsules", "maps_to": "C0006935:capsules", "start": 0, "end": 23, "has_form": ["capsules"], "has_frequency": ["daily"]}], "has_relation": "N/A"}], "Outcome": [{"term": "safety", "negation": "affirmed", "UMLS": {}, "start": 16, "end": 22}, {"term": "effectiveness profiles", "negation": "affirmed", "UMLS": {}, "start": 27, "end": 49}, {"term": "clinical symptoms", "negation": "affirmed", "UMLS": {}, "start": 98, "end": 115}], "Observation": [{"term": "ameliorate", "negation": "affirmed", "UMLS": {}, "start": 87, "end": 97}], "Count": []}, "Evidence Propositions": []}, {"Section": "UNKNOWN", "Text": "Copyright \u00a9 2020 .", "Evidence Elements": {"Participant": [], "Intervention": [], "Outcome": [], "Observation": [], "Count": []}, "Evidence Propositions": []}, {"Section": "UNKNOWN", "Text": "Published by Elsevier GmbH .", "Evidence Elements": {"Participant": [], "Intervention": [], "Outcome": [], "Observation": [], "Count": []}, "Evidence Propositions": []}]}